model,chain_position,ndcg@10,recall@10,precision@10,hit@10,mrr@10,ndcg@20,recall@20,precision@20,hit@20,mrr@20
BPR,0,0.0,0.0,0.0,0.0,0.0,0.0,0.0,0.0,0.0,0.0
BPR,1,0.0,0.0,0.0,0.0,0.0,0.0,0.0,0.0,0.0,0.0
BPR,2,0.0,0.0,0.0,0.0,0.0,0.0,0.0,0.0,0.0,0.0
BPR,3,0.0,0.0,0.0,0.0,0.0,0.0,0.0,0.0,0.0,0.0
BPR,4,0.0,0.0,0.0,0.0,0.0,0.0,0.0,0.0,0.0,0.0
BPR,5,0.0,0.0,0.0,0.0,0.0,0.0,0.0,0.0,0.0,0.0
BPR,6,0.0,0.0,0.0,0.0,0.0,0.0,0.0,0.0,0.0,0.0
BPR,7,0.0,0.0,0.0,0.0,0.0,0.0,0.0,0.0,0.0,0.0
BPR,8,0.0,0.0,0.0,0.0,0.0,0.0,0.0,0.0,0.0,0.0
BPR,9,0.0,0.0,0.0,0.0,0.0,0.0,0.0,0.0,0.0,0.0
BPR,10,0.0,0.0,0.0,0.0,0.0,0.0,0.0,0.0,0.0,0.0
BPR,11,0.0,0.0,0.0,0.0,0.0,0.0,0.0,0.0,0.0,0.0
BPR,12,0.0,0.0,0.0,0.0,0.0,0.0,0.0,0.0,0.0,0.0
BPR,13,0.0,0.0,0.0,0.0,0.0,0.0,0.0,0.0,0.0,0.0
BPR,14,0.0,0.0,0.0,0.0,0.0,0.0,0.0,0.0,0.0,0.0
BPR,15,0.0,0.0,0.0,0.0,0.0,0.0,0.0,0.0,0.0,0.0
BPR,16,0.0,0.0,0.0,0.0,0.0,0.0,0.0,0.0,0.0,0.0
BPR,17,0.0,0.0,0.0,0.0,0.0,0.0,0.0,0.0,0.0,0.0
BPR,18,0.0,0.0,0.0,0.0,0.0,0.0,0.0,0.0,0.0,0.0
BPR,19,0.0,0.0,0.0,0.0,0.0,0.0,0.0,0.0,0.0,0.0
BPR,20,0.0,0.0,0.0,0.0,0.0,0.0,0.0,0.0,0.0,0.0
BPR,21,0.0,0.0,0.0,0.0,0.0,0.0,0.0,0.0,0.0,0.0
BPR,22,0.0,0.0,0.0,0.0,0.0,0.0,0.0,0.0,0.0,0.0
BPR,23,0.0,0.0,0.0,0.0,0.0,0.0,0.0,0.0,0.0,0.0
BPR,24,0.0,0.0,0.0,0.0,0.0,0.0,0.0,0.0,0.0,0.0
BPR,25,0.0,0.0,0.0,0.0,0.0,0.0,0.0,0.0,0.0,0.0
BPR,26,0.0,0.0,0.0,0.0,0.0,0.0,0.0,0.0,0.0,0.0
BPR,27,0.0,0.0,0.0,0.0,0.0,0.0,0.0,0.0,0.0,0.0
BPR,28,0.0,0.0,0.0,0.0,0.0,0.0,0.0,0.0,0.0,0.0
BPR,29,0.0,0.0,0.0,0.0,0.0,0.0,0.0,0.0,0.0,0.0
BPR,30,0.0,0.0,0.0,0.0,0.0,0.0,0.0,0.0,0.0,0.0
BPR,31,0.0,0.0,0.0,0.0,0.0,0.0,0.0,0.0,0.0,0.0
BPR,32,0.0,0.0,0.0,0.0,0.0,0.0,0.0,0.0,0.0,0.0
BPR,33,0.0,0.0,0.0,0.0,0.0,0.0,0.0,0.0,0.0,0.0
BPR,34,0.0,0.0,0.0,0.0,0.0,0.0,0.0,0.0,0.0,0.0
BPR,35,0.0,0.0,0.0,0.0,0.0,0.0,0.0,0.0,0.0,0.0
BPR,36,0.0,0.0,0.0,0.0,0.0,0.0,0.0,0.0,0.0,0.0
BPR,37,0.0,0.0,0.0,0.0,0.0,0.0,0.0,0.0,0.0,0.0
BPR,38,0.0,0.0,0.0,0.0,0.0,0.0,0.0,0.0,0.0,0.0
BPR,39,0.0,0.0,0.0,0.0,0.0,0.0,0.0,0.0,0.0,0.0
BPR,40,0.0,0.0,0.0,0.0,0.0,0.0,0.0,0.0,0.0,0.0
BPR,41,0.0,0.0,0.0,0.0,0.0,0.0,0.0,0.0,0.0,0.0
BPR,42,0.0,0.0,0.0,0.0,0.0,0.0,0.0,0.0,0.0,0.0
BPR,43,0.0,0.0,0.0,0.0,0.0,0.0,0.0,0.0,0.0,0.0
BPR,44,0.0,0.0,0.0,0.0,0.0,0.0,0.0,0.0,0.0,0.0
BPR,45,0.0,0.0,0.0,0.0,0.0,0.0,0.0,0.0,0.0,0.0
BPR,46,0.0,0.0,0.0,0.0,0.0,0.0,0.0,0.0,0.0,0.0
BPR,47,0.0,0.0,0.0,0.0,0.0,0.0,0.0,0.0,0.0,0.0
BPR,48,0.0,0.0,0.0,0.0,0.0,0.0,0.0,0.0,0.0,0.0
BPR,49,0.0,0.0,0.0,0.0,0.0,0.0,0.0,0.0,0.0,0.0
BPR,50,0.0,0.0,0.0,0.0,0.0,0.0,0.0,0.0,0.0,0.0
BPR,51,0.0,0.0,0.0,0.0,0.0,0.0,0.0,0.0,0.0,0.0
BPR,52,0.0,0.0,0.0,0.0,0.0,0.0,0.0,0.0,0.0,0.0
BPR,53,0.0,0.0,0.0,0.0,0.0,0.0,0.0,0.0,0.0,0.0
BPR,54,0.0,0.0,0.0,0.0,0.0,0.0,0.0,0.0,0.0,0.0
BPR,55,0.0,0.0,0.0,0.0,0.0,0.0,0.0,0.0,0.0,0.0
BPR,56,0.0,0.0,0.0,0.0,0.0,0.0,0.0,0.0,0.0,0.0
BPR,57,0.0,0.0,0.0,0.0,0.0,0.0,0.0,0.0,0.0,0.0
BPR,58,0.0,0.0,0.0,0.0,0.0,0.0,0.0,0.0,0.0,0.0
BPR,59,0.0,0.0,0.0,0.0,0.0,0.0,0.0,0.0,0.0,0.0
BPR,60,0.0,0.0,0.0,0.0,0.0,0.0,0.0,0.0,0.0,0.0
BPR,61,0.0,0.0,0.0,0.0,0.0,0.0,0.0,0.0,0.0,0.0
BPR,62,0.43067655807339306,1.0,0.1,1.0,0.25,0.43067655807339306,1.0,0.05,1.0,0.25
BPR,63,0.0,0.0,0.0,0.0,0.0,0.0,0.0,0.0,0.0,0.0
BPR,64,0.0,0.0,0.0,0.0,0.0,0.0,0.0,0.0,0.0,0.0
BPR,65,0.0,0.0,0.0,0.0,0.0,0.0,0.0,0.0,0.0,0.0
BPR,66,0.0,0.0,0.0,0.0,0.0,0.0,0.0,0.0,0.0,0.0
BPR,67,0.0,0.0,0.0,0.0,0.0,0.0,0.0,0.0,0.0,0.0
BPR,68,0.0,0.0,0.0,0.0,0.0,0.0,0.0,0.0,0.0,0.0
BPR,69,0.0,0.0,0.0,0.0,0.0,0.0,0.0,0.0,0.0,0.0
BPR,70,0.0,0.0,0.0,0.0,0.0,0.0,0.0,0.0,0.0,0.0
BPR,71,0.0,0.0,0.0,0.0,0.0,0.0,0.0,0.0,0.0,0.0
BPR,72,0.0,0.0,0.0,0.0,0.0,0.0,0.0,0.0,0.0,0.0
BPR,73,0.0,0.0,0.0,0.0,0.0,0.0,0.0,0.0,0.0,0.0
BPR,74,0.0,0.0,0.0,0.0,0.0,0.0,0.0,0.0,0.0,0.0
BPR,75,0.0,0.0,0.0,0.0,0.0,0.0,0.0,0.0,0.0,0.0
BPR,76,0.0,0.0,0.0,0.0,0.0,0.0,0.0,0.0,0.0,0.0
BPR,77,0.0,0.0,0.0,0.0,0.0,0.0,0.0,0.0,0.0,0.0
BPR,78,0.0,0.0,0.0,0.0,0.0,0.0,0.0,0.0,0.0,0.0
BPR,79,0.0,0.0,0.0,0.0,0.0,0.0,0.0,0.0,0.0,0.0
BPR,80,0.0,0.0,0.0,0.0,0.0,0.0,0.0,0.0,0.0,0.0
BPR,81,0.0,0.0,0.0,0.0,0.0,0.0,0.0,0.0,0.0,0.0
BPR,82,0.0,0.0,0.0,0.0,0.0,0.0,0.0,0.0,0.0,0.0
BPR,83,0.0,0.0,0.0,0.0,0.0,0.0,0.0,0.0,0.0,0.0
BPR,84,0.0,0.0,0.0,0.0,0.0,0.0,0.0,0.0,0.0,0.0
BPR,85,0.0,0.0,0.0,0.0,0.0,0.0,0.0,0.0,0.0,0.0
BPR,86,0.0,0.0,0.0,0.0,0.0,0.0,0.0,0.0,0.0,0.0
BPR,87,0.0,0.0,0.0,0.0,0.0,0.0,0.0,0.0,0.0,0.0
BPR,88,0.0,0.0,0.0,0.0,0.0,0.0,0.0,0.0,0.0,0.0
BPR,89,0.0,0.0,0.0,0.0,0.0,0.0,0.0,0.0,0.0,0.0
BPR,90,0.0,0.0,0.0,0.0,0.0,0.0,0.0,0.0,0.0,0.0
BPR,91,0.0,0.0,0.0,0.0,0.0,0.0,0.0,0.0,0.0,0.0
BPR,92,0.0,0.0,0.0,0.0,0.0,0.0,0.0,0.0,0.0,0.0
BPR,93,0.0,0.0,0.0,0.0,0.0,0.0,0.0,0.0,0.0,0.0
BPR,94,0.0,0.0,0.0,0.0,0.0,0.0,0.0,0.0,0.0,0.0
BPR,95,0.0,0.0,0.0,0.0,0.0,0.0,0.0,0.0,0.0,0.0
BPR,96,0.0,0.0,0.0,0.0,0.0,0.0,0.0,0.0,0.0,0.0
BPR,97,0.0,0.0,0.0,0.0,0.0,0.0,0.0,0.0,0.0,0.0
BPR,98,0.0,0.0,0.0,0.0,0.0,0.0,0.0,0.0,0.0,0.0
BPR,99,0.0,0.0,0.0,0.0,0.0,0.0,0.0,0.0,0.0,0.0
BPR,100,0.0,0.0,0.0,0.0,0.0,0.0,0.0,0.0,0.0,0.0
BPR,101,0.0,0.0,0.0,0.0,0.0,0.0,0.0,0.0,0.0,0.0
BPR,102,0.0,0.0,0.0,0.0,0.0,0.0,0.0,0.0,0.0,0.0
BPR,103,0.0,0.0,0.0,0.0,0.0,0.0,0.0,0.0,0.0,0.0
BPR,104,0.0,0.0,0.0,0.0,0.0,0.0,0.0,0.0,0.0,0.0
BPR,105,0.0,0.0,0.0,0.0,0.0,0.0,0.0,0.0,0.0,0.0
BPR,106,0.0,0.0,0.0,0.0,0.0,0.0,0.0,0.0,0.0,0.0
BPR,107,0.0,0.0,0.0,0.0,0.0,0.0,0.0,0.0,0.0,0.0
BPR,108,0.0,0.0,0.0,0.0,0.0,0.0,0.0,0.0,0.0,0.0
BPR,109,0.0,0.0,0.0,0.0,0.0,0.0,0.0,0.0,0.0,0.0
BPR,110,0.0,0.0,0.0,0.0,0.0,0.0,0.0,0.0,0.0,0.0
BPR,111,0.0,0.0,0.0,0.0,0.0,0.0,0.0,0.0,0.0,0.0
BPR,112,0.0,0.0,0.0,0.0,0.0,0.0,0.0,0.0,0.0,0.0
BPR,113,0.0,0.0,0.0,0.0,0.0,0.0,0.0,0.0,0.0,0.0
BPR,114,0.0,0.0,0.0,0.0,0.0,0.0,0.0,0.0,0.0,0.0
BPR,115,0.0,0.0,0.0,0.0,0.0,0.0,0.0,0.0,0.0,0.0
BPR,116,0.0,0.0,0.0,0.0,0.0,0.0,0.0,0.0,0.0,0.0
BPR,117,0.0,0.0,0.0,0.0,0.0,0.0,0.0,0.0,0.0,0.0
BPR,118,0.0,0.0,0.0,0.0,0.0,0.0,0.0,0.0,0.0,0.0
BPR,119,0.0,0.0,0.0,0.0,0.0,0.0,0.0,0.0,0.0,0.0
BPR,120,0.0,0.0,0.0,0.0,0.0,0.0,0.0,0.0,0.0,0.0
BPR,121,0.0,0.0,0.0,0.0,0.0,0.0,0.0,0.0,0.0,0.0
BPR,122,0.0,0.0,0.0,0.0,0.0,0.0,0.0,0.0,0.0,0.0
BPR,123,0.0,0.0,0.0,0.0,0.0,0.0,0.0,0.0,0.0,0.0
BPR,124,0.0,0.0,0.0,0.0,0.0,0.0,0.0,0.0,0.0,0.0
BPR,125,0.0,0.0,0.0,0.0,0.0,0.0,0.0,0.0,0.0,0.0
BPR,126,0.0,0.0,0.0,0.0,0.0,0.0,0.0,0.0,0.0,0.0
BPR,127,0.0,0.0,0.0,0.0,0.0,0.0,0.0,0.0,0.0,0.0
BPR,128,0.0,0.0,0.0,0.0,0.0,0.0,0.0,0.0,0.0,0.0
BPR,129,0.0,0.0,0.0,0.0,0.0,0.0,0.0,0.0,0.0,0.0
BPR,130,0.0,0.0,0.0,0.0,0.0,0.0,0.0,0.0,0.0,0.0
BPR,131,0.0,0.0,0.0,0.0,0.0,0.0,0.0,0.0,0.0,0.0
BPR,132,0.0,0.0,0.0,0.0,0.0,0.0,0.0,0.0,0.0,0.0
BPR,133,0.0,0.0,0.0,0.0,0.0,0.0,0.0,0.0,0.0,0.0
BPR,134,0.0,0.0,0.0,0.0,0.0,0.0,0.0,0.0,0.0,0.0
BPR,135,0.0,0.0,0.0,0.0,0.0,0.0,0.0,0.0,0.0,0.0
BPR,136,0.0,0.0,0.0,0.0,0.0,0.0,0.0,0.0,0.0,0.0
BPR,137,0.0,0.0,0.0,0.0,0.0,0.0,0.0,0.0,0.0,0.0
BPR,138,0.0,0.0,0.0,0.0,0.0,0.0,0.0,0.0,0.0,0.0
BPR,139,0.0,0.0,0.0,0.0,0.0,0.0,0.0,0.0,0.0,0.0
BPR,140,0.0,0.0,0.0,0.0,0.0,0.0,0.0,0.0,0.0,0.0
BPR,141,0.0,0.0,0.0,0.0,0.0,0.0,0.0,0.0,0.0,0.0
BPR,142,0.0,0.0,0.0,0.0,0.0,0.0,0.0,0.0,0.0,0.0
BPR,143,0.0,0.0,0.0,0.0,0.0,0.0,0.0,0.0,0.0,0.0
BPR,144,0.0,0.0,0.0,0.0,0.0,0.0,0.0,0.0,0.0,0.0
BPR,145,0.0,0.0,0.0,0.0,0.0,0.0,0.0,0.0,0.0,0.0
BPR,146,0.0,0.0,0.0,0.0,0.0,0.0,0.0,0.0,0.0,0.0
BPR,147,0.0,0.0,0.0,0.0,0.0,0.0,0.0,0.0,0.0,0.0
BPR,148,0.0,0.0,0.0,0.0,0.0,0.0,0.0,0.0,0.0,0.0
BPR,149,0.0,0.0,0.0,0.0,0.0,0.0,0.0,0.0,0.0,0.0
BPR,150,0.0,0.0,0.0,0.0,0.0,0.0,0.0,0.0,0.0,0.0
BPR,151,0.0,0.0,0.0,0.0,0.0,0.0,0.0,0.0,0.0,0.0
BPR,152,0.0,0.0,0.0,0.0,0.0,0.0,0.0,0.0,0.0,0.0
BPR,153,0.0,0.0,0.0,0.0,0.0,0.0,0.0,0.0,0.0,0.0
BPR,154,0.0,0.0,0.0,0.0,0.0,0.0,0.0,0.0,0.0,0.0
BPR,155,0.0,0.0,0.0,0.0,0.0,0.0,0.0,0.0,0.0,0.0
BPR,156,0.0,0.0,0.0,0.0,0.0,0.0,0.0,0.0,0.0,0.0
BPR,157,0.0,0.0,0.0,0.0,0.0,0.0,0.0,0.0,0.0,0.0
BPR,158,0.0,0.0,0.0,0.0,0.0,0.0,0.0,0.0,0.0,0.0
BPR,159,0.0,0.0,0.0,0.0,0.0,0.0,0.0,0.0,0.0,0.0
BPR,160,0.0,0.0,0.0,0.0,0.0,0.0,0.0,0.0,0.0,0.0
BPR,161,0.0,0.0,0.0,0.0,0.0,0.0,0.0,0.0,0.0,0.0
BPR,162,0.0,0.0,0.0,0.0,0.0,0.0,0.0,0.0,0.0,0.0
BPR,163,0.0,0.0,0.0,0.0,0.0,0.0,0.0,0.0,0.0,0.0
BPR,164,0.0,0.0,0.0,0.0,0.0,0.0,0.0,0.0,0.0,0.0
BPR,165,0.0,0.0,0.0,0.0,0.0,0.0,0.0,0.0,0.0,0.0
BPR,166,0.0,0.0,0.0,0.0,0.0,0.0,0.0,0.0,0.0,0.0
BPR,167,0.0,0.0,0.0,0.0,0.0,0.0,0.0,0.0,0.0,0.0
BPR,168,0.0,0.0,0.0,0.0,0.0,0.0,0.0,0.0,0.0,0.0
BPR,169,0.0,0.0,0.0,0.0,0.0,0.0,0.0,0.0,0.0,0.0
BPR,170,0.0,0.0,0.0,0.0,0.0,0.26264953503719357,1.0,0.05,1.0,0.07692307692307693
BPR,171,0.0,0.0,0.0,0.0,0.0,0.0,0.0,0.0,0.0,0.0
BPR,172,0.0,0.0,0.0,0.0,0.0,0.0,0.0,0.0,0.0,0.0
BPR,173,0.0,0.0,0.0,0.0,0.0,0.0,0.0,0.0,0.0,0.0
BPR,174,0.0,0.0,0.0,0.0,0.0,0.0,0.0,0.0,0.0,0.0
BPR,175,0.0,0.0,0.0,0.0,0.0,0.0,0.0,0.0,0.0,0.0
BPR,176,0.0,0.0,0.0,0.0,0.0,0.0,0.0,0.0,0.0,0.0
BPR,177,0.0,0.0,0.0,0.0,0.0,0.0,0.0,0.0,0.0,0.0
BPR,178,0.0,0.0,0.0,0.0,0.0,0.0,0.0,0.0,0.0,0.0
BPR,179,0.0,0.0,0.0,0.0,0.0,0.0,0.0,0.0,0.0,0.0
BPR,180,0.0,0.0,0.0,0.0,0.0,0.0,0.0,0.0,0.0,0.0
BPR,181,0.0,0.0,0.0,0.0,0.0,0.0,0.0,0.0,0.0,0.0
BPR,182,0.0,0.0,0.0,0.0,0.0,0.0,0.0,0.0,0.0,0.0
BPR,183,0.0,0.0,0.0,0.0,0.0,0.0,0.0,0.0,0.0,0.0
BPR,184,0.0,0.0,0.0,0.0,0.0,0.0,0.0,0.0,0.0,0.0
BPR,185,0.0,0.0,0.0,0.0,0.0,0.0,0.0,0.0,0.0,0.0
BPR,186,0.0,0.0,0.0,0.0,0.0,0.0,0.0,0.0,0.0,0.0
BPR,187,0.0,0.0,0.0,0.0,0.0,0.0,0.0,0.0,0.0,0.0
BPR,188,0.0,0.0,0.0,0.0,0.0,0.0,0.0,0.0,0.0,0.0
BPR,189,0.0,0.0,0.0,0.0,0.0,0.0,0.0,0.0,0.0,0.0
BPR,190,0.0,0.0,0.0,0.0,0.0,0.0,0.0,0.0,0.0,0.0
BPR,191,0.0,0.0,0.0,0.0,0.0,0.0,0.0,0.0,0.0,0.0
BPR,192,0.0,0.0,0.0,0.0,0.0,0.0,0.0,0.0,0.0,0.0
BPR,193,0.0,0.0,0.0,0.0,0.0,0.0,0.0,0.0,0.0,0.0
BPR,194,0.0,0.0,0.0,0.0,0.0,0.227670248696953,1.0,0.05,1.0,0.05
BPR,195,0.0,0.0,0.0,0.0,0.0,0.0,0.0,0.0,0.0,0.0
BPR,196,0.0,0.0,0.0,0.0,0.0,0.0,0.0,0.0,0.0,0.0
BPR,197,0.0,0.0,0.0,0.0,0.0,0.0,0.0,0.0,0.0,0.0
BPR,198,0.0,0.0,0.0,0.0,0.0,0.0,0.0,0.0,0.0,0.0
BPR,199,0.0,0.0,0.0,0.0,0.0,0.0,0.0,0.0,0.0,0.0
BPR,200,0.0,0.0,0.0,0.0,0.0,0.0,0.0,0.0,0.0,0.0
BPR,201,0.0,0.0,0.0,0.0,0.0,0.0,0.0,0.0,0.0,0.0
BPR,202,0.0,0.0,0.0,0.0,0.0,0.0,0.0,0.0,0.0,0.0
BPR,203,0.0,0.0,0.0,0.0,0.0,0.0,0.0,0.0,0.0,0.0
BPR,204,0.0,0.0,0.0,0.0,0.0,0.0,0.0,0.0,0.0,0.0
BPR,205,0.0,0.0,0.0,0.0,0.0,0.0,0.0,0.0,0.0,0.0
BPR,206,0.0,0.0,0.0,0.0,0.0,0.0,0.0,0.0,0.0,0.0
BPR,207,0.0,0.0,0.0,0.0,0.0,0.0,0.0,0.0,0.0,0.0
BPR,208,0.0,0.0,0.0,0.0,0.0,0.0,0.0,0.0,0.0,0.0
BPR,209,0.0,0.0,0.0,0.0,0.0,0.0,0.0,0.0,0.0,0.0
BPR,210,0.0,0.0,0.0,0.0,0.0,0.0,0.0,0.0,0.0,0.0
BPR,211,0.0,0.0,0.0,0.0,0.0,0.0,0.0,0.0,0.0,0.0
BPR,212,0.0,0.0,0.0,0.0,0.0,0.0,0.0,0.0,0.0,0.0
BPR,213,0.0,0.0,0.0,0.0,0.0,0.0,0.0,0.0,0.0,0.0
BPR,214,0.0,0.0,0.0,0.0,0.0,0.0,0.0,0.0,0.0,0.0
BPR,215,0.0,0.0,0.0,0.0,0.0,0.0,0.0,0.0,0.0,0.0
BPR,216,0.0,0.0,0.0,0.0,0.0,0.0,0.0,0.0,0.0,0.0
BPR,217,0.0,0.0,0.0,0.0,0.0,0.0,0.0,0.0,0.0,0.0
BPR,218,0.0,0.0,0.0,0.0,0.0,0.0,0.0,0.0,0.0,0.0
BPR,219,0.0,0.0,0.0,0.0,0.0,0.0,0.0,0.0,0.0,0.0
BPR,220,0.0,0.0,0.0,0.0,0.0,0.0,0.0,0.0,0.0,0.0
BPR,221,0.0,0.0,0.0,0.0,0.0,0.0,0.0,0.0,0.0,0.0
BPR,222,0.0,0.0,0.0,0.0,0.0,0.0,0.0,0.0,0.0,0.0
BPR,223,0.0,0.0,0.0,0.0,0.0,0.0,0.0,0.0,0.0,0.0
BPR,224,0.0,0.0,0.0,0.0,0.0,0.0,0.0,0.0,0.0,0.0
BPR,225,0.0,0.0,0.0,0.0,0.0,0.0,0.0,0.0,0.0,0.0
BPR,226,0.0,0.0,0.0,0.0,0.0,0.0,0.0,0.0,0.0,0.0
BPR,227,0.0,0.0,0.0,0.0,0.0,0.0,0.0,0.0,0.0,0.0
BPR,228,0.0,0.0,0.0,0.0,0.0,0.0,0.0,0.0,0.0,0.0
BPR,229,0.0,0.0,0.0,0.0,0.0,0.0,0.0,0.0,0.0,0.0
BPR,230,0.0,0.0,0.0,0.0,0.0,0.0,0.0,0.0,0.0,0.0
BPR,231,0.0,0.0,0.0,0.0,0.0,0.0,0.0,0.0,0.0,0.0
BPR,232,0.0,0.0,0.0,0.0,0.0,0.0,0.0,0.0,0.0,0.0
BPR,233,0.0,0.0,0.0,0.0,0.0,0.0,0.0,0.0,0.0,0.0
BPR,234,0.0,0.0,0.0,0.0,0.0,0.0,0.0,0.0,0.0,0.0
BPR,235,0.0,0.0,0.0,0.0,0.0,0.0,0.0,0.0,0.0,0.0
BPR,236,0.0,0.0,0.0,0.0,0.0,0.0,0.0,0.0,0.0,0.0
BPR,237,0.0,0.0,0.0,0.0,0.0,0.0,0.0,0.0,0.0,0.0
BPR,238,0.0,0.0,0.0,0.0,0.0,0.0,0.0,0.0,0.0,0.0
BPR,239,0.0,0.0,0.0,0.0,0.0,0.0,0.0,0.0,0.0,0.0
BPR,240,0.0,0.0,0.0,0.0,0.0,0.0,0.0,0.0,0.0,0.0
BPR,241,0.0,0.0,0.0,0.0,0.0,0.0,0.0,0.0,0.0,0.0
BPR,242,0.0,0.0,0.0,0.0,0.0,0.0,0.0,0.0,0.0,0.0
BPR,243,0.0,0.0,0.0,0.0,0.0,0.0,0.0,0.0,0.0,0.0
BPR,244,0.0,0.0,0.0,0.0,0.0,0.0,0.0,0.0,0.0,0.0
BPR,245,0.0,0.0,0.0,0.0,0.0,0.0,0.0,0.0,0.0,0.0
BPR,246,0.0,0.0,0.0,0.0,0.0,0.0,0.0,0.0,0.0,0.0
BPR,247,0.0,0.0,0.0,0.0,0.0,0.0,0.0,0.0,0.0,0.0
BPR,248,0.0,0.0,0.0,0.0,0.0,0.0,0.0,0.0,0.0,0.0
BPR,249,0.0,0.0,0.0,0.0,0.0,0.0,0.0,0.0,0.0,0.0
BPR,250,0.0,0.0,0.0,0.0,0.0,0.0,0.0,0.0,0.0,0.0
BPR,251,0.0,0.0,0.0,0.0,0.0,0.0,0.0,0.0,0.0,0.0
BPR,252,0.0,0.0,0.0,0.0,0.0,0.0,0.0,0.0,0.0,0.0
BPR,253,0.0,0.0,0.0,0.0,0.0,0.0,0.0,0.0,0.0,0.0
BPR,254,0.0,0.0,0.0,0.0,0.0,0.0,0.0,0.0,0.0,0.0
BPR,255,0.0,0.0,0.0,0.0,0.0,0.0,0.0,0.0,0.0,0.0
BPR,256,0.0,0.0,0.0,0.0,0.0,0.0,0.0,0.0,0.0,0.0
BPR,257,0.0,0.0,0.0,0.0,0.0,0.0,0.0,0.0,0.0,0.0
BPR,258,0.0,0.0,0.0,0.0,0.0,0.0,0.0,0.0,0.0,0.0
BPR,259,0.0,0.0,0.0,0.0,0.0,0.0,0.0,0.0,0.0,0.0
BPR,260,0.0,0.0,0.0,0.0,0.0,0.0,0.0,0.0,0.0,0.0
BPR,261,0.0,0.0,0.0,0.0,0.0,0.0,0.0,0.0,0.0,0.0
BPR,262,0.0,0.0,0.0,0.0,0.0,0.0,0.0,0.0,0.0,0.0
BPR,263,0.0,0.0,0.0,0.0,0.0,0.0,0.0,0.0,0.0,0.0
BPR,264,0.0,0.0,0.0,0.0,0.0,0.0,0.0,0.0,0.0,0.0
BPR,265,0.0,0.0,0.0,0.0,0.0,0.0,0.0,0.0,0.0,0.0
BPR,266,0.0,0.0,0.0,0.0,0.0,0.0,0.0,0.0,0.0,0.0
BPR,267,0.0,0.0,0.0,0.0,0.0,0.0,0.0,0.0,0.0,0.0
BPR,268,0.0,0.0,0.0,0.0,0.0,0.0,0.0,0.0,0.0,0.0
BPR,269,0.0,0.0,0.0,0.0,0.0,0.0,0.0,0.0,0.0,0.0
BPR,270,0.0,0.0,0.0,0.0,0.0,0.0,0.0,0.0,0.0,0.0
BPR,271,0.0,0.0,0.0,0.0,0.0,0.0,0.0,0.0,0.0,0.0
BPR,272,0.0,0.0,0.0,0.0,0.0,0.0,0.0,0.0,0.0,0.0
BPR,273,0.0,0.0,0.0,0.0,0.0,0.0,0.0,0.0,0.0,0.0
BPR,274,0.0,0.0,0.0,0.0,0.0,0.0,0.0,0.0,0.0,0.0
BPR,275,0.0,0.0,0.0,0.0,0.0,0.0,0.0,0.0,0.0,0.0
BPR,276,0.0,0.0,0.0,0.0,0.0,0.0,0.0,0.0,0.0,0.0
BPR,277,0.0,0.0,0.0,0.0,0.0,0.0,0.0,0.0,0.0,0.0
BPR,278,0.0,0.0,0.0,0.0,0.0,0.0,0.0,0.0,0.0,0.0
BPR,279,0.0,0.0,0.0,0.0,0.0,0.0,0.0,0.0,0.0,0.0
BPR,280,0.0,0.0,0.0,0.0,0.0,0.0,0.0,0.0,0.0,0.0
BPR,281,0.0,0.0,0.0,0.0,0.0,0.0,0.0,0.0,0.0,0.0
BPR,282,0.0,0.0,0.0,0.0,0.0,0.0,0.0,0.0,0.0,0.0
BPR,283,0.0,0.0,0.0,0.0,0.0,0.0,0.0,0.0,0.0,0.0
BPR,284,0.0,0.0,0.0,0.0,0.0,0.0,0.0,0.0,0.0,0.0
BPR,285,0.0,0.0,0.0,0.0,0.0,0.0,0.0,0.0,0.0,0.0
BPR,286,0.0,0.0,0.0,0.0,0.0,0.0,0.0,0.0,0.0,0.0
BPR,287,0.0,0.0,0.0,0.0,0.0,0.0,0.0,0.0,0.0,0.0
BPR,288,0.0,0.0,0.0,0.0,0.0,0.0,0.0,0.0,0.0,0.0
BPR,289,0.0,0.0,0.0,0.0,0.0,0.0,0.0,0.0,0.0,0.0
BPR,290,0.0,0.0,0.0,0.0,0.0,0.0,0.0,0.0,0.0,0.0
BPR,291,0.0,0.0,0.0,0.0,0.0,0.0,0.0,0.0,0.0,0.0
BPR,292,0.0,0.0,0.0,0.0,0.0,0.0,0.0,0.0,0.0,0.0
BPR,293,0.0,0.0,0.0,0.0,0.0,0.0,0.0,0.0,0.0,0.0
BPR,294,0.0,0.0,0.0,0.0,0.0,0.0,0.0,0.0,0.0,0.0
BPR,295,0.0,0.0,0.0,0.0,0.0,0.0,0.0,0.0,0.0,0.0
BPR,296,0.0,0.0,0.0,0.0,0.0,0.0,0.0,0.0,0.0,0.0
BPR,297,0.0,0.0,0.0,0.0,0.0,0.0,0.0,0.0,0.0,0.0
BPR,298,0.0,0.0,0.0,0.0,0.0,0.0,0.0,0.0,0.0,0.0
BPR,299,0.0,0.0,0.0,0.0,0.0,0.0,0.0,0.0,0.0,0.0
BPR,300,0.0,0.0,0.0,0.0,0.0,0.0,0.0,0.0,0.0,0.0
BPR,301,0.0,0.0,0.0,0.0,0.0,0.0,0.0,0.0,0.0,0.0
BPR,302,0.0,0.0,0.0,0.0,0.0,0.0,0.0,0.0,0.0,0.0
BPR,303,0.0,0.0,0.0,0.0,0.0,0.0,0.0,0.0,0.0,0.0
BPR,304,0.0,0.0,0.0,0.0,0.0,0.0,0.0,0.0,0.0,0.0
BPR,305,0.0,0.0,0.0,0.0,0.0,0.0,0.0,0.0,0.0,0.0
BPR,306,0.0,0.0,0.0,0.0,0.0,0.0,0.0,0.0,0.0,0.0
BPR,307,0.0,0.0,0.0,0.0,0.0,0.0,0.0,0.0,0.0,0.0
BPR,308,0.0,0.0,0.0,0.0,0.0,0.0,0.0,0.0,0.0,0.0
BPR,309,0.0,0.0,0.0,0.0,0.0,0.0,0.0,0.0,0.0,0.0
BPR,310,0.0,0.0,0.0,0.0,0.0,0.0,0.0,0.0,0.0,0.0
BPR,311,0.0,0.0,0.0,0.0,0.0,0.0,0.0,0.0,0.0,0.0
BPR,312,0.0,0.0,0.0,0.0,0.0,0.0,0.0,0.0,0.0,0.0
BPR,313,0.0,0.0,0.0,0.0,0.0,0.0,0.0,0.0,0.0,0.0
BPR,314,0.0,0.0,0.0,0.0,0.0,0.0,0.0,0.0,0.0,0.0
BPR,315,0.0,0.0,0.0,0.0,0.0,0.0,0.0,0.0,0.0,0.0
BPR,316,0.0,0.0,0.0,0.0,0.0,0.0,0.0,0.0,0.0,0.0
BPR,317,0.0,0.0,0.0,0.0,0.0,0.0,0.0,0.0,0.0,0.0
BPR,318,0.0,0.0,0.0,0.0,0.0,0.0,0.0,0.0,0.0,0.0
BPR,319,0.0,0.0,0.0,0.0,0.0,0.0,0.0,0.0,0.0,0.0
BPR,320,0.0,0.0,0.0,0.0,0.0,0.0,0.0,0.0,0.0,0.0
BPR,321,0.0,0.0,0.0,0.0,0.0,0.0,0.0,0.0,0.0,0.0
BPR,322,0.0,0.0,0.0,0.0,0.0,0.0,0.0,0.0,0.0,0.0
BPR,323,0.0,0.0,0.0,0.0,0.0,0.0,0.0,0.0,0.0,0.0
BPR,324,0.0,0.0,0.0,0.0,0.0,0.0,0.0,0.0,0.0,0.0
BPR,325,0.0,0.0,0.0,0.0,0.0,0.0,0.0,0.0,0.0,0.0
BPR,326,0.0,0.0,0.0,0.0,0.0,0.0,0.0,0.0,0.0,0.0
BPR,327,0.0,0.0,0.0,0.0,0.0,0.0,0.0,0.0,0.0,0.0
BPR,328,0.0,0.0,0.0,0.0,0.0,0.0,0.0,0.0,0.0,0.0
BPR,329,0.0,0.0,0.0,0.0,0.0,0.0,0.0,0.0,0.0,0.0
BPR,330,0.0,0.0,0.0,0.0,0.0,0.0,0.0,0.0,0.0,0.0
BPR,331,0.0,0.0,0.0,0.0,0.0,0.0,0.0,0.0,0.0,0.0
BPR,332,0.0,0.0,0.0,0.0,0.0,0.0,0.0,0.0,0.0,0.0
BPR,333,0.0,0.0,0.0,0.0,0.0,0.0,0.0,0.0,0.0,0.0
BPR,334,0.0,0.0,0.0,0.0,0.0,0.0,0.0,0.0,0.0,0.0
BPR,335,0.0,0.0,0.0,0.0,0.0,0.0,0.0,0.0,0.0,0.0
BPR,336,0.0,0.0,0.0,0.0,0.0,0.0,0.0,0.0,0.0,0.0
BPR,337,0.0,0.0,0.0,0.0,0.0,0.0,0.0,0.0,0.0,0.0
BPR,338,0.0,0.0,0.0,0.0,0.0,0.0,0.0,0.0,0.0,0.0
BPR,339,0.0,0.0,0.0,0.0,0.0,0.0,0.0,0.0,0.0,0.0
BPR,340,0.0,0.0,0.0,0.0,0.0,0.0,0.0,0.0,0.0,0.0
BPR,341,0.0,0.0,0.0,0.0,0.0,0.0,0.0,0.0,0.0,0.0
BPR,342,0.0,0.0,0.0,0.0,0.0,0.0,0.0,0.0,0.0,0.0
BPR,343,0.0,0.0,0.0,0.0,0.0,0.0,0.0,0.0,0.0,0.0
BPR,344,0.0,0.0,0.0,0.0,0.0,0.0,0.0,0.0,0.0,0.0
BPR,345,0.0,0.0,0.0,0.0,0.0,0.0,0.0,0.0,0.0,0.0
BPR,346,0.0,0.0,0.0,0.0,0.0,0.0,0.0,0.0,0.0,0.0
BPR,347,0.0,0.0,0.0,0.0,0.0,0.0,0.0,0.0,0.0,0.0
BPR,348,0.0,0.0,0.0,0.0,0.0,0.0,0.0,0.0,0.0,0.0
BPR,349,0.0,0.0,0.0,0.0,0.0,0.0,0.0,0.0,0.0,0.0
BPR,350,0.14126697285982898,0.3333333333333333,0.1,1.0,0.1111111111111111,0.14126697285982898,0.3333333333333333,0.05,1.0,0.1111111111111111
BPR,351,0.0,0.0,0.0,0.0,0.0,0.0,0.0,0.0,0.0,0.0
BPR,352,0.0,0.0,0.0,0.0,0.0,0.0,0.0,0.0,0.0,0.0
BPR,353,0.0,0.0,0.0,0.0,0.0,0.0,0.0,0.0,0.0,0.0
BPR,354,0.0,0.0,0.0,0.0,0.0,0.0,0.0,0.0,0.0,0.0
BPR,355,0.0,0.0,0.0,0.0,0.0,0.0,0.0,0.0,0.0,0.0
BPR,356,0.0,0.0,0.0,0.0,0.0,0.0,0.0,0.0,0.0,0.0
BPR,357,0.0,0.0,0.0,0.0,0.0,0.0,0.0,0.0,0.0,0.0
BPR,358,0.0,0.0,0.0,0.0,0.0,0.0,0.0,0.0,0.0,0.0
BPR,359,0.0,0.0,0.0,0.0,0.0,0.0,0.0,0.0,0.0,0.0
BPR,360,0.0,0.0,0.0,0.0,0.0,0.0,0.0,0.0,0.0,0.0
BPR,361,0.0,0.0,0.0,0.0,0.0,0.0,0.0,0.0,0.0,0.0
BPR,362,0.0,0.0,0.0,0.0,0.0,0.0,0.0,0.0,0.0,0.0
BPR,363,0.0,0.0,0.0,0.0,0.0,0.0,0.0,0.0,0.0,0.0
BPR,364,0.0,0.0,0.0,0.0,0.0,0.0,0.0,0.0,0.0,0.0
BPR,365,0.0,0.0,0.0,0.0,0.0,0.0,0.0,0.0,0.0,0.0
BPR,366,0.0,0.0,0.0,0.0,0.0,0.0,0.0,0.0,0.0,0.0
BPR,367,0.0,0.0,0.0,0.0,0.0,0.0,0.0,0.0,0.0,0.0
BPR,368,0.0,0.0,0.0,0.0,0.0,0.0,0.0,0.0,0.0,0.0
BPR,369,0.0,0.0,0.0,0.0,0.0,0.0,0.0,0.0,0.0,0.0
BPR,370,0.0,0.0,0.0,0.0,0.0,0.0,0.0,0.0,0.0,0.0
BPR,371,0.0,0.0,0.0,0.0,0.0,0.0,0.0,0.0,0.0,0.0
BPR,372,0.0,0.0,0.0,0.0,0.0,0.0,0.0,0.0,0.0,0.0
BPR,373,0.0,0.0,0.0,0.0,0.0,0.0,0.0,0.0,0.0,0.0
BPR,374,0.0,0.0,0.0,0.0,0.0,0.0,0.0,0.0,0.0,0.0
BPR,375,0.0,0.0,0.0,0.0,0.0,0.0,0.0,0.0,0.0,0.0
BPR,376,0.0,0.0,0.0,0.0,0.0,0.0,0.0,0.0,0.0,0.0
BPR,377,0.0,0.0,0.0,0.0,0.0,0.0,0.0,0.0,0.0,0.0
BPR,378,0.0,0.0,0.0,0.0,0.0,0.0,0.0,0.0,0.0,0.0
BPR,379,0.0,0.0,0.0,0.0,0.0,0.0,0.0,0.0,0.0,0.0
BPR,380,0.0,0.0,0.0,0.0,0.0,0.0,0.0,0.0,0.0,0.0
BPR,381,0.0,0.0,0.0,0.0,0.0,0.0,0.0,0.0,0.0,0.0
BPR,382,0.0,0.0,0.0,0.0,0.0,0.0,0.0,0.0,0.0,0.0
BPR,383,0.0,0.0,0.0,0.0,0.0,0.0,0.0,0.0,0.0,0.0
BPR,384,0.0,0.0,0.0,0.0,0.0,0.0,0.0,0.0,0.0,0.0
BPR,385,0.0,0.0,0.0,0.0,0.0,0.0,0.0,0.0,0.0,0.0
BPR,386,0.0,0.0,0.0,0.0,0.0,0.0,0.0,0.0,0.0,0.0
BPR,387,0.0,0.0,0.0,0.0,0.0,0.0,0.0,0.0,0.0,0.0
BPR,388,0.0,0.0,0.0,0.0,0.0,0.0,0.0,0.0,0.0,0.0
BPR,389,0.0,0.0,0.0,0.0,0.0,0.0,0.0,0.0,0.0,0.0
BPR,390,0.0,0.0,0.0,0.0,0.0,0.0,0.0,0.0,0.0,0.0
BPR,391,0.0,0.0,0.0,0.0,0.0,0.0,0.0,0.0,0.0,0.0
BPR,392,0.0,0.0,0.0,0.0,0.0,0.0,0.0,0.0,0.0,0.0
BPR,393,0.0,0.0,0.0,0.0,0.0,0.0,0.0,0.0,0.0,0.0
BPR,394,0.0,0.0,0.0,0.0,0.0,0.0,0.0,0.0,0.0,0.0
BPR,395,0.0,0.0,0.0,0.0,0.0,0.0,0.0,0.0,0.0,0.0
BPR,396,0.0,0.0,0.0,0.0,0.0,0.0,0.0,0.0,0.0,0.0
BPR,397,0.0,0.0,0.0,0.0,0.0,0.0,0.0,0.0,0.0,0.0
BPR,398,0.0,0.0,0.0,0.0,0.0,0.0,0.0,0.0,0.0,0.0
BPR,399,0.0,0.0,0.0,0.0,0.0,0.0,0.0,0.0,0.0,0.0
BPR,400,0.0,0.0,0.0,0.0,0.0,0.0,0.0,0.0,0.0,0.0
BPR,401,0.0,0.0,0.0,0.0,0.0,0.0,0.0,0.0,0.0,0.0
BPR,402,0.0,0.0,0.0,0.0,0.0,0.0,0.0,0.0,0.0,0.0
BPR,403,0.0,0.0,0.0,0.0,0.0,0.0,0.0,0.0,0.0,0.0
BPR,404,0.0,0.0,0.0,0.0,0.0,0.0,0.0,0.0,0.0,0.0
BPR,405,0.0,0.0,0.0,0.0,0.0,0.0,0.0,0.0,0.0,0.0
BPR,406,0.0,0.0,0.0,0.0,0.0,0.0,0.0,0.0,0.0,0.0
BPR,407,0.0,0.0,0.0,0.0,0.0,0.0,0.0,0.0,0.0,0.0
BPR,408,0.0,0.0,0.0,0.0,0.0,0.0,0.0,0.0,0.0,0.0
BPR,409,0.0,0.0,0.0,0.0,0.0,0.0,0.0,0.0,0.0,0.0
BPR,410,0.0,0.0,0.0,0.0,0.0,0.0,0.0,0.0,0.0,0.0
BPR,411,0.13565197343244778,0.3333333333333333,0.1,1.0,0.1,0.13565197343244778,0.3333333333333333,0.05,1.0,0.1
BPR,412,0.0,0.0,0.0,0.0,0.0,0.0,0.0,0.0,0.0,0.0
BPR,413,0.0,0.0,0.0,0.0,0.0,0.0,0.0,0.0,0.0,0.0
BPR,414,0.0,0.0,0.0,0.0,0.0,0.0,0.0,0.0,0.0,0.0
BPR,415,0.0,0.0,0.0,0.0,0.0,0.0,0.0,0.0,0.0,0.0
BPR,416,0.0,0.0,0.0,0.0,0.0,0.0,0.0,0.0,0.0,0.0
BPR,417,0.0,0.0,0.0,0.0,0.0,0.0,0.0,0.0,0.0,0.0
BPR,418,0.0,0.0,0.0,0.0,0.0,0.0,0.0,0.0,0.0,0.0
BPR,419,0.0,0.0,0.0,0.0,0.0,0.0,0.0,0.0,0.0,0.0
BPR,420,0.0,0.0,0.0,0.0,0.0,0.0,0.0,0.0,0.0,0.0
BPR,421,0.0,0.0,0.0,0.0,0.0,0.0,0.0,0.0,0.0,0.0
BPR,422,0.0,0.0,0.0,0.0,0.0,0.0,0.0,0.0,0.0,0.0
BPR,423,0.0,0.0,0.0,0.0,0.0,0.0,0.0,0.0,0.0,0.0
BPR,424,0.0,0.0,0.0,0.0,0.0,0.0,0.0,0.0,0.0,0.0
BPR,425,0.0,0.0,0.0,0.0,0.0,0.0,0.0,0.0,0.0,0.0
BPR,426,0.0,0.0,0.0,0.0,0.0,0.0,0.0,0.0,0.0,0.0
BPR,427,0.0,0.0,0.0,0.0,0.0,0.0,0.0,0.0,0.0,0.0
BPR,428,0.0,0.0,0.0,0.0,0.0,0.0,0.0,0.0,0.0,0.0
BPR,429,0.0,0.0,0.0,0.0,0.0,0.0,0.0,0.0,0.0,0.0
BPR,430,0.0,0.0,0.0,0.0,0.0,0.0,0.0,0.0,0.0,0.0
BPR,431,0.0,0.0,0.0,0.0,0.0,0.0,0.0,0.0,0.0,0.0
BPR,432,0.0,0.0,0.0,0.0,0.0,0.0,0.0,0.0,0.0,0.0
BPR,433,0.0,0.0,0.0,0.0,0.0,0.0,0.0,0.0,0.0,0.0
BPR,434,0.0,0.0,0.0,0.0,0.0,0.0,0.0,0.0,0.0,0.0
BPR,435,0.0,0.0,0.0,0.0,0.0,0.0,0.0,0.0,0.0,0.0
BPR,436,0.0,0.0,0.0,0.0,0.0,0.0,0.0,0.0,0.0,0.0
BPR,437,0.0,0.0,0.0,0.0,0.0,0.0,0.0,0.0,0.0,0.0
BPR,438,0.0,0.0,0.0,0.0,0.0,0.0,0.0,0.0,0.0,0.0
BPR,439,0.0,0.0,0.0,0.0,0.0,0.0,0.0,0.0,0.0,0.0
BPR,440,0.0,0.0,0.0,0.0,0.0,0.0,0.0,0.0,0.0,0.0
BPR,441,0.0,0.0,0.0,0.0,0.0,0.0,0.0,0.0,0.0,0.0
BPR,442,0.0,0.0,0.0,0.0,0.0,0.0,0.0,0.0,0.0,0.0
BPR,443,0.0,0.0,0.0,0.0,0.0,0.0,0.0,0.0,0.0,0.0
BPR,444,0.0,0.0,0.0,0.0,0.0,0.0,0.0,0.0,0.0,0.0
BPR,445,0.0,0.0,0.0,0.0,0.0,0.0,0.0,0.0,0.0,0.0
BPR,446,0.0,0.0,0.0,0.0,0.0,0.0,0.0,0.0,0.0,0.0
BPR,447,0.0,0.0,0.0,0.0,0.0,0.0,0.0,0.0,0.0,0.0
BPR,448,0.0,0.0,0.0,0.0,0.0,0.0,0.0,0.0,0.0,0.0
BPR,449,0.0,0.0,0.0,0.0,0.0,0.0,0.0,0.0,0.0,0.0
BPR,450,0.0,0.0,0.0,0.0,0.0,0.0,0.0,0.0,0.0,0.0
BPR,451,0.0,0.0,0.0,0.0,0.0,0.0,0.0,0.0,0.0,0.0
BPR,452,0.0,0.0,0.0,0.0,0.0,0.0,0.0,0.0,0.0,0.0
BPR,453,0.0,0.0,0.0,0.0,0.0,0.0,0.0,0.0,0.0,0.0
BPR,454,0.0,0.0,0.0,0.0,0.0,0.0,0.0,0.0,0.0,0.0
BPR,455,0.0,0.0,0.0,0.0,0.0,0.0,0.0,0.0,0.0,0.0
BPR,456,0.0,0.0,0.0,0.0,0.0,0.0,0.0,0.0,0.0,0.0
BPR,457,0.0,0.0,0.0,0.0,0.0,0.0,0.0,0.0,0.0,0.0
BPR,458,0.0,0.0,0.0,0.0,0.0,0.0,0.0,0.0,0.0,0.0
BPR,459,0.0,0.0,0.0,0.0,0.0,0.0,0.0,0.0,0.0,0.0
BPR,460,0.0,0.0,0.0,0.0,0.0,0.0,0.0,0.0,0.0,0.0
BPR,461,0.0,0.0,0.0,0.0,0.0,0.0,0.0,0.0,0.0,0.0
BPR,462,0.0,0.0,0.0,0.0,0.0,0.0,0.0,0.0,0.0,0.0
BPR,463,0.0,0.0,0.0,0.0,0.0,0.0,0.0,0.0,0.0,0.0
BPR,464,0.0,0.0,0.0,0.0,0.0,0.0,0.0,0.0,0.0,0.0
BPR,465,0.0,0.0,0.0,0.0,0.0,0.0,0.0,0.0,0.0,0.0
BPR,466,0.0,0.0,0.0,0.0,0.0,0.0,0.0,0.0,0.0,0.0
BPR,467,0.0,0.0,0.0,0.0,0.0,0.0,0.0,0.0,0.0,0.0
BPR,468,0.0,0.0,0.0,0.0,0.0,0.0,0.0,0.0,0.0,0.0
BPR,469,0.0,0.0,0.0,0.0,0.0,0.0,0.0,0.0,0.0,0.0
BPR,470,0.0,0.0,0.0,0.0,0.0,0.0,0.0,0.0,0.0,0.0
BPR,471,0.0,0.0,0.0,0.0,0.0,0.0,0.0,0.0,0.0,0.0
BPR,472,0.0,0.0,0.0,0.0,0.0,0.0,0.0,0.0,0.0,0.0
BPR,473,0.0,0.0,0.0,0.0,0.0,0.0,0.0,0.0,0.0,0.0
BPR,474,0.0,0.0,0.0,0.0,0.0,0.0,0.0,0.0,0.0,0.0
BPR,475,0.0,0.0,0.0,0.0,0.0,0.0,0.0,0.0,0.0,0.0
BPR,476,0.0,0.0,0.0,0.0,0.0,0.0,0.0,0.0,0.0,0.0
BPR,477,0.0,0.0,0.0,0.0,0.0,0.0,0.0,0.0,0.0,0.0
BPR,478,0.0,0.0,0.0,0.0,0.0,0.0,0.0,0.0,0.0,0.0
BPR,479,0.0,0.0,0.0,0.0,0.0,0.0,0.0,0.0,0.0,0.0
BPR,480,0.0,0.0,0.0,0.0,0.0,0.0,0.0,0.0,0.0,0.0
BPR,481,0.0,0.0,0.0,0.0,0.0,0.0,0.0,0.0,0.0,0.0
BPR,482,0.0,0.0,0.0,0.0,0.0,0.0,0.0,0.0,0.0,0.0
BPR,483,0.0,0.0,0.0,0.0,0.0,0.0,0.0,0.0,0.0,0.0
BPR,484,0.0,0.0,0.0,0.0,0.0,0.0,0.0,0.0,0.0,0.0
BPR,485,0.0,0.0,0.0,0.0,0.0,0.0,0.0,0.0,0.0,0.0
BPR,486,0.0,0.0,0.0,0.0,0.0,0.0,0.0,0.0,0.0,0.0
BPR,487,0.0,0.0,0.0,0.0,0.0,0.0,0.0,0.0,0.0,0.0
BPR,488,0.0,0.0,0.0,0.0,0.0,0.0,0.0,0.0,0.0,0.0
BPR,489,0.0,0.0,0.0,0.0,0.0,0.0,0.0,0.0,0.0,0.0
BPR,490,0.0,0.0,0.0,0.0,0.0,0.0,0.0,0.0,0.0,0.0
BPR,491,0.0,0.0,0.0,0.0,0.0,0.0,0.0,0.0,0.0,0.0
BPR,492,0.0,0.0,0.0,0.0,0.0,0.0,0.0,0.0,0.0,0.0
BPR,493,0.0,0.0,0.0,0.0,0.0,0.0,0.0,0.0,0.0,0.0
BPR,494,0.0,0.0,0.0,0.0,0.0,0.0,0.0,0.0,0.0,0.0
BPR,495,0.0,0.0,0.0,0.0,0.0,0.0,0.0,0.0,0.0,0.0
BPR,496,0.0,0.0,0.0,0.0,0.0,0.0,0.0,0.0,0.0,0.0
BPR,497,0.0,0.0,0.0,0.0,0.0,0.0,0.0,0.0,0.0,0.0
BPR,498,0.0,0.0,0.0,0.0,0.0,0.0,0.0,0.0,0.0,0.0
BPR,499,0.0,0.0,0.0,0.0,0.0,0.0,0.0,0.0,0.0,0.0
LightGCN,0,1.0,1.0,0.1,1.0,1.0,1.0,1.0,0.05,1.0,1.0
LightGCN,1,1.0,1.0,0.1,1.0,1.0,1.0,1.0,0.05,1.0,1.0
LightGCN,2,1.0,1.0,0.1,1.0,1.0,1.0,1.0,0.05,1.0,1.0
LightGCN,3,1.0,1.0,0.1,1.0,1.0,1.0,1.0,0.05,1.0,1.0
LightGCN,4,1.0,1.0,0.1,1.0,1.0,1.0,1.0,0.05,1.0,1.0
LightGCN,5,1.0,1.0,0.1,1.0,1.0,1.0,1.0,0.05,1.0,1.0
LightGCN,6,1.0,1.0,0.1,1.0,1.0,1.0,1.0,0.05,1.0,1.0
LightGCN,7,1.0,1.0,0.1,1.0,1.0,1.0,1.0,0.05,1.0,1.0
LightGCN,8,1.0,1.0,0.1,1.0,1.0,1.0,1.0,0.05,1.0,1.0
LightGCN,9,1.0,1.0,0.1,1.0,1.0,1.0,1.0,0.05,1.0,1.0
LightGCN,10,1.0,1.0,0.1,1.0,1.0,1.0,1.0,0.05,1.0,1.0
LightGCN,11,1.0,1.0,0.1,1.0,1.0,1.0,1.0,0.05,1.0,1.0
LightGCN,12,1.0,1.0,0.1,1.0,1.0,1.0,1.0,0.05,1.0,1.0
LightGCN,13,1.0,1.0,0.1,1.0,1.0,1.0,1.0,0.05,1.0,1.0
LightGCN,14,1.0,1.0,0.1,1.0,1.0,1.0,1.0,0.05,1.0,1.0
LightGCN,15,1.0,1.0,0.1,1.0,1.0,1.0,1.0,0.05,1.0,1.0
LightGCN,16,0.6309297535714575,1.0,0.1,1.0,0.5,0.6309297535714575,1.0,0.05,1.0,0.5
LightGCN,17,1.0,1.0,0.1,1.0,1.0,1.0,1.0,0.05,1.0,1.0
LightGCN,18,1.0,1.0,0.1,1.0,1.0,1.0,1.0,0.05,1.0,1.0
LightGCN,19,1.0,1.0,0.1,1.0,1.0,1.0,1.0,0.05,1.0,1.0
LightGCN,20,1.0,1.0,0.1,1.0,1.0,1.0,1.0,0.05,1.0,1.0
LightGCN,21,0.5,1.0,0.1,1.0,0.3333333333333333,0.5,1.0,0.05,1.0,0.3333333333333333
LightGCN,22,1.0,1.0,0.1,1.0,1.0,1.0,1.0,0.05,1.0,1.0
LightGCN,23,1.0,1.0,0.1,1.0,1.0,1.0,1.0,0.05,1.0,1.0
LightGCN,24,1.0,1.0,0.1,1.0,1.0,1.0,1.0,0.05,1.0,1.0
LightGCN,25,1.0,1.0,0.1,1.0,1.0,1.0,1.0,0.05,1.0,1.0
LightGCN,26,1.0,1.0,0.1,1.0,1.0,1.0,1.0,0.05,1.0,1.0
LightGCN,27,0.3333333333333333,1.0,0.1,1.0,0.14285714285714285,0.3333333333333333,1.0,0.05,1.0,0.14285714285714285
LightGCN,28,0.3333333333333333,1.0,0.1,1.0,0.14285714285714285,0.3333333333333333,1.0,0.05,1.0,0.14285714285714285
LightGCN,29,1.0,1.0,0.1,1.0,1.0,1.0,1.0,0.05,1.0,1.0
LightGCN,30,1.0,1.0,0.1,1.0,1.0,1.0,1.0,0.05,1.0,1.0
LightGCN,31,1.0,1.0,0.1,1.0,1.0,1.0,1.0,0.05,1.0,1.0
LightGCN,32,1.0,1.0,0.1,1.0,1.0,1.0,1.0,0.05,1.0,1.0
LightGCN,33,1.0,1.0,0.1,1.0,1.0,1.0,1.0,0.05,1.0,1.0
LightGCN,34,1.0,1.0,0.1,1.0,1.0,1.0,1.0,0.05,1.0,1.0
LightGCN,35,1.0,1.0,0.1,1.0,1.0,1.0,1.0,0.05,1.0,1.0
LightGCN,36,1.0,1.0,0.1,1.0,1.0,1.0,1.0,0.05,1.0,1.0
LightGCN,37,1.0,1.0,0.1,1.0,1.0,1.0,1.0,0.05,1.0,1.0
LightGCN,38,1.0,1.0,0.1,1.0,1.0,1.0,1.0,0.05,1.0,1.0
LightGCN,39,1.0,1.0,0.1,1.0,1.0,1.0,1.0,0.05,1.0,1.0
LightGCN,40,0.31546487678572877,1.0,0.1,1.0,0.125,0.31546487678572877,1.0,0.05,1.0,0.125
LightGCN,41,1.0,1.0,0.1,1.0,1.0,1.0,1.0,0.05,1.0,1.0
LightGCN,42,1.0,1.0,0.1,1.0,1.0,1.0,1.0,0.05,1.0,1.0
LightGCN,43,1.0,1.0,0.1,1.0,1.0,1.0,1.0,0.05,1.0,1.0
LightGCN,44,1.0,1.0,0.1,1.0,1.0,1.0,1.0,0.05,1.0,1.0
LightGCN,45,1.0,1.0,0.1,1.0,1.0,1.0,1.0,0.05,1.0,1.0
LightGCN,46,1.0,1.0,0.1,1.0,1.0,1.0,1.0,0.05,1.0,1.0
LightGCN,47,0.5,1.0,0.1,1.0,0.3333333333333333,0.5,1.0,0.05,1.0,0.3333333333333333
LightGCN,48,1.0,1.0,0.1,1.0,1.0,1.0,1.0,0.05,1.0,1.0
LightGCN,49,0.43067655807339306,1.0,0.1,1.0,0.25,0.43067655807339306,1.0,0.05,1.0,0.25
LightGCN,50,1.0,1.0,0.1,1.0,1.0,1.0,1.0,0.05,1.0,1.0
LightGCN,51,1.0,1.0,0.1,1.0,1.0,1.0,1.0,0.05,1.0,1.0
LightGCN,52,1.0,1.0,0.1,1.0,1.0,1.0,1.0,0.05,1.0,1.0
LightGCN,53,1.0,1.0,0.1,1.0,1.0,1.0,1.0,0.05,1.0,1.0
LightGCN,54,1.0,1.0,0.1,1.0,1.0,1.0,1.0,0.05,1.0,1.0
LightGCN,55,1.0,1.0,0.1,1.0,1.0,1.0,1.0,0.05,1.0,1.0
LightGCN,56,1.0,1.0,0.1,1.0,1.0,1.0,1.0,0.05,1.0,1.0
LightGCN,57,1.0,1.0,0.1,1.0,1.0,1.0,1.0,0.05,1.0,1.0
LightGCN,58,1.0,1.0,0.1,1.0,1.0,1.0,1.0,0.05,1.0,1.0
LightGCN,59,1.0,1.0,0.1,1.0,1.0,1.0,1.0,0.05,1.0,1.0
LightGCN,60,1.0,1.0,0.1,1.0,1.0,1.0,1.0,0.05,1.0,1.0
LightGCN,61,0.0,0.0,0.0,0.0,0.0,0.25,1.0,0.05,1.0,0.06666666666666667
LightGCN,62,1.0,1.0,0.1,1.0,1.0,1.0,1.0,0.05,1.0,1.0
LightGCN,63,1.0,1.0,0.1,1.0,1.0,1.0,1.0,0.05,1.0,1.0
LightGCN,64,1.0,1.0,0.1,1.0,1.0,1.0,1.0,0.05,1.0,1.0
LightGCN,65,1.0,1.0,0.1,1.0,1.0,1.0,1.0,0.05,1.0,1.0
LightGCN,66,1.0,1.0,0.1,1.0,1.0,1.0,1.0,0.05,1.0,1.0
LightGCN,67,1.0,1.0,0.1,1.0,1.0,1.0,1.0,0.05,1.0,1.0
LightGCN,68,0.0,0.0,0.0,0.0,0.0,0.0,0.0,0.0,0.0,0.0
LightGCN,69,0.38685280723454163,1.0,0.1,1.0,0.2,0.38685280723454163,1.0,0.05,1.0,0.2
LightGCN,70,1.0,1.0,0.1,1.0,1.0,1.0,1.0,0.05,1.0,1.0
LightGCN,71,1.0,1.0,0.1,1.0,1.0,1.0,1.0,0.05,1.0,1.0
LightGCN,72,1.0,1.0,0.1,1.0,1.0,1.0,1.0,0.05,1.0,1.0
LightGCN,73,1.0,1.0,0.1,1.0,1.0,1.0,1.0,0.05,1.0,1.0
LightGCN,74,1.0,1.0,0.1,1.0,1.0,1.0,1.0,0.05,1.0,1.0
LightGCN,75,1.0,1.0,0.1,1.0,1.0,1.0,1.0,0.05,1.0,1.0
LightGCN,76,1.0,1.0,0.1,1.0,1.0,1.0,1.0,0.05,1.0,1.0
LightGCN,77,1.0,1.0,0.1,1.0,1.0,1.0,1.0,0.05,1.0,1.0
LightGCN,78,1.0,1.0,0.1,1.0,1.0,1.0,1.0,0.05,1.0,1.0
LightGCN,79,1.0,1.0,0.1,1.0,1.0,1.0,1.0,0.05,1.0,1.0
LightGCN,80,1.0,1.0,0.1,1.0,1.0,1.0,1.0,0.05,1.0,1.0
LightGCN,81,0.8315546295836225,1.0,0.2,1.0,1.0,0.8315546295836225,1.0,0.1,1.0,1.0
LightGCN,82,1.0,1.0,0.1,1.0,1.0,1.0,1.0,0.05,1.0,1.0
LightGCN,83,0.6309297535714575,1.0,0.1,1.0,0.5,0.6309297535714575,1.0,0.05,1.0,0.5
LightGCN,84,1.0,1.0,0.1,1.0,1.0,1.0,1.0,0.05,1.0,1.0
LightGCN,85,1.0,1.0,0.1,1.0,1.0,1.0,1.0,0.05,1.0,1.0
LightGCN,86,1.0,1.0,0.1,1.0,1.0,1.0,1.0,0.05,1.0,1.0
LightGCN,87,1.0,1.0,0.1,1.0,1.0,1.0,1.0,0.05,1.0,1.0
LightGCN,88,1.0,1.0,0.1,1.0,1.0,1.0,1.0,0.05,1.0,1.0
LightGCN,89,1.0,1.0,0.1,1.0,1.0,1.0,1.0,0.05,1.0,1.0
LightGCN,90,1.0,1.0,0.1,1.0,1.0,1.0,1.0,0.05,1.0,1.0
LightGCN,91,1.0,1.0,0.1,1.0,1.0,1.0,1.0,0.05,1.0,1.0
LightGCN,92,1.0,1.0,0.1,1.0,1.0,1.0,1.0,0.05,1.0,1.0
LightGCN,93,1.0,1.0,0.1,1.0,1.0,1.0,1.0,0.05,1.0,1.0
LightGCN,94,1.0,1.0,0.1,1.0,1.0,1.0,1.0,0.05,1.0,1.0
LightGCN,95,1.0,1.0,0.1,1.0,1.0,1.0,1.0,0.05,1.0,1.0
LightGCN,96,1.0,1.0,0.1,1.0,1.0,1.0,1.0,0.05,1.0,1.0
LightGCN,97,0.9197207891481876,1.0,0.2,1.0,1.0,0.9197207891481876,1.0,0.1,1.0,1.0
LightGCN,98,0.6131471927654584,0.5,0.1,1.0,1.0,0.7841802768331765,1.0,0.1,1.0,1.0
LightGCN,99,1.0,1.0,0.1,1.0,1.0,1.0,1.0,0.05,1.0,1.0
LightGCN,100,0.6309297535714575,1.0,0.1,1.0,0.5,0.6309297535714575,1.0,0.05,1.0,0.5
LightGCN,101,1.0,1.0,0.1,1.0,1.0,1.0,1.0,0.05,1.0,1.0
LightGCN,102,1.0,1.0,0.1,1.0,1.0,1.0,1.0,0.05,1.0,1.0
LightGCN,103,1.0,1.0,0.1,1.0,1.0,1.0,1.0,0.05,1.0,1.0
LightGCN,104,0.2890648263178879,1.0,0.1,1.0,0.1,0.2890648263178879,1.0,0.05,1.0,0.1
LightGCN,105,1.0,1.0,0.1,1.0,1.0,1.0,1.0,0.05,1.0,1.0
LightGCN,106,1.0,1.0,0.1,1.0,1.0,1.0,1.0,0.05,1.0,1.0
LightGCN,107,1.0,1.0,0.1,1.0,1.0,1.0,1.0,0.05,1.0,1.0
LightGCN,108,1.0,1.0,0.1,1.0,1.0,1.0,1.0,0.05,1.0,1.0
LightGCN,109,1.0,1.0,0.1,1.0,1.0,1.0,1.0,0.05,1.0,1.0
LightGCN,110,1.0,1.0,0.1,1.0,1.0,1.0,1.0,0.05,1.0,1.0
LightGCN,111,1.0,1.0,0.2,1.0,1.0,1.0,1.0,0.1,1.0,1.0
LightGCN,112,1.0,1.0,0.1,1.0,1.0,1.0,1.0,0.05,1.0,1.0
LightGCN,113,1.0,1.0,0.1,1.0,1.0,1.0,1.0,0.05,1.0,1.0
LightGCN,114,0.6309297535714575,1.0,0.1,1.0,0.5,0.6309297535714575,1.0,0.05,1.0,0.5
LightGCN,115,0.0,0.0,0.0,0.0,0.0,0.0,0.0,0.0,0.0,0.0
LightGCN,116,1.0,1.0,0.1,1.0,1.0,1.0,1.0,0.05,1.0,1.0
LightGCN,117,1.0,1.0,0.1,1.0,1.0,1.0,1.0,0.05,1.0,1.0
LightGCN,118,1.0,1.0,0.1,1.0,1.0,1.0,1.0,0.05,1.0,1.0
LightGCN,119,1.0,1.0,0.1,1.0,1.0,1.0,1.0,0.05,1.0,1.0
LightGCN,120,1.0,1.0,0.1,1.0,1.0,1.0,1.0,0.05,1.0,1.0
LightGCN,121,1.0,1.0,0.1,1.0,1.0,1.0,1.0,0.05,1.0,1.0
LightGCN,122,1.0,1.0,0.1,1.0,1.0,1.0,1.0,0.05,1.0,1.0
LightGCN,123,1.0,1.0,0.1,1.0,1.0,1.0,1.0,0.05,1.0,1.0
LightGCN,124,1.0,1.0,0.1,1.0,1.0,1.0,1.0,0.05,1.0,1.0
LightGCN,125,0.0,0.0,0.0,0.0,0.0,0.0,0.0,0.0,0.0,0.0
LightGCN,126,1.0,1.0,0.1,1.0,1.0,1.0,1.0,0.05,1.0,1.0
LightGCN,127,1.0,1.0,0.1,1.0,1.0,1.0,1.0,0.05,1.0,1.0
LightGCN,128,1.0,1.0,0.1,1.0,1.0,1.0,1.0,0.05,1.0,1.0
LightGCN,129,0.6131471927654584,0.5,0.1,1.0,1.0,0.6131471927654584,0.5,0.05,1.0,1.0
LightGCN,130,1.0,1.0,0.1,1.0,1.0,1.0,1.0,0.05,1.0,1.0
LightGCN,131,1.0,1.0,0.1,1.0,1.0,1.0,1.0,0.05,1.0,1.0
LightGCN,132,0.31546487678572877,1.0,0.1,1.0,0.125,0.31546487678572877,1.0,0.05,1.0,0.125
LightGCN,133,0.6309297535714575,1.0,0.1,1.0,0.5,0.6309297535714575,1.0,0.05,1.0,0.5
LightGCN,134,1.0,1.0,0.1,1.0,1.0,1.0,1.0,0.05,1.0,1.0
LightGCN,135,0.17723928678404774,0.5,0.1,1.0,0.1,0.17723928678404774,0.5,0.05,1.0,0.1
LightGCN,136,1.0,1.0,0.1,1.0,1.0,1.0,1.0,0.05,1.0,1.0
LightGCN,137,0.6052602440527057,1.0,0.2,1.0,0.5,0.6052602440527057,1.0,0.1,1.0,0.5
LightGCN,138,1.0,1.0,0.1,1.0,1.0,1.0,1.0,0.05,1.0,1.0
LightGCN,139,1.0,1.0,0.2,1.0,1.0,1.0,1.0,0.1,1.0,1.0
LightGCN,140,1.0,1.0,0.1,1.0,1.0,1.0,1.0,0.05,1.0,1.0
LightGCN,141,0.23719771276929622,0.5,0.1,1.0,0.2,0.23719771276929622,0.5,0.05,1.0,0.2
LightGCN,142,1.0,1.0,0.1,1.0,1.0,1.0,1.0,0.05,1.0,1.0
LightGCN,143,1.0,1.0,0.1,1.0,1.0,1.0,1.0,0.05,1.0,1.0
LightGCN,144,1.0,1.0,0.1,1.0,1.0,1.0,1.0,0.05,1.0,1.0
LightGCN,145,1.0,1.0,0.1,1.0,1.0,1.0,1.0,0.05,1.0,1.0
LightGCN,146,1.0,1.0,0.1,1.0,1.0,1.0,1.0,0.05,1.0,1.0
LightGCN,147,1.0,1.0,0.1,1.0,1.0,1.0,1.0,0.05,1.0,1.0
LightGCN,148,0.6309297535714575,1.0,0.1,1.0,0.5,0.6309297535714575,1.0,0.05,1.0,0.5
LightGCN,149,1.0,1.0,0.1,1.0,1.0,1.0,1.0,0.05,1.0,1.0
LightGCN,150,1.0,1.0,0.1,1.0,1.0,1.0,1.0,0.05,1.0,1.0
LightGCN,151,0.6309297535714575,1.0,0.1,1.0,0.5,0.6309297535714575,1.0,0.05,1.0,0.5
LightGCN,152,1.0,1.0,0.1,1.0,1.0,1.0,1.0,0.05,1.0,1.0
LightGCN,153,1.0,1.0,0.1,1.0,1.0,1.0,1.0,0.05,1.0,1.0
LightGCN,154,1.0,1.0,0.1,1.0,1.0,1.0,1.0,0.05,1.0,1.0
LightGCN,155,0.9197207891481876,1.0,0.2,1.0,1.0,0.9197207891481876,1.0,0.1,1.0,1.0
LightGCN,156,0.5,1.0,0.1,1.0,0.3333333333333333,0.5,1.0,0.05,1.0,0.3333333333333333
LightGCN,157,1.0,1.0,0.1,1.0,1.0,1.0,1.0,0.05,1.0,1.0
LightGCN,158,1.0,1.0,0.1,1.0,1.0,1.0,1.0,0.05,1.0,1.0
LightGCN,159,0.2890648263178879,1.0,0.1,1.0,0.1,0.2890648263178879,1.0,0.05,1.0,0.1
LightGCN,160,0.6309297535714575,1.0,0.1,1.0,0.5,0.6309297535714575,1.0,0.05,1.0,0.5
LightGCN,161,1.0,1.0,0.1,1.0,1.0,1.0,1.0,0.05,1.0,1.0
LightGCN,162,0.9197207891481876,1.0,0.2,1.0,1.0,0.9197207891481876,1.0,0.1,1.0,1.0
LightGCN,163,1.0,1.0,0.1,1.0,1.0,1.0,1.0,0.05,1.0,1.0
LightGCN,164,1.0,1.0,0.1,1.0,1.0,1.0,1.0,0.05,1.0,1.0
LightGCN,165,1.0,1.0,0.1,1.0,1.0,1.0,1.0,0.05,1.0,1.0
LightGCN,166,1.0,1.0,0.1,1.0,1.0,1.0,1.0,0.05,1.0,1.0
LightGCN,167,1.0,1.0,0.1,1.0,1.0,1.0,1.0,0.05,1.0,1.0
LightGCN,168,0.6309297535714575,1.0,0.1,1.0,0.5,0.6309297535714575,1.0,0.05,1.0,0.5
LightGCN,169,1.0,1.0,0.1,1.0,1.0,1.0,1.0,0.05,1.0,1.0
LightGCN,170,1.0,1.0,0.1,1.0,1.0,1.0,1.0,0.05,1.0,1.0
LightGCN,171,1.0,1.0,0.1,1.0,1.0,1.0,1.0,0.05,1.0,1.0
LightGCN,172,0.5,1.0,0.1,1.0,0.3333333333333333,0.5,1.0,0.05,1.0,0.3333333333333333
LightGCN,173,0.3562071871080222,1.0,0.1,1.0,0.16666666666666666,0.3562071871080222,1.0,0.05,1.0,0.16666666666666666
LightGCN,174,0.38685280723454163,1.0,0.1,1.0,0.2,0.38685280723454163,1.0,0.05,1.0,0.2
LightGCN,175,1.0,1.0,0.1,1.0,1.0,1.0,1.0,0.05,1.0,1.0
LightGCN,176,1.0,1.0,0.1,1.0,1.0,1.0,1.0,0.05,1.0,1.0
LightGCN,177,1.0,1.0,0.1,1.0,1.0,1.0,1.0,0.05,1.0,1.0
LightGCN,178,1.0,1.0,0.1,1.0,1.0,1.0,1.0,0.05,1.0,1.0
LightGCN,179,0.7653606369886217,0.6666666666666666,0.2,1.0,1.0,0.7653606369886217,0.6666666666666666,0.1,1.0,1.0
LightGCN,180,1.0,1.0,0.1,1.0,1.0,1.0,1.0,0.05,1.0,1.0
LightGCN,181,0.6131471927654584,0.5,0.1,1.0,1.0,0.6131471927654584,0.5,0.05,1.0,1.0
LightGCN,182,1.0,1.0,0.1,1.0,1.0,1.0,1.0,0.05,1.0,1.0
LightGCN,183,0.6309297535714575,1.0,0.1,1.0,0.5,0.6309297535714575,1.0,0.05,1.0,0.5
LightGCN,184,1.0,1.0,0.1,1.0,1.0,1.0,1.0,0.05,1.0,1.0
LightGCN,185,0.38685280723454163,1.0,0.1,1.0,0.2,0.38685280723454163,1.0,0.05,1.0,0.2
LightGCN,186,1.0,1.0,0.1,1.0,1.0,1.0,1.0,0.05,1.0,1.0
LightGCN,187,0.3562071871080222,1.0,0.1,1.0,0.16666666666666666,0.3562071871080222,1.0,0.05,1.0,0.16666666666666666
LightGCN,188,0.38685280723454163,0.5,0.1,1.0,0.5,0.38685280723454163,0.5,0.05,1.0,0.5
LightGCN,189,1.0,1.0,0.1,1.0,1.0,1.0,1.0,0.05,1.0,1.0
LightGCN,190,1.0,1.0,0.1,1.0,1.0,1.0,1.0,0.05,1.0,1.0
LightGCN,191,1.0,1.0,0.2,1.0,1.0,1.0,1.0,0.1,1.0,1.0
LightGCN,192,1.0,1.0,0.1,1.0,1.0,1.0,1.0,0.05,1.0,1.0
LightGCN,193,1.0,1.0,0.1,1.0,1.0,1.0,1.0,0.05,1.0,1.0
LightGCN,194,1.0,1.0,0.1,1.0,1.0,1.0,1.0,0.05,1.0,1.0
LightGCN,195,1.0,1.0,0.1,1.0,1.0,1.0,1.0,0.05,1.0,1.0
LightGCN,196,0.8048099750039491,0.75,0.3,1.0,1.0,0.8048099750039491,0.75,0.15,1.0,1.0
LightGCN,197,1.0,1.0,0.1,1.0,1.0,1.0,1.0,0.05,1.0,1.0
LightGCN,198,1.0,1.0,0.2,1.0,1.0,1.0,1.0,0.1,1.0,1.0
LightGCN,199,0.8503449055347546,1.0,0.2,1.0,1.0,0.8503449055347546,1.0,0.1,1.0,1.0
LightGCN,200,1.0,1.0,0.1,1.0,1.0,1.0,1.0,0.05,1.0,1.0
LightGCN,201,1.0,1.0,0.1,1.0,1.0,1.0,1.0,0.05,1.0,1.0
LightGCN,202,0.8175295903539445,1.0,0.2,1.0,1.0,0.8175295903539445,1.0,0.1,1.0,1.0
LightGCN,203,0.8772153153380493,1.0,0.2,1.0,1.0,0.8772153153380493,1.0,0.1,1.0,1.0
LightGCN,204,1.0,1.0,0.2,1.0,1.0,1.0,1.0,0.1,1.0,1.0
LightGCN,205,0.7977228895450266,1.0,0.2,1.0,1.0,0.7977228895450266,1.0,0.1,1.0,1.0
LightGCN,206,1.0,1.0,0.2,1.0,1.0,1.0,1.0,0.1,1.0,1.0
LightGCN,207,0.5,1.0,0.1,1.0,0.3333333333333333,0.5,1.0,0.05,1.0,0.3333333333333333
LightGCN,208,0.0,0.0,0.0,0.0,0.0,0.0,0.0,0.0,0.0,0.0
LightGCN,209,1.0,1.0,0.1,1.0,1.0,1.0,1.0,0.05,1.0,1.0
LightGCN,210,1.0,1.0,0.2,1.0,1.0,1.0,1.0,0.1,1.0,1.0
LightGCN,211,1.0,1.0,0.1,1.0,1.0,1.0,1.0,0.05,1.0,1.0
LightGCN,212,0.8315546295836225,1.0,0.2,1.0,1.0,0.8315546295836225,1.0,0.1,1.0,1.0
LightGCN,213,1.0,1.0,0.1,1.0,1.0,1.0,1.0,0.05,1.0,1.0
LightGCN,214,0.0,0.0,0.0,0.0,0.0,0.0,0.0,0.0,0.0,0.0
LightGCN,215,1.0,1.0,0.1,1.0,1.0,1.0,1.0,0.05,1.0,1.0
LightGCN,216,1.0,1.0,0.1,1.0,1.0,1.0,1.0,0.05,1.0,1.0
LightGCN,217,0.46927872602275644,0.3333333333333333,0.1,1.0,1.0,0.59253456521548,0.6666666666666666,0.1,1.0,1.0
LightGCN,218,0.38685280723454163,1.0,0.1,1.0,0.2,0.38685280723454163,1.0,0.05,1.0,0.2
LightGCN,219,1.0,1.0,0.1,1.0,1.0,1.0,1.0,0.05,1.0,1.0
LightGCN,220,1.0,1.0,0.1,1.0,1.0,1.0,1.0,0.05,1.0,1.0
LightGCN,221,1.0,1.0,0.1,1.0,1.0,1.0,1.0,0.05,1.0,1.0
LightGCN,222,1.0,1.0,0.2,1.0,1.0,1.0,1.0,0.1,1.0,1.0
LightGCN,223,0.8772153153380493,1.0,0.2,1.0,1.0,0.8772153153380493,1.0,0.1,1.0,1.0
LightGCN,224,0.7920874914199381,1.0,0.3,1.0,1.0,0.7920874914199381,1.0,0.15,1.0,1.0
LightGCN,225,1.0,1.0,0.1,1.0,1.0,1.0,1.0,0.05,1.0,1.0
LightGCN,226,1.0,1.0,0.1,1.0,1.0,1.0,1.0,0.05,1.0,1.0
LightGCN,227,0.9066276098484507,1.0,0.3,1.0,1.0,0.9066276098484507,1.0,0.15,1.0,1.0
LightGCN,228,1.0,1.0,0.1,1.0,1.0,1.0,1.0,0.05,1.0,1.0
LightGCN,229,1.0,1.0,0.1,1.0,1.0,1.0,1.0,0.05,1.0,1.0
LightGCN,230,0.6309297535714575,1.0,0.1,1.0,0.5,0.6309297535714575,1.0,0.05,1.0,0.5
LightGCN,231,1.0,1.0,0.1,1.0,1.0,1.0,1.0,0.05,1.0,1.0
LightGCN,232,0.8503449055347546,1.0,0.2,1.0,1.0,0.8503449055347546,1.0,0.1,1.0,1.0
LightGCN,233,1.0,1.0,0.1,1.0,1.0,1.0,1.0,0.05,1.0,1.0
LightGCN,234,0.3065735963827292,0.5,0.1,1.0,0.3333333333333333,0.3065735963827292,0.5,0.05,1.0,0.3333333333333333
LightGCN,235,1.0,1.0,0.1,1.0,1.0,1.0,1.0,0.05,1.0,1.0
LightGCN,236,0.43067655807339306,1.0,0.1,1.0,0.25,0.43067655807339306,1.0,0.05,1.0,0.25
LightGCN,237,0.0,0.0,0.0,0.0,0.0,0.0,0.0,0.0,0.0,0.0
LightGCN,238,0.8772153153380493,1.0,0.2,1.0,1.0,0.8772153153380493,1.0,0.1,1.0,1.0
LightGCN,239,1.0,1.0,0.1,1.0,1.0,1.0,1.0,0.05,1.0,1.0
LightGCN,240,0.2640681225725909,0.5,0.1,1.0,0.25,0.40366349643734134,1.0,0.1,1.0,0.25
LightGCN,241,1.0,1.0,0.1,1.0,1.0,1.0,1.0,0.05,1.0,1.0
LightGCN,242,0.0,0.0,0.0,0.0,0.0,0.23137821315975915,1.0,0.05,1.0,0.05263157894736842
LightGCN,243,0.8315546295836225,1.0,0.2,1.0,1.0,0.8315546295836225,1.0,0.1,1.0,1.0
LightGCN,244,1.0,1.0,0.2,1.0,1.0,1.0,1.0,0.1,1.0,1.0
LightGCN,245,1.0,1.0,0.1,1.0,1.0,1.0,1.0,0.05,1.0,1.0
LightGCN,246,0.7844801364718913,1.0,0.3,1.0,1.0,0.7844801364718913,1.0,0.15,1.0,1.0
LightGCN,247,1.0,1.0,0.1,1.0,1.0,1.0,1.0,0.05,1.0,1.0
LightGCN,248,0.8503449055347546,1.0,0.2,1.0,1.0,0.8503449055347546,1.0,0.1,1.0,1.0
LightGCN,249,1.0,1.0,0.1,1.0,1.0,1.0,1.0,0.05,1.0,1.0
LightGCN,250,0.8315546295836225,1.0,0.2,1.0,1.0,0.8315546295836225,1.0,0.1,1.0,1.0
LightGCN,251,0.7653606369886217,0.6666666666666666,0.2,1.0,1.0,0.7653606369886217,0.6666666666666666,0.1,1.0,1.0
LightGCN,252,0.9197207891481876,1.0,0.2,1.0,1.0,0.9197207891481876,1.0,0.1,1.0,1.0
LightGCN,253,0.38685280723454163,1.0,0.1,1.0,0.2,0.38685280723454163,1.0,0.05,1.0,0.2
LightGCN,254,1.0,1.0,0.1,1.0,1.0,1.0,1.0,0.05,1.0,1.0
LightGCN,255,0.0,0.0,0.0,0.0,0.0,0.0,0.0,0.0,0.0,0.0
LightGCN,256,0.6309297535714575,1.0,0.1,1.0,0.5,0.6309297535714575,1.0,0.05,1.0,0.5
LightGCN,257,0.6131471927654584,0.5,0.1,1.0,1.0,0.6131471927654584,0.5,0.05,1.0,1.0
LightGCN,258,1.0,1.0,0.2,1.0,1.0,1.0,1.0,0.1,1.0,1.0
LightGCN,259,1.0,1.0,0.1,1.0,1.0,1.0,1.0,0.05,1.0,1.0
LightGCN,260,0.3333333333333333,1.0,0.1,1.0,0.14285714285714285,0.3333333333333333,1.0,0.05,1.0,0.14285714285714285
LightGCN,261,0.5,1.0,0.1,1.0,0.3333333333333333,0.5,1.0,0.05,1.0,0.3333333333333333
LightGCN,262,1.0,1.0,0.2,1.0,1.0,1.0,1.0,0.1,1.0,1.0
LightGCN,263,0.0,0.0,0.0,0.0,0.0,0.0,0.0,0.0,0.0,0.0
LightGCN,264,0.5640920940185894,1.0,0.2,1.0,0.5,0.5640920940185894,1.0,0.1,1.0,0.5
LightGCN,265,0.8048099750039491,0.75,0.3,1.0,1.0,0.8048099750039491,0.75,0.15,1.0,1.0
LightGCN,266,1.0,1.0,0.1,1.0,1.0,1.0,1.0,0.05,1.0,1.0
LightGCN,267,0.6309297535714575,1.0,0.1,1.0,0.5,0.6309297535714575,1.0,0.05,1.0,0.5
LightGCN,268,0.8315546295836225,1.0,0.2,1.0,1.0,0.8315546295836225,1.0,0.1,1.0,1.0
LightGCN,269,0.8065735963827293,1.0,0.2,1.0,1.0,0.8065735963827293,1.0,0.1,1.0,1.0
LightGCN,270,0.5640920940185894,1.0,0.2,1.0,0.5,0.5640920940185894,1.0,0.1,1.0,0.5
LightGCN,271,0.6131471927654584,0.5,0.1,1.0,1.0,0.6131471927654584,0.5,0.05,1.0,1.0
LightGCN,272,1.0,1.0,0.2,1.0,1.0,1.0,1.0,0.1,1.0,1.0
LightGCN,273,1.0,1.0,0.1,1.0,1.0,1.0,1.0,0.05,1.0,1.0
LightGCN,274,0.9197207891481876,1.0,0.2,1.0,1.0,0.9197207891481876,1.0,0.1,1.0,1.0
LightGCN,275,1.0,1.0,0.2,1.0,1.0,1.0,1.0,0.1,1.0,1.0
LightGCN,276,0.5706417189553201,1.0,0.2,1.0,0.3333333333333333,0.5706417189553201,1.0,0.1,1.0,0.3333333333333333
LightGCN,277,0.9469024295259745,1.0,0.3,1.0,1.0,0.9469024295259745,1.0,0.15,1.0,1.0
LightGCN,278,1.0,1.0,0.2,1.0,1.0,1.0,1.0,0.1,1.0,1.0
LightGCN,279,0.7653606369886217,0.6666666666666666,0.2,1.0,1.0,0.885476292786673,1.0,0.15,1.0,1.0
LightGCN,280,0.8315546295836225,1.0,0.2,1.0,1.0,0.8315546295836225,1.0,0.1,1.0,1.0
LightGCN,281,1.0,1.0,0.1,1.0,1.0,1.0,1.0,0.05,1.0,1.0
LightGCN,282,1.0,1.0,0.1,1.0,1.0,1.0,1.0,0.05,1.0,1.0
LightGCN,283,0.6508205185601091,0.6666666666666666,0.2,1.0,1.0,0.7612929135192065,1.0,0.15,1.0,1.0
LightGCN,284,0.6131471927654584,0.5,0.1,1.0,1.0,0.6131471927654584,0.5,0.05,1.0,1.0
LightGCN,285,1.0,1.0,0.2,1.0,1.0,1.0,1.0,0.1,1.0,1.0
LightGCN,286,1.0,1.0,0.1,1.0,1.0,1.0,1.0,0.05,1.0,1.0
LightGCN,287,0.9134015924715543,1.0,0.3,1.0,1.0,0.9134015924715543,1.0,0.15,1.0,1.0
LightGCN,288,0.6131471927654584,0.5,0.1,1.0,1.0,0.6131471927654584,0.5,0.05,1.0,1.0
LightGCN,289,0.6131471927654584,0.5,0.1,1.0,1.0,0.6131471927654584,0.5,0.05,1.0,1.0
LightGCN,290,0.8772153153380493,1.0,0.2,1.0,1.0,0.8772153153380493,1.0,0.1,1.0,1.0
LightGCN,291,0.46927872602275644,0.3333333333333333,0.1,1.0,1.0,0.46927872602275644,0.3333333333333333,0.05,1.0,1.0
LightGCN,292,0.9197207891481876,1.0,0.2,1.0,1.0,0.9197207891481876,1.0,0.1,1.0,1.0
LightGCN,293,1.0,1.0,0.1,1.0,1.0,1.0,1.0,0.05,1.0,1.0
LightGCN,294,1.0,1.0,0.2,1.0,1.0,1.0,1.0,0.1,1.0,1.0
LightGCN,295,1.0,1.0,0.1,1.0,1.0,1.0,1.0,0.05,1.0,1.0
LightGCN,296,1.0,1.0,0.2,1.0,1.0,1.0,1.0,0.1,1.0,1.0
LightGCN,297,0.17723928678404774,0.5,0.1,1.0,0.1,0.17723928678404774,0.5,0.05,1.0,0.1
LightGCN,298,0.6131471927654584,0.5,0.1,1.0,1.0,0.7574875071481796,1.0,0.1,1.0,1.0
LightGCN,299,0.7653606369886217,0.6666666666666666,0.2,1.0,1.0,0.7653606369886217,0.6666666666666666,0.1,1.0,1.0
LightGCN,300,0.0,0.0,0.0,0.0,0.0,0.14186890186599416,0.5,0.05,1.0,0.05263157894736842
LightGCN,301,1.0,1.0,0.1,1.0,1.0,1.0,1.0,0.05,1.0,1.0
LightGCN,302,1.0,1.0,0.3,1.0,1.0,1.0,1.0,0.15,1.0,1.0
LightGCN,303,0.7977228895450266,1.0,0.2,1.0,1.0,0.7977228895450266,1.0,0.1,1.0,1.0
LightGCN,304,0.0,0.0,0.0,0.0,0.0,0.0,0.0,0.0,0.0,0.0
LightGCN,305,1.0,1.0,0.1,1.0,1.0,1.0,1.0,0.05,1.0,1.0
LightGCN,306,1.0,1.0,0.2,1.0,1.0,1.0,1.0,0.1,1.0,1.0
LightGCN,307,1.0,1.0,0.1,1.0,1.0,1.0,1.0,0.05,1.0,1.0
LightGCN,308,1.0,1.0,0.2,1.0,1.0,1.0,1.0,0.1,1.0,1.0
LightGCN,309,1.0,1.0,0.2,1.0,1.0,1.0,1.0,0.1,1.0,1.0
LightGCN,310,0.7653606369886217,0.6666666666666666,0.2,1.0,1.0,0.7653606369886217,0.6666666666666666,0.1,1.0,1.0
LightGCN,311,1.0,1.0,0.2,1.0,1.0,1.0,1.0,0.1,1.0,1.0
LightGCN,312,1.0,1.0,0.1,1.0,1.0,1.0,1.0,0.05,1.0,1.0
LightGCN,313,1.0,1.0,0.1,1.0,1.0,1.0,1.0,0.05,1.0,1.0
LightGCN,314,0.38685280723454163,1.0,0.1,1.0,0.2,0.38685280723454163,1.0,0.05,1.0,0.2
LightGCN,315,0.40298313359773236,1.0,0.2,1.0,0.16666666666666666,0.40298313359773236,1.0,0.1,1.0,0.16666666666666666
LightGCN,316,1.0,1.0,0.2,1.0,1.0,1.0,1.0,0.1,1.0,1.0
LightGCN,317,0.6364391809889587,0.6666666666666666,0.2,1.0,1.0,0.75655483678701,1.0,0.15,1.0,1.0
LightGCN,318,0.7977228895450266,1.0,0.2,1.0,1.0,0.7977228895450266,1.0,0.1,1.0,1.0
LightGCN,319,1.0,1.0,0.1,1.0,1.0,1.0,1.0,0.05,1.0,1.0
LightGCN,320,1.0,1.0,0.2,1.0,1.0,1.0,1.0,0.1,1.0,1.0
LightGCN,321,0.6131471927654584,0.5,0.1,1.0,1.0,0.6131471927654584,0.5,0.05,1.0,1.0
LightGCN,322,0.0,0.0,0.0,0.0,0.0,0.14704034066641014,0.5,0.05,1.0,0.058823529411764705
LightGCN,323,0.4632423659320675,0.6666666666666666,0.2,1.0,0.5,0.4632423659320675,0.6666666666666666,0.1,1.0,0.5
LightGCN,324,0.6713860725233041,0.6666666666666666,0.2,1.0,1.0,0.7887057540289931,1.0,0.15,1.0,1.0
LightGCN,325,1.0,1.0,0.2,1.0,1.0,1.0,1.0,0.1,1.0,1.0
LightGCN,326,1.0,1.0,0.1,1.0,1.0,1.0,1.0,0.05,1.0,1.0
LightGCN,327,0.9197207891481876,1.0,0.2,1.0,1.0,0.9197207891481876,1.0,0.1,1.0,1.0
LightGCN,328,1.0,1.0,0.1,1.0,1.0,1.0,1.0,0.05,1.0,1.0
LightGCN,329,0.20438239758848611,0.5,0.1,1.0,0.14285714285714285,0.3754154816562042,1.0,0.1,1.0,0.14285714285714285
LightGCN,330,1.0,1.0,0.1,1.0,1.0,1.0,1.0,0.05,1.0,1.0
LightGCN,331,1.0,1.0,0.3,1.0,1.0,1.0,1.0,0.15,1.0,1.0
LightGCN,332,1.0,1.0,0.2,1.0,1.0,1.0,1.0,0.1,1.0,1.0
LightGCN,333,1.0,1.0,0.3,1.0,1.0,1.0,1.0,0.15,1.0,1.0
LightGCN,334,0.21840743681816419,0.5,0.1,1.0,0.16666666666666666,0.36274775120088537,1.0,0.1,1.0,0.16666666666666666
LightGCN,335,1.0,1.0,0.2,1.0,1.0,1.0,1.0,0.1,1.0,1.0
LightGCN,336,0.8503449055347546,1.0,0.2,1.0,1.0,0.8503449055347546,1.0,0.1,1.0,1.0
LightGCN,337,0.8315546295836225,1.0,0.2,1.0,1.0,0.8315546295836225,1.0,0.1,1.0,1.0
LightGCN,338,0.6131471927654584,0.5,0.1,1.0,1.0,0.766433990956823,1.0,0.1,1.0,1.0
LightGCN,339,1.0,1.0,0.3,1.0,1.0,1.0,1.0,0.15,1.0,1.0
LightGCN,340,0.9469024295259745,1.0,0.3,1.0,1.0,0.9469024295259745,1.0,0.15,1.0,1.0
LightGCN,341,1.0,1.0,0.1,1.0,1.0,1.0,1.0,0.05,1.0,1.0
LightGCN,342,1.0,1.0,0.2,1.0,1.0,1.0,1.0,0.1,1.0,1.0
LightGCN,343,0.6131471927654584,0.5,0.1,1.0,1.0,0.6131471927654584,0.5,0.05,1.0,1.0
LightGCN,344,0.5437713091520254,1.0,0.2,1.0,0.3333333333333333,0.5437713091520254,1.0,0.1,1.0,0.3333333333333333
LightGCN,345,1.0,1.0,0.1,1.0,1.0,1.0,1.0,0.05,1.0,1.0
LightGCN,346,1.0,1.0,0.1,1.0,1.0,1.0,1.0,0.05,1.0,1.0
LightGCN,347,0.9197207891481876,1.0,0.2,1.0,1.0,0.9197207891481876,1.0,0.1,1.0,1.0
LightGCN,348,1.0,1.0,0.1,1.0,1.0,1.0,1.0,0.05,1.0,1.0
LightGCN,349,1.0,1.0,0.1,1.0,1.0,1.0,1.0,0.05,1.0,1.0
LightGCN,350,1.0,1.0,0.3,1.0,1.0,1.0,1.0,0.15,1.0,1.0
LightGCN,351,0.6131471927654584,0.5,0.1,1.0,1.0,0.7550160946314525,1.0,0.1,1.0,1.0
LightGCN,352,1.0,1.0,0.2,1.0,1.0,1.0,1.0,0.1,1.0,1.0
LightGCN,353,1.0,1.0,0.1,1.0,1.0,1.0,1.0,0.05,1.0,1.0
LightGCN,354,1.0,1.0,0.3,1.0,1.0,1.0,1.0,0.15,1.0,1.0
LightGCN,355,1.0,1.0,0.1,1.0,1.0,1.0,1.0,0.05,1.0,1.0
LightGCN,356,1.0,1.0,0.2,1.0,1.0,1.0,1.0,0.1,1.0,1.0
LightGCN,357,1.0,1.0,0.1,1.0,1.0,1.0,1.0,0.05,1.0,1.0
LightGCN,358,0.9197207891481876,1.0,0.2,1.0,1.0,0.9197207891481876,1.0,0.1,1.0,1.0
LightGCN,359,1.0,1.0,0.1,1.0,1.0,1.0,1.0,0.05,1.0,1.0
LightGCN,360,1.0,1.0,0.1,1.0,1.0,1.0,1.0,0.05,1.0,1.0
LightGCN,361,0.8503449055347546,1.0,0.2,1.0,1.0,0.8503449055347546,1.0,0.1,1.0,1.0
LightGCN,362,0.23719771276929622,0.5,0.1,1.0,0.2,0.23719771276929622,0.5,0.05,1.0,0.2
LightGCN,363,0.7653606369886217,0.6666666666666666,0.2,1.0,1.0,0.7653606369886217,0.6666666666666666,0.1,1.0,1.0
LightGCN,364,0.38685280723454163,0.5,0.1,1.0,0.5,0.5437927516124715,1.0,0.1,1.0,0.5
LightGCN,365,1.0,1.0,0.2,1.0,1.0,1.0,1.0,0.1,1.0,1.0
LightGCN,366,1.0,1.0,0.2,1.0,1.0,1.0,1.0,0.1,1.0,1.0
LightGCN,367,1.0,1.0,0.1,1.0,1.0,1.0,1.0,0.05,1.0,1.0
LightGCN,368,0.8048099750039491,0.75,0.3,1.0,1.0,0.8048099750039491,0.75,0.15,1.0,1.0
LightGCN,369,1.0,1.0,0.2,1.0,1.0,1.0,1.0,0.1,1.0,1.0
LightGCN,370,0.5855700749881525,0.5,0.2,1.0,1.0,0.6791880776757488,0.75,0.15,1.0,1.0
LightGCN,371,1.0,1.0,0.1,1.0,1.0,1.0,1.0,0.05,1.0,1.0
LightGCN,372,0.0,0.0,0.0,0.0,0.0,0.0,0.0,0.0,0.0,0.0
LightGCN,373,0.9010126104210695,1.0,0.3,1.0,1.0,0.9010126104210695,1.0,0.15,1.0,1.0
LightGCN,374,1.0,1.0,0.2,1.0,1.0,1.0,1.0,0.1,1.0,1.0
LightGCN,375,0.0,0.0,0.0,0.0,0.0,0.0,0.0,0.0,0.0,0.0
LightGCN,376,0.16716045496620227,0.3333333333333333,0.1,1.0,0.16666666666666666,0.16716045496620227,0.3333333333333333,0.05,1.0,0.16666666666666666
LightGCN,377,1.0,1.0,0.3,1.0,1.0,1.0,1.0,0.15,1.0,1.0
LightGCN,378,1.0,1.0,0.2,1.0,1.0,1.0,1.0,0.1,1.0,1.0
LightGCN,379,1.0,1.0,0.1,1.0,1.0,1.0,1.0,0.05,1.0,1.0
LightGCN,380,0.6131471927654584,0.5,0.1,1.0,1.0,0.7700871371433883,1.0,0.1,1.0,1.0
LightGCN,381,0.9828920819566879,1.0,0.4,1.0,1.0,0.9828920819566879,1.0,0.2,1.0,1.0
LightGCN,382,0.6257049680303419,0.6666666666666666,0.2,1.0,1.0,0.6257049680303419,0.6666666666666666,0.1,1.0,1.0
LightGCN,383,0.5,1.0,0.1,1.0,0.3333333333333333,0.5,1.0,0.05,1.0,0.3333333333333333
LightGCN,384,0.558226059985166,1.0,0.3,1.0,0.3333333333333333,0.558226059985166,1.0,0.15,1.0,0.3333333333333333
LightGCN,385,1.0,1.0,0.3,1.0,1.0,1.0,1.0,0.15,1.0,1.0
LightGCN,386,1.0,1.0,0.1,1.0,1.0,1.0,1.0,0.05,1.0,1.0
LightGCN,387,0.6131471927654584,0.5,0.1,1.0,1.0,0.7527425666302089,1.0,0.1,1.0,1.0
LightGCN,388,1.0,1.0,0.2,1.0,1.0,1.0,1.0,0.1,1.0,1.0
LightGCN,389,0.9674679834891693,1.0,0.3,1.0,1.0,0.9674679834891693,1.0,0.15,1.0,1.0
LightGCN,390,0.7653606369886217,0.6666666666666666,0.2,1.0,1.0,0.7653606369886217,0.6666666666666666,0.1,1.0,1.0
LightGCN,391,1.0,1.0,0.1,1.0,1.0,1.0,1.0,0.05,1.0,1.0
LightGCN,392,0.7977228895450266,1.0,0.2,1.0,1.0,0.7977228895450266,1.0,0.1,1.0,1.0
LightGCN,393,0.6713860725233041,0.6666666666666666,0.2,1.0,1.0,0.7799669456243377,1.0,0.15,1.0,1.0
LightGCN,394,0.9197207891481876,1.0,0.2,1.0,1.0,0.9197207891481876,1.0,0.1,1.0,1.0
LightGCN,395,1.0,1.0,0.2,1.0,1.0,1.0,1.0,0.1,1.0,1.0
LightGCN,396,0.9438661545147249,1.0,0.4,1.0,1.0,0.9438661545147249,1.0,0.2,1.0,1.0
LightGCN,397,0.7653606369886217,0.6666666666666666,0.2,1.0,1.0,0.872201441250412,1.0,0.15,1.0,1.0
LightGCN,398,0.6131471927654584,0.5,0.1,1.0,1.0,0.6131471927654584,0.5,0.05,1.0,1.0
LightGCN,399,0.5109559939712153,1.0,0.2,1.0,0.3333333333333333,0.5109559939712153,1.0,0.1,1.0,0.3333333333333333
LightGCN,400,0.6131471927654584,0.5,0.1,1.0,1.0,0.7841802768331765,1.0,0.1,1.0,1.0
LightGCN,401,0.7653606369886217,0.6666666666666666,0.2,1.0,1.0,0.7653606369886217,0.6666666666666666,0.1,1.0,1.0
LightGCN,402,0.9197207891481876,1.0,0.2,1.0,1.0,0.9197207891481876,1.0,0.1,1.0,1.0
LightGCN,403,0.9197207891481876,1.0,0.2,1.0,1.0,0.9197207891481876,1.0,0.1,1.0,1.0
LightGCN,404,0.6131471927654584,0.5,0.1,1.0,1.0,0.6131471927654584,0.5,0.05,1.0,1.0
LightGCN,405,0.7039180890341347,0.6666666666666666,0.2,1.0,1.0,0.8348200792023318,1.0,0.15,1.0,1.0
LightGCN,406,1.0,1.0,0.3,1.0,1.0,1.0,1.0,0.15,1.0,1.0
LightGCN,407,1.0,1.0,0.2,1.0,1.0,1.0,1.0,0.1,1.0,1.0
LightGCN,408,0.6257049680303419,0.6666666666666666,0.2,1.0,1.0,0.6257049680303419,0.6666666666666666,0.1,1.0,1.0
LightGCN,409,0.7653606369886217,0.6666666666666666,0.2,1.0,1.0,0.7653606369886217,0.6666666666666666,0.1,1.0,1.0
LightGCN,410,1.0,1.0,0.2,1.0,1.0,1.0,1.0,0.1,1.0,1.0
LightGCN,411,0.46927872602275644,0.3333333333333333,0.1,1.0,1.0,0.46927872602275644,0.3333333333333333,0.05,1.0,1.0
LightGCN,412,0.6131471927654584,0.5,0.1,1.0,1.0,0.6131471927654584,0.5,0.05,1.0,1.0
LightGCN,413,1.0,1.0,0.1,1.0,1.0,1.0,1.0,0.05,1.0,1.0
LightGCN,414,1.0,1.0,0.3,1.0,1.0,1.0,1.0,0.15,1.0,1.0
LightGCN,415,1.0,1.0,0.2,1.0,1.0,1.0,1.0,0.1,1.0,1.0
LightGCN,416,0.9674679834891693,1.0,0.3,1.0,1.0,0.9674679834891693,1.0,0.15,1.0,1.0
LightGCN,417,0.0,0.0,0.0,0.0,0.0,0.0,0.0,0.0,0.0,0.0
LightGCN,418,1.0,1.0,0.2,1.0,1.0,1.0,1.0,0.1,1.0,1.0
LightGCN,419,1.0,1.0,0.2,1.0,1.0,1.0,1.0,0.1,1.0,1.0
LightGCN,420,1.0,1.0,0.2,1.0,1.0,1.0,1.0,0.1,1.0,1.0
LightGCN,421,0.46927872602275644,0.3333333333333333,0.1,1.0,1.0,0.5893943818208077,0.6666666666666666,0.1,1.0,1.0
LightGCN,422,1.0,1.0,0.2,1.0,1.0,1.0,1.0,0.1,1.0,1.0
LightGCN,423,1.0,1.0,0.2,1.0,1.0,1.0,1.0,0.1,1.0,1.0
LightGCN,424,0.8503449055347546,1.0,0.2,1.0,1.0,0.8503449055347546,1.0,0.1,1.0,1.0
LightGCN,425,1.0,1.0,0.3,1.0,1.0,1.0,1.0,0.15,1.0,1.0
LightGCN,426,0.6713860725233041,0.6666666666666666,0.2,1.0,1.0,0.7946419117160276,1.0,0.15,1.0,1.0
LightGCN,427,1.0,1.0,0.1,1.0,1.0,1.0,1.0,0.05,1.0,1.0
LightGCN,428,1.0,1.0,0.1,1.0,1.0,1.0,1.0,0.05,1.0,1.0
LightGCN,429,0.617319681505689,0.6666666666666666,0.2,1.0,1.0,0.7405755206984126,1.0,0.15,1.0,1.0
LightGCN,430,0.9197207891481876,1.0,0.2,1.0,1.0,0.9197207891481876,1.0,0.1,1.0,1.0
LightGCN,431,0.0,0.0,0.0,0.0,0.0,0.23540891336663824,1.0,0.05,1.0,0.05555555555555555
LightGCN,432,0.8503449055347546,1.0,0.2,1.0,1.0,0.8503449055347546,1.0,0.1,1.0,1.0
LightGCN,433,1.0,1.0,0.2,1.0,1.0,1.0,1.0,0.1,1.0,1.0
LightGCN,434,1.0,1.0,0.1,1.0,1.0,1.0,1.0,0.05,1.0,1.0
LightGCN,435,0.8318724637288826,0.75,0.3,1.0,1.0,0.8318724637288826,0.75,0.15,1.0,1.0
LightGCN,436,0.6309297535714575,1.0,0.1,1.0,0.5,0.6309297535714575,1.0,0.05,1.0,0.5
LightGCN,437,1.0,1.0,0.2,1.0,1.0,1.0,1.0,0.1,1.0,1.0
LightGCN,438,0.9674679834891693,1.0,0.3,1.0,1.0,0.9674679834891693,1.0,0.15,1.0,1.0
LightGCN,439,1.0,1.0,0.2,1.0,1.0,1.0,1.0,0.1,1.0,1.0
LightGCN,440,0.617319681505689,0.6666666666666666,0.2,1.0,1.0,0.617319681505689,0.6666666666666666,0.1,1.0,1.0
LightGCN,441,0.48522855511632257,0.4,0.2,1.0,1.0,0.5720393313522489,0.6,0.15,1.0,1.0
LightGCN,442,0.5855700749881525,0.5,0.2,1.0,1.0,0.6758955134085424,0.75,0.15,1.0,1.0
LightGCN,443,1.0,1.0,0.2,1.0,1.0,1.0,1.0,0.1,1.0,1.0
LightGCN,444,0.3065735963827292,0.5,0.1,1.0,0.3333333333333333,0.4776066804504473,1.0,0.1,1.0,0.3333333333333333
LightGCN,445,1.0,1.0,0.1,1.0,1.0,1.0,1.0,0.05,1.0,1.0
LightGCN,446,1.0,1.0,0.1,1.0,1.0,1.0,1.0,0.05,1.0,1.0
LightGCN,447,0.9197207891481876,1.0,0.2,1.0,1.0,0.9197207891481876,1.0,0.1,1.0,1.0
LightGCN,448,0.48247555939075504,1.0,0.2,1.0,0.25,0.48247555939075504,1.0,0.1,1.0,0.25
LightGCN,449,0.7653606369886217,0.6666666666666666,0.2,1.0,1.0,0.7653606369886217,0.6666666666666666,0.1,1.0,1.0
LightGCN,450,1.0,1.0,0.2,1.0,1.0,1.0,1.0,0.1,1.0,1.0
LightGCN,451,1.0,1.0,0.3,1.0,1.0,1.0,1.0,0.15,1.0,1.0
LightGCN,452,1.0,1.0,0.1,1.0,1.0,1.0,1.0,0.05,1.0,1.0
LightGCN,453,1.0,1.0,0.1,1.0,1.0,1.0,1.0,0.05,1.0,1.0
LightGCN,454,0.9197207891481876,1.0,0.2,1.0,1.0,0.9197207891481876,1.0,0.1,1.0,1.0
LightGCN,455,1.0,1.0,0.2,1.0,1.0,1.0,1.0,0.1,1.0,1.0
LightGCN,456,0.0,0.0,0.0,0.0,0.0,0.0,0.0,0.0,0.0,0.0
LightGCN,457,0.46927872602275644,0.3333333333333333,0.1,1.0,1.0,0.46927872602275644,0.3333333333333333,0.05,1.0,1.0
LightGCN,458,0.8503449055347546,1.0,0.2,1.0,1.0,0.8503449055347546,1.0,0.1,1.0,1.0
LightGCN,459,0.6131471927654584,0.5,0.1,1.0,1.0,0.6131471927654584,0.5,0.05,1.0,1.0
LightGCN,460,0.2960819109658652,0.3333333333333333,0.1,1.0,0.5,0.2960819109658652,0.3333333333333333,0.05,1.0,0.5
LightGCN,461,1.0,1.0,0.2,1.0,1.0,1.0,1.0,0.1,1.0,1.0
LightGCN,462,0.9469024295259745,1.0,0.3,1.0,1.0,0.9469024295259745,1.0,0.15,1.0,1.0
LightGCN,463,0.7977228895450266,1.0,0.2,1.0,1.0,0.7977228895450266,1.0,0.1,1.0,1.0
LightGCN,464,0.6713527276121545,0.75,0.3,1.0,1.0,0.7616781660325443,1.0,0.2,1.0,1.0
LightGCN,465,0.6366824387328317,0.5,0.2,1.0,1.0,0.7392155773510536,0.75,0.15,1.0,1.0
LightGCN,466,0.8065735963827293,1.0,0.2,1.0,1.0,0.8065735963827293,1.0,0.1,1.0,1.0
LightGCN,467,0.46927872602275644,0.3333333333333333,0.1,1.0,1.0,0.5840880207487743,0.6666666666666666,0.1,1.0,1.0
LightGCN,468,0.5706417189553201,1.0,0.2,1.0,0.3333333333333333,0.5706417189553201,1.0,0.1,1.0,0.3333333333333333
LightGCN,469,0.6309297535714575,1.0,0.1,1.0,0.5,0.6309297535714575,1.0,0.05,1.0,0.5
LightGCN,470,1.0,1.0,0.3,1.0,1.0,1.0,1.0,0.15,1.0,1.0
LightGCN,471,1.0,1.0,0.3,1.0,1.0,1.0,1.0,0.15,1.0,1.0
LightGCN,472,1.0,1.0,0.2,1.0,1.0,1.0,1.0,0.1,1.0,1.0
LightGCN,473,0.5,1.0,0.1,1.0,0.3333333333333333,0.5,1.0,0.05,1.0,0.3333333333333333
LightGCN,474,0.8315546295836225,1.0,0.2,1.0,1.0,0.8315546295836225,1.0,0.1,1.0,1.0
LightGCN,475,0.9217868789962071,1.0,0.3,1.0,1.0,0.9217868789962071,1.0,0.15,1.0,1.0
LightGCN,476,0.9325210919548239,1.0,0.3,1.0,1.0,0.9325210919548239,1.0,0.15,1.0,1.0
LightGCN,477,0.2640681225725909,0.5,0.1,1.0,0.25,0.4084084369553121,1.0,0.1,1.0,0.25
LightGCN,478,1.0,1.0,0.2,1.0,1.0,1.0,1.0,0.1,1.0,1.0
LightGCN,479,0.8065735963827293,1.0,0.2,1.0,1.0,0.8065735963827293,1.0,0.1,1.0,1.0
LightGCN,480,1.0,1.0,0.2,1.0,1.0,1.0,1.0,0.1,1.0,1.0
LightGCN,481,1.0,1.0,0.2,1.0,1.0,1.0,1.0,0.1,1.0,1.0
LightGCN,482,0.7903864795495061,1.0,0.2,1.0,1.0,0.7903864795495061,1.0,0.1,1.0,1.0
LightGCN,483,1.0,1.0,0.2,1.0,1.0,1.0,1.0,0.1,1.0,1.0
LightGCN,484,1.0,1.0,0.3,1.0,1.0,1.0,1.0,0.15,1.0,1.0
LightGCN,485,1.0,1.0,0.5,1.0,1.0,1.0,1.0,0.25,1.0,1.0
LightGCN,486,0.23719771276929622,0.5,0.1,1.0,0.2,0.23719771276929622,0.5,0.05,1.0,0.2
LightGCN,487,1.0,1.0,0.2,1.0,1.0,1.0,1.0,0.1,1.0,1.0
LightGCN,488,0.9060254355346823,1.0,0.3,1.0,1.0,0.9060254355346823,1.0,0.15,1.0,1.0
LightGCN,489,0.38685280723454163,0.5,0.1,1.0,0.5,0.5287217091005357,1.0,0.1,1.0,0.5
LightGCN,490,0.7920874914199381,1.0,0.3,1.0,1.0,0.7920874914199381,1.0,0.15,1.0,1.0
LightGCN,491,0.6131471927654584,0.5,0.1,1.0,1.0,0.6131471927654584,0.5,0.05,1.0,1.0
LightGCN,492,1.0,1.0,0.3,1.0,1.0,1.0,1.0,0.15,1.0,1.0
LightGCN,493,1.0,1.0,0.2,1.0,1.0,1.0,1.0,0.1,1.0,1.0
LightGCN,494,0.8772153153380493,1.0,0.2,1.0,1.0,0.8772153153380493,1.0,0.1,1.0,1.0
LightGCN,495,1.0,1.0,0.1,1.0,1.0,1.0,1.0,0.05,1.0,1.0
LightGCN,496,0.9674679834891693,1.0,0.3,1.0,1.0,0.9674679834891693,1.0,0.15,1.0,1.0
LightGCN,497,1.0,1.0,0.2,1.0,1.0,1.0,1.0,0.1,1.0,1.0
LightGCN,498,1.0,1.0,0.2,1.0,1.0,1.0,1.0,0.1,1.0,1.0
LightGCN,499,1.0,1.0,0.2,1.0,1.0,1.0,1.0,0.1,1.0,1.0
SimGCL,0,1.0,1.0,0.1,1.0,1.0,1.0,1.0,0.05,1.0,1.0
SimGCL,1,1.0,1.0,0.1,1.0,1.0,1.0,1.0,0.05,1.0,1.0
SimGCL,2,1.0,1.0,0.1,1.0,1.0,1.0,1.0,0.05,1.0,1.0
SimGCL,3,1.0,1.0,0.1,1.0,1.0,1.0,1.0,0.05,1.0,1.0
SimGCL,4,1.0,1.0,0.1,1.0,1.0,1.0,1.0,0.05,1.0,1.0
SimGCL,5,1.0,1.0,0.1,1.0,1.0,1.0,1.0,0.05,1.0,1.0
SimGCL,6,1.0,1.0,0.1,1.0,1.0,1.0,1.0,0.05,1.0,1.0
SimGCL,7,1.0,1.0,0.1,1.0,1.0,1.0,1.0,0.05,1.0,1.0
SimGCL,8,1.0,1.0,0.1,1.0,1.0,1.0,1.0,0.05,1.0,1.0
SimGCL,9,1.0,1.0,0.1,1.0,1.0,1.0,1.0,0.05,1.0,1.0
SimGCL,10,1.0,1.0,0.1,1.0,1.0,1.0,1.0,0.05,1.0,1.0
SimGCL,11,1.0,1.0,0.1,1.0,1.0,1.0,1.0,0.05,1.0,1.0
SimGCL,12,1.0,1.0,0.1,1.0,1.0,1.0,1.0,0.05,1.0,1.0
SimGCL,13,1.0,1.0,0.1,1.0,1.0,1.0,1.0,0.05,1.0,1.0
SimGCL,14,1.0,1.0,0.1,1.0,1.0,1.0,1.0,0.05,1.0,1.0
SimGCL,15,1.0,1.0,0.1,1.0,1.0,1.0,1.0,0.05,1.0,1.0
SimGCL,16,1.0,1.0,0.1,1.0,1.0,1.0,1.0,0.05,1.0,1.0
SimGCL,17,1.0,1.0,0.1,1.0,1.0,1.0,1.0,0.05,1.0,1.0
SimGCL,18,1.0,1.0,0.1,1.0,1.0,1.0,1.0,0.05,1.0,1.0
SimGCL,19,1.0,1.0,0.1,1.0,1.0,1.0,1.0,0.05,1.0,1.0
SimGCL,20,1.0,1.0,0.1,1.0,1.0,1.0,1.0,0.05,1.0,1.0
SimGCL,21,1.0,1.0,0.1,1.0,1.0,1.0,1.0,0.05,1.0,1.0
SimGCL,22,1.0,1.0,0.1,1.0,1.0,1.0,1.0,0.05,1.0,1.0
SimGCL,23,1.0,1.0,0.1,1.0,1.0,1.0,1.0,0.05,1.0,1.0
SimGCL,24,1.0,1.0,0.1,1.0,1.0,1.0,1.0,0.05,1.0,1.0
SimGCL,25,1.0,1.0,0.1,1.0,1.0,1.0,1.0,0.05,1.0,1.0
SimGCL,26,1.0,1.0,0.1,1.0,1.0,1.0,1.0,0.05,1.0,1.0
SimGCL,27,1.0,1.0,0.1,1.0,1.0,1.0,1.0,0.05,1.0,1.0
SimGCL,28,1.0,1.0,0.1,1.0,1.0,1.0,1.0,0.05,1.0,1.0
SimGCL,29,1.0,1.0,0.1,1.0,1.0,1.0,1.0,0.05,1.0,1.0
SimGCL,30,1.0,1.0,0.1,1.0,1.0,1.0,1.0,0.05,1.0,1.0
SimGCL,31,1.0,1.0,0.1,1.0,1.0,1.0,1.0,0.05,1.0,1.0
SimGCL,32,1.0,1.0,0.1,1.0,1.0,1.0,1.0,0.05,1.0,1.0
SimGCL,33,1.0,1.0,0.1,1.0,1.0,1.0,1.0,0.05,1.0,1.0
SimGCL,34,1.0,1.0,0.1,1.0,1.0,1.0,1.0,0.05,1.0,1.0
SimGCL,35,1.0,1.0,0.1,1.0,1.0,1.0,1.0,0.05,1.0,1.0
SimGCL,36,1.0,1.0,0.1,1.0,1.0,1.0,1.0,0.05,1.0,1.0
SimGCL,37,1.0,1.0,0.1,1.0,1.0,1.0,1.0,0.05,1.0,1.0
SimGCL,38,1.0,1.0,0.1,1.0,1.0,1.0,1.0,0.05,1.0,1.0
SimGCL,39,1.0,1.0,0.1,1.0,1.0,1.0,1.0,0.05,1.0,1.0
SimGCL,40,1.0,1.0,0.1,1.0,1.0,1.0,1.0,0.05,1.0,1.0
SimGCL,41,1.0,1.0,0.1,1.0,1.0,1.0,1.0,0.05,1.0,1.0
SimGCL,42,1.0,1.0,0.1,1.0,1.0,1.0,1.0,0.05,1.0,1.0
SimGCL,43,1.0,1.0,0.1,1.0,1.0,1.0,1.0,0.05,1.0,1.0
SimGCL,44,1.0,1.0,0.1,1.0,1.0,1.0,1.0,0.05,1.0,1.0
SimGCL,45,1.0,1.0,0.1,1.0,1.0,1.0,1.0,0.05,1.0,1.0
SimGCL,46,1.0,1.0,0.1,1.0,1.0,1.0,1.0,0.05,1.0,1.0
SimGCL,47,1.0,1.0,0.1,1.0,1.0,1.0,1.0,0.05,1.0,1.0
SimGCL,48,1.0,1.0,0.1,1.0,1.0,1.0,1.0,0.05,1.0,1.0
SimGCL,49,1.0,1.0,0.1,1.0,1.0,1.0,1.0,0.05,1.0,1.0
SimGCL,50,1.0,1.0,0.1,1.0,1.0,1.0,1.0,0.05,1.0,1.0
SimGCL,51,1.0,1.0,0.1,1.0,1.0,1.0,1.0,0.05,1.0,1.0
SimGCL,52,1.0,1.0,0.1,1.0,1.0,1.0,1.0,0.05,1.0,1.0
SimGCL,53,1.0,1.0,0.1,1.0,1.0,1.0,1.0,0.05,1.0,1.0
SimGCL,54,1.0,1.0,0.1,1.0,1.0,1.0,1.0,0.05,1.0,1.0
SimGCL,55,1.0,1.0,0.1,1.0,1.0,1.0,1.0,0.05,1.0,1.0
SimGCL,56,1.0,1.0,0.1,1.0,1.0,1.0,1.0,0.05,1.0,1.0
SimGCL,57,1.0,1.0,0.1,1.0,1.0,1.0,1.0,0.05,1.0,1.0
SimGCL,58,1.0,1.0,0.1,1.0,1.0,1.0,1.0,0.05,1.0,1.0
SimGCL,59,1.0,1.0,0.1,1.0,1.0,1.0,1.0,0.05,1.0,1.0
SimGCL,60,1.0,1.0,0.1,1.0,1.0,1.0,1.0,0.05,1.0,1.0
SimGCL,61,1.0,1.0,0.1,1.0,1.0,1.0,1.0,0.05,1.0,1.0
SimGCL,62,1.0,1.0,0.1,1.0,1.0,1.0,1.0,0.05,1.0,1.0
SimGCL,63,1.0,1.0,0.1,1.0,1.0,1.0,1.0,0.05,1.0,1.0
SimGCL,64,1.0,1.0,0.1,1.0,1.0,1.0,1.0,0.05,1.0,1.0
SimGCL,65,1.0,1.0,0.1,1.0,1.0,1.0,1.0,0.05,1.0,1.0
SimGCL,66,1.0,1.0,0.1,1.0,1.0,1.0,1.0,0.05,1.0,1.0
SimGCL,67,1.0,1.0,0.1,1.0,1.0,1.0,1.0,0.05,1.0,1.0
SimGCL,68,1.0,1.0,0.1,1.0,1.0,1.0,1.0,0.05,1.0,1.0
SimGCL,69,1.0,1.0,0.1,1.0,1.0,1.0,1.0,0.05,1.0,1.0
SimGCL,70,1.0,1.0,0.1,1.0,1.0,1.0,1.0,0.05,1.0,1.0
SimGCL,71,1.0,1.0,0.1,1.0,1.0,1.0,1.0,0.05,1.0,1.0
SimGCL,72,1.0,1.0,0.1,1.0,1.0,1.0,1.0,0.05,1.0,1.0
SimGCL,73,1.0,1.0,0.1,1.0,1.0,1.0,1.0,0.05,1.0,1.0
SimGCL,74,1.0,1.0,0.1,1.0,1.0,1.0,1.0,0.05,1.0,1.0
SimGCL,75,1.0,1.0,0.1,1.0,1.0,1.0,1.0,0.05,1.0,1.0
SimGCL,76,1.0,1.0,0.1,1.0,1.0,1.0,1.0,0.05,1.0,1.0
SimGCL,77,1.0,1.0,0.1,1.0,1.0,1.0,1.0,0.05,1.0,1.0
SimGCL,78,1.0,1.0,0.1,1.0,1.0,1.0,1.0,0.05,1.0,1.0
SimGCL,79,1.0,1.0,0.1,1.0,1.0,1.0,1.0,0.05,1.0,1.0
SimGCL,80,1.0,1.0,0.1,1.0,1.0,1.0,1.0,0.05,1.0,1.0
SimGCL,81,1.0,1.0,0.2,1.0,1.0,1.0,1.0,0.1,1.0,1.0
SimGCL,82,1.0,1.0,0.1,1.0,1.0,1.0,1.0,0.05,1.0,1.0
SimGCL,83,1.0,1.0,0.1,1.0,1.0,1.0,1.0,0.05,1.0,1.0
SimGCL,84,1.0,1.0,0.1,1.0,1.0,1.0,1.0,0.05,1.0,1.0
SimGCL,85,1.0,1.0,0.1,1.0,1.0,1.0,1.0,0.05,1.0,1.0
SimGCL,86,1.0,1.0,0.1,1.0,1.0,1.0,1.0,0.05,1.0,1.0
SimGCL,87,1.0,1.0,0.1,1.0,1.0,1.0,1.0,0.05,1.0,1.0
SimGCL,88,1.0,1.0,0.1,1.0,1.0,1.0,1.0,0.05,1.0,1.0
SimGCL,89,1.0,1.0,0.1,1.0,1.0,1.0,1.0,0.05,1.0,1.0
SimGCL,90,1.0,1.0,0.1,1.0,1.0,1.0,1.0,0.05,1.0,1.0
SimGCL,91,1.0,1.0,0.1,1.0,1.0,1.0,1.0,0.05,1.0,1.0
SimGCL,92,1.0,1.0,0.1,1.0,1.0,1.0,1.0,0.05,1.0,1.0
SimGCL,93,1.0,1.0,0.1,1.0,1.0,1.0,1.0,0.05,1.0,1.0
SimGCL,94,1.0,1.0,0.1,1.0,1.0,1.0,1.0,0.05,1.0,1.0
SimGCL,95,1.0,1.0,0.1,1.0,1.0,1.0,1.0,0.05,1.0,1.0
SimGCL,96,1.0,1.0,0.1,1.0,1.0,1.0,1.0,0.05,1.0,1.0
SimGCL,97,1.0,1.0,0.2,1.0,1.0,1.0,1.0,0.1,1.0,1.0
SimGCL,98,1.0,1.0,0.2,1.0,1.0,1.0,1.0,0.1,1.0,1.0
SimGCL,99,1.0,1.0,0.1,1.0,1.0,1.0,1.0,0.05,1.0,1.0
SimGCL,100,1.0,1.0,0.1,1.0,1.0,1.0,1.0,0.05,1.0,1.0
SimGCL,101,1.0,1.0,0.1,1.0,1.0,1.0,1.0,0.05,1.0,1.0
SimGCL,102,1.0,1.0,0.1,1.0,1.0,1.0,1.0,0.05,1.0,1.0
SimGCL,103,1.0,1.0,0.1,1.0,1.0,1.0,1.0,0.05,1.0,1.0
SimGCL,104,1.0,1.0,0.1,1.0,1.0,1.0,1.0,0.05,1.0,1.0
SimGCL,105,1.0,1.0,0.1,1.0,1.0,1.0,1.0,0.05,1.0,1.0
SimGCL,106,1.0,1.0,0.1,1.0,1.0,1.0,1.0,0.05,1.0,1.0
SimGCL,107,1.0,1.0,0.1,1.0,1.0,1.0,1.0,0.05,1.0,1.0
SimGCL,108,1.0,1.0,0.1,1.0,1.0,1.0,1.0,0.05,1.0,1.0
SimGCL,109,1.0,1.0,0.1,1.0,1.0,1.0,1.0,0.05,1.0,1.0
SimGCL,110,1.0,1.0,0.1,1.0,1.0,1.0,1.0,0.05,1.0,1.0
SimGCL,111,1.0,1.0,0.2,1.0,1.0,1.0,1.0,0.1,1.0,1.0
SimGCL,112,1.0,1.0,0.1,1.0,1.0,1.0,1.0,0.05,1.0,1.0
SimGCL,113,1.0,1.0,0.1,1.0,1.0,1.0,1.0,0.05,1.0,1.0
SimGCL,114,1.0,1.0,0.1,1.0,1.0,1.0,1.0,0.05,1.0,1.0
SimGCL,115,1.0,1.0,0.1,1.0,1.0,1.0,1.0,0.05,1.0,1.0
SimGCL,116,1.0,1.0,0.1,1.0,1.0,1.0,1.0,0.05,1.0,1.0
SimGCL,117,1.0,1.0,0.1,1.0,1.0,1.0,1.0,0.05,1.0,1.0
SimGCL,118,1.0,1.0,0.1,1.0,1.0,1.0,1.0,0.05,1.0,1.0
SimGCL,119,1.0,1.0,0.1,1.0,1.0,1.0,1.0,0.05,1.0,1.0
SimGCL,120,1.0,1.0,0.1,1.0,1.0,1.0,1.0,0.05,1.0,1.0
SimGCL,121,1.0,1.0,0.1,1.0,1.0,1.0,1.0,0.05,1.0,1.0
SimGCL,122,1.0,1.0,0.1,1.0,1.0,1.0,1.0,0.05,1.0,1.0
SimGCL,123,1.0,1.0,0.1,1.0,1.0,1.0,1.0,0.05,1.0,1.0
SimGCL,124,1.0,1.0,0.1,1.0,1.0,1.0,1.0,0.05,1.0,1.0
SimGCL,125,1.0,1.0,0.1,1.0,1.0,1.0,1.0,0.05,1.0,1.0
SimGCL,126,1.0,1.0,0.1,1.0,1.0,1.0,1.0,0.05,1.0,1.0
SimGCL,127,1.0,1.0,0.1,1.0,1.0,1.0,1.0,0.05,1.0,1.0
SimGCL,128,1.0,1.0,0.1,1.0,1.0,1.0,1.0,0.05,1.0,1.0
SimGCL,129,1.0,1.0,0.2,1.0,1.0,1.0,1.0,0.1,1.0,1.0
SimGCL,130,1.0,1.0,0.1,1.0,1.0,1.0,1.0,0.05,1.0,1.0
SimGCL,131,1.0,1.0,0.1,1.0,1.0,1.0,1.0,0.05,1.0,1.0
SimGCL,132,1.0,1.0,0.1,1.0,1.0,1.0,1.0,0.05,1.0,1.0
SimGCL,133,1.0,1.0,0.1,1.0,1.0,1.0,1.0,0.05,1.0,1.0
SimGCL,134,1.0,1.0,0.1,1.0,1.0,1.0,1.0,0.05,1.0,1.0
SimGCL,135,1.0,1.0,0.2,1.0,1.0,1.0,1.0,0.1,1.0,1.0
SimGCL,136,1.0,1.0,0.1,1.0,1.0,1.0,1.0,0.05,1.0,1.0
SimGCL,137,1.0,1.0,0.2,1.0,1.0,1.0,1.0,0.1,1.0,1.0
SimGCL,138,1.0,1.0,0.1,1.0,1.0,1.0,1.0,0.05,1.0,1.0
SimGCL,139,1.0,1.0,0.2,1.0,1.0,1.0,1.0,0.1,1.0,1.0
SimGCL,140,1.0,1.0,0.1,1.0,1.0,1.0,1.0,0.05,1.0,1.0
SimGCL,141,1.0,1.0,0.2,1.0,1.0,1.0,1.0,0.1,1.0,1.0
SimGCL,142,1.0,1.0,0.1,1.0,1.0,1.0,1.0,0.05,1.0,1.0
SimGCL,143,1.0,1.0,0.1,1.0,1.0,1.0,1.0,0.05,1.0,1.0
SimGCL,144,1.0,1.0,0.1,1.0,1.0,1.0,1.0,0.05,1.0,1.0
SimGCL,145,1.0,1.0,0.1,1.0,1.0,1.0,1.0,0.05,1.0,1.0
SimGCL,146,1.0,1.0,0.1,1.0,1.0,1.0,1.0,0.05,1.0,1.0
SimGCL,147,1.0,1.0,0.1,1.0,1.0,1.0,1.0,0.05,1.0,1.0
SimGCL,148,1.0,1.0,0.1,1.0,1.0,1.0,1.0,0.05,1.0,1.0
SimGCL,149,1.0,1.0,0.1,1.0,1.0,1.0,1.0,0.05,1.0,1.0
SimGCL,150,1.0,1.0,0.1,1.0,1.0,1.0,1.0,0.05,1.0,1.0
SimGCL,151,1.0,1.0,0.1,1.0,1.0,1.0,1.0,0.05,1.0,1.0
SimGCL,152,1.0,1.0,0.1,1.0,1.0,1.0,1.0,0.05,1.0,1.0
SimGCL,153,1.0,1.0,0.1,1.0,1.0,1.0,1.0,0.05,1.0,1.0
SimGCL,154,1.0,1.0,0.1,1.0,1.0,1.0,1.0,0.05,1.0,1.0
SimGCL,155,1.0,1.0,0.2,1.0,1.0,1.0,1.0,0.1,1.0,1.0
SimGCL,156,1.0,1.0,0.1,1.0,1.0,1.0,1.0,0.05,1.0,1.0
SimGCL,157,1.0,1.0,0.1,1.0,1.0,1.0,1.0,0.05,1.0,1.0
SimGCL,158,1.0,1.0,0.1,1.0,1.0,1.0,1.0,0.05,1.0,1.0
SimGCL,159,1.0,1.0,0.1,1.0,1.0,1.0,1.0,0.05,1.0,1.0
SimGCL,160,1.0,1.0,0.1,1.0,1.0,1.0,1.0,0.05,1.0,1.0
SimGCL,161,1.0,1.0,0.1,1.0,1.0,1.0,1.0,0.05,1.0,1.0
SimGCL,162,1.0,1.0,0.2,1.0,1.0,1.0,1.0,0.1,1.0,1.0
SimGCL,163,1.0,1.0,0.1,1.0,1.0,1.0,1.0,0.05,1.0,1.0
SimGCL,164,1.0,1.0,0.1,1.0,1.0,1.0,1.0,0.05,1.0,1.0
SimGCL,165,1.0,1.0,0.1,1.0,1.0,1.0,1.0,0.05,1.0,1.0
SimGCL,166,1.0,1.0,0.1,1.0,1.0,1.0,1.0,0.05,1.0,1.0
SimGCL,167,1.0,1.0,0.1,1.0,1.0,1.0,1.0,0.05,1.0,1.0
SimGCL,168,1.0,1.0,0.1,1.0,1.0,1.0,1.0,0.05,1.0,1.0
SimGCL,169,1.0,1.0,0.1,1.0,1.0,1.0,1.0,0.05,1.0,1.0
SimGCL,170,1.0,1.0,0.1,1.0,1.0,1.0,1.0,0.05,1.0,1.0
SimGCL,171,1.0,1.0,0.1,1.0,1.0,1.0,1.0,0.05,1.0,1.0
SimGCL,172,1.0,1.0,0.1,1.0,1.0,1.0,1.0,0.05,1.0,1.0
SimGCL,173,1.0,1.0,0.1,1.0,1.0,1.0,1.0,0.05,1.0,1.0
SimGCL,174,0.38685280723454163,1.0,0.1,1.0,0.2,0.38685280723454163,1.0,0.05,1.0,0.2
SimGCL,175,1.0,1.0,0.1,1.0,1.0,1.0,1.0,0.05,1.0,1.0
SimGCL,176,1.0,1.0,0.1,1.0,1.0,1.0,1.0,0.05,1.0,1.0
SimGCL,177,1.0,1.0,0.1,1.0,1.0,1.0,1.0,0.05,1.0,1.0
SimGCL,178,1.0,1.0,0.1,1.0,1.0,1.0,1.0,0.05,1.0,1.0
SimGCL,179,0.9674679834891693,1.0,0.3,1.0,1.0,0.9674679834891693,1.0,0.15,1.0,1.0
SimGCL,180,1.0,1.0,0.1,1.0,1.0,1.0,1.0,0.05,1.0,1.0
SimGCL,181,1.0,1.0,0.2,1.0,1.0,1.0,1.0,0.1,1.0,1.0
SimGCL,182,1.0,1.0,0.1,1.0,1.0,1.0,1.0,0.05,1.0,1.0
SimGCL,183,1.0,1.0,0.1,1.0,1.0,1.0,1.0,0.05,1.0,1.0
SimGCL,184,1.0,1.0,0.1,1.0,1.0,1.0,1.0,0.05,1.0,1.0
SimGCL,185,1.0,1.0,0.1,1.0,1.0,1.0,1.0,0.05,1.0,1.0
SimGCL,186,1.0,1.0,0.1,1.0,1.0,1.0,1.0,0.05,1.0,1.0
SimGCL,187,1.0,1.0,0.1,1.0,1.0,1.0,1.0,0.05,1.0,1.0
SimGCL,188,1.0,1.0,0.2,1.0,1.0,1.0,1.0,0.1,1.0,1.0
SimGCL,189,1.0,1.0,0.1,1.0,1.0,1.0,1.0,0.05,1.0,1.0
SimGCL,190,1.0,1.0,0.1,1.0,1.0,1.0,1.0,0.05,1.0,1.0
SimGCL,191,1.0,1.0,0.2,1.0,1.0,1.0,1.0,0.1,1.0,1.0
SimGCL,192,1.0,1.0,0.1,1.0,1.0,1.0,1.0,0.05,1.0,1.0
SimGCL,193,1.0,1.0,0.1,1.0,1.0,1.0,1.0,0.05,1.0,1.0
SimGCL,194,1.0,1.0,0.1,1.0,1.0,1.0,1.0,0.05,1.0,1.0
SimGCL,195,1.0,1.0,0.1,1.0,1.0,1.0,1.0,0.05,1.0,1.0
SimGCL,196,1.0,1.0,0.4,1.0,1.0,1.0,1.0,0.2,1.0,1.0
SimGCL,197,1.0,1.0,0.1,1.0,1.0,1.0,1.0,0.05,1.0,1.0
SimGCL,198,1.0,1.0,0.2,1.0,1.0,1.0,1.0,0.1,1.0,1.0
SimGCL,199,1.0,1.0,0.2,1.0,1.0,1.0,1.0,0.1,1.0,1.0
SimGCL,200,1.0,1.0,0.1,1.0,1.0,1.0,1.0,0.05,1.0,1.0
SimGCL,201,1.0,1.0,0.1,1.0,1.0,1.0,1.0,0.05,1.0,1.0
SimGCL,202,1.0,1.0,0.2,1.0,1.0,1.0,1.0,0.1,1.0,1.0
SimGCL,203,1.0,1.0,0.2,1.0,1.0,1.0,1.0,0.1,1.0,1.0
SimGCL,204,1.0,1.0,0.2,1.0,1.0,1.0,1.0,0.1,1.0,1.0
SimGCL,205,1.0,1.0,0.2,1.0,1.0,1.0,1.0,0.1,1.0,1.0
SimGCL,206,1.0,1.0,0.2,1.0,1.0,1.0,1.0,0.1,1.0,1.0
SimGCL,207,1.0,1.0,0.1,1.0,1.0,1.0,1.0,0.05,1.0,1.0
SimGCL,208,1.0,1.0,0.1,1.0,1.0,1.0,1.0,0.05,1.0,1.0
SimGCL,209,1.0,1.0,0.1,1.0,1.0,1.0,1.0,0.05,1.0,1.0
SimGCL,210,1.0,1.0,0.2,1.0,1.0,1.0,1.0,0.1,1.0,1.0
SimGCL,211,1.0,1.0,0.1,1.0,1.0,1.0,1.0,0.05,1.0,1.0
SimGCL,212,0.9197207891481876,1.0,0.2,1.0,1.0,0.9197207891481876,1.0,0.1,1.0,1.0
SimGCL,213,1.0,1.0,0.1,1.0,1.0,1.0,1.0,0.05,1.0,1.0
SimGCL,214,1.0,1.0,0.3,1.0,1.0,1.0,1.0,0.15,1.0,1.0
SimGCL,215,1.0,1.0,0.1,1.0,1.0,1.0,1.0,0.05,1.0,1.0
SimGCL,216,1.0,1.0,0.1,1.0,1.0,1.0,1.0,0.05,1.0,1.0
SimGCL,217,1.0,1.0,0.3,1.0,1.0,1.0,1.0,0.15,1.0,1.0
SimGCL,218,1.0,1.0,0.1,1.0,1.0,1.0,1.0,0.05,1.0,1.0
SimGCL,219,1.0,1.0,0.1,1.0,1.0,1.0,1.0,0.05,1.0,1.0
SimGCL,220,1.0,1.0,0.1,1.0,1.0,1.0,1.0,0.05,1.0,1.0
SimGCL,221,1.0,1.0,0.1,1.0,1.0,1.0,1.0,0.05,1.0,1.0
SimGCL,222,0.9197207891481876,1.0,0.2,1.0,1.0,0.9197207891481876,1.0,0.1,1.0,1.0
SimGCL,223,1.0,1.0,0.2,1.0,1.0,1.0,1.0,0.1,1.0,1.0
SimGCL,224,1.0,1.0,0.3,1.0,1.0,1.0,1.0,0.15,1.0,1.0
SimGCL,225,1.0,1.0,0.1,1.0,1.0,1.0,1.0,0.05,1.0,1.0
SimGCL,226,1.0,1.0,0.1,1.0,1.0,1.0,1.0,0.05,1.0,1.0
SimGCL,227,1.0,1.0,0.3,1.0,1.0,1.0,1.0,0.15,1.0,1.0
SimGCL,228,1.0,1.0,0.1,1.0,1.0,1.0,1.0,0.05,1.0,1.0
SimGCL,229,1.0,1.0,0.1,1.0,1.0,1.0,1.0,0.05,1.0,1.0
SimGCL,230,1.0,1.0,0.1,1.0,1.0,1.0,1.0,0.05,1.0,1.0
SimGCL,231,1.0,1.0,0.1,1.0,1.0,1.0,1.0,0.05,1.0,1.0
SimGCL,232,1.0,1.0,0.2,1.0,1.0,1.0,1.0,0.1,1.0,1.0
SimGCL,233,0.43067655807339306,1.0,0.1,1.0,0.25,0.43067655807339306,1.0,0.05,1.0,0.25
SimGCL,234,1.0,1.0,0.2,1.0,1.0,1.0,1.0,0.1,1.0,1.0
SimGCL,235,1.0,1.0,0.1,1.0,1.0,1.0,1.0,0.05,1.0,1.0
SimGCL,236,1.0,1.0,0.1,1.0,1.0,1.0,1.0,0.05,1.0,1.0
SimGCL,237,1.0,1.0,0.1,1.0,1.0,1.0,1.0,0.05,1.0,1.0
SimGCL,238,1.0,1.0,0.2,1.0,1.0,1.0,1.0,0.1,1.0,1.0
SimGCL,239,1.0,1.0,0.1,1.0,1.0,1.0,1.0,0.05,1.0,1.0
SimGCL,240,0.8772153153380493,1.0,0.2,1.0,1.0,0.8772153153380493,1.0,0.1,1.0,1.0
SimGCL,241,1.0,1.0,0.1,1.0,1.0,1.0,1.0,0.05,1.0,1.0
SimGCL,242,1.0,1.0,0.1,1.0,1.0,1.0,1.0,0.05,1.0,1.0
SimGCL,243,1.0,1.0,0.2,1.0,1.0,1.0,1.0,0.1,1.0,1.0
SimGCL,244,1.0,1.0,0.2,1.0,1.0,1.0,1.0,0.1,1.0,1.0
SimGCL,245,1.0,1.0,0.1,1.0,1.0,1.0,1.0,0.05,1.0,1.0
SimGCL,246,1.0,1.0,0.3,1.0,1.0,1.0,1.0,0.15,1.0,1.0
SimGCL,247,1.0,1.0,0.1,1.0,1.0,1.0,1.0,0.05,1.0,1.0
SimGCL,248,1.0,1.0,0.2,1.0,1.0,1.0,1.0,0.1,1.0,1.0
SimGCL,249,1.0,1.0,0.1,1.0,1.0,1.0,1.0,0.05,1.0,1.0
SimGCL,250,1.0,1.0,0.2,1.0,1.0,1.0,1.0,0.1,1.0,1.0
SimGCL,251,1.0,1.0,0.3,1.0,1.0,1.0,1.0,0.15,1.0,1.0
SimGCL,252,1.0,1.0,0.2,1.0,1.0,1.0,1.0,0.1,1.0,1.0
SimGCL,253,1.0,1.0,0.1,1.0,1.0,1.0,1.0,0.05,1.0,1.0
SimGCL,254,1.0,1.0,0.1,1.0,1.0,1.0,1.0,0.05,1.0,1.0
SimGCL,255,1.0,1.0,0.2,1.0,1.0,1.0,1.0,0.1,1.0,1.0
SimGCL,256,1.0,1.0,0.1,1.0,1.0,1.0,1.0,0.05,1.0,1.0
SimGCL,257,1.0,1.0,0.2,1.0,1.0,1.0,1.0,0.1,1.0,1.0
SimGCL,258,1.0,1.0,0.2,1.0,1.0,1.0,1.0,0.1,1.0,1.0
SimGCL,259,1.0,1.0,0.1,1.0,1.0,1.0,1.0,0.05,1.0,1.0
SimGCL,260,1.0,1.0,0.1,1.0,1.0,1.0,1.0,0.05,1.0,1.0
SimGCL,261,1.0,1.0,0.1,1.0,1.0,1.0,1.0,0.05,1.0,1.0
SimGCL,262,1.0,1.0,0.2,1.0,1.0,1.0,1.0,0.1,1.0,1.0
SimGCL,263,1.0,1.0,0.1,1.0,1.0,1.0,1.0,0.05,1.0,1.0
SimGCL,264,1.0,1.0,0.2,1.0,1.0,1.0,1.0,0.1,1.0,1.0
SimGCL,265,0.9447176050778178,1.0,0.4,1.0,1.0,0.9447176050778178,1.0,0.2,1.0,1.0
SimGCL,266,1.0,1.0,0.1,1.0,1.0,1.0,1.0,0.05,1.0,1.0
SimGCL,267,1.0,1.0,0.1,1.0,1.0,1.0,1.0,0.05,1.0,1.0
SimGCL,268,1.0,1.0,0.2,1.0,1.0,1.0,1.0,0.1,1.0,1.0
SimGCL,269,1.0,1.0,0.2,1.0,1.0,1.0,1.0,0.1,1.0,1.0
SimGCL,270,0.6131471927654584,0.5,0.1,1.0,1.0,0.6131471927654584,0.5,0.05,1.0,1.0
SimGCL,271,1.0,1.0,0.2,1.0,1.0,1.0,1.0,0.1,1.0,1.0
SimGCL,272,0.9197207891481876,1.0,0.2,1.0,1.0,0.9197207891481876,1.0,0.1,1.0,1.0
SimGCL,273,1.0,1.0,0.1,1.0,1.0,1.0,1.0,0.05,1.0,1.0
SimGCL,274,1.0,1.0,0.2,1.0,1.0,1.0,1.0,0.1,1.0,1.0
SimGCL,275,1.0,1.0,0.2,1.0,1.0,1.0,1.0,0.1,1.0,1.0
SimGCL,276,1.0,1.0,0.2,1.0,1.0,1.0,1.0,0.1,1.0,1.0
SimGCL,277,1.0,1.0,0.3,1.0,1.0,1.0,1.0,0.15,1.0,1.0
SimGCL,278,1.0,1.0,0.2,1.0,1.0,1.0,1.0,0.1,1.0,1.0
SimGCL,279,1.0,1.0,0.3,1.0,1.0,1.0,1.0,0.15,1.0,1.0
SimGCL,280,1.0,1.0,0.2,1.0,1.0,1.0,1.0,0.1,1.0,1.0
SimGCL,281,1.0,1.0,0.1,1.0,1.0,1.0,1.0,0.05,1.0,1.0
SimGCL,282,1.0,1.0,0.1,1.0,1.0,1.0,1.0,0.05,1.0,1.0
SimGCL,283,1.0,1.0,0.3,1.0,1.0,1.0,1.0,0.15,1.0,1.0
SimGCL,284,1.0,1.0,0.2,1.0,1.0,1.0,1.0,0.1,1.0,1.0
SimGCL,285,1.0,1.0,0.2,1.0,1.0,1.0,1.0,0.1,1.0,1.0
SimGCL,286,1.0,1.0,0.1,1.0,1.0,1.0,1.0,0.05,1.0,1.0
SimGCL,287,1.0,1.0,0.3,1.0,1.0,1.0,1.0,0.15,1.0,1.0
SimGCL,288,1.0,1.0,0.2,1.0,1.0,1.0,1.0,0.1,1.0,1.0
SimGCL,289,1.0,1.0,0.2,1.0,1.0,1.0,1.0,0.1,1.0,1.0
SimGCL,290,0.7903864795495061,1.0,0.2,1.0,1.0,0.7903864795495061,1.0,0.1,1.0,1.0
SimGCL,291,1.0,1.0,0.3,1.0,1.0,1.0,1.0,0.15,1.0,1.0
SimGCL,292,1.0,1.0,0.2,1.0,1.0,1.0,1.0,0.1,1.0,1.0
SimGCL,293,1.0,1.0,0.1,1.0,1.0,1.0,1.0,0.05,1.0,1.0
SimGCL,294,1.0,1.0,0.2,1.0,1.0,1.0,1.0,0.1,1.0,1.0
SimGCL,295,1.0,1.0,0.1,1.0,1.0,1.0,1.0,0.05,1.0,1.0
SimGCL,296,1.0,1.0,0.2,1.0,1.0,1.0,1.0,0.1,1.0,1.0
SimGCL,297,1.0,1.0,0.2,1.0,1.0,1.0,1.0,0.1,1.0,1.0
SimGCL,298,1.0,1.0,0.2,1.0,1.0,1.0,1.0,0.1,1.0,1.0
SimGCL,299,1.0,1.0,0.3,1.0,1.0,1.0,1.0,0.15,1.0,1.0
SimGCL,300,1.0,1.0,0.2,1.0,1.0,1.0,1.0,0.1,1.0,1.0
SimGCL,301,1.0,1.0,0.1,1.0,1.0,1.0,1.0,0.05,1.0,1.0
SimGCL,302,1.0,1.0,0.3,1.0,1.0,1.0,1.0,0.15,1.0,1.0
SimGCL,303,1.0,1.0,0.2,1.0,1.0,1.0,1.0,0.1,1.0,1.0
SimGCL,304,1.0,1.0,0.1,1.0,1.0,1.0,1.0,0.05,1.0,1.0
SimGCL,305,1.0,1.0,0.1,1.0,1.0,1.0,1.0,0.05,1.0,1.0
SimGCL,306,1.0,1.0,0.2,1.0,1.0,1.0,1.0,0.1,1.0,1.0
SimGCL,307,1.0,1.0,0.1,1.0,1.0,1.0,1.0,0.05,1.0,1.0
SimGCL,308,1.0,1.0,0.2,1.0,1.0,1.0,1.0,0.1,1.0,1.0
SimGCL,309,1.0,1.0,0.2,1.0,1.0,1.0,1.0,0.1,1.0,1.0
SimGCL,310,1.0,1.0,0.3,1.0,1.0,1.0,1.0,0.15,1.0,1.0
SimGCL,311,1.0,1.0,0.2,1.0,1.0,1.0,1.0,0.1,1.0,1.0
SimGCL,312,1.0,1.0,0.1,1.0,1.0,1.0,1.0,0.05,1.0,1.0
SimGCL,313,1.0,1.0,0.1,1.0,1.0,1.0,1.0,0.05,1.0,1.0
SimGCL,314,1.0,1.0,0.1,1.0,1.0,1.0,1.0,0.05,1.0,1.0
SimGCL,315,1.0,1.0,0.2,1.0,1.0,1.0,1.0,0.1,1.0,1.0
SimGCL,316,0.8772153153380493,1.0,0.2,1.0,1.0,0.8772153153380493,1.0,0.1,1.0,1.0
SimGCL,317,1.0,1.0,0.3,1.0,1.0,1.0,1.0,0.15,1.0,1.0
SimGCL,318,1.0,1.0,0.2,1.0,1.0,1.0,1.0,0.1,1.0,1.0
SimGCL,319,1.0,1.0,0.1,1.0,1.0,1.0,1.0,0.05,1.0,1.0
SimGCL,320,1.0,1.0,0.2,1.0,1.0,1.0,1.0,0.1,1.0,1.0
SimGCL,321,1.0,1.0,0.2,1.0,1.0,1.0,1.0,0.1,1.0,1.0
SimGCL,322,0.6131471927654584,0.5,0.1,1.0,1.0,0.6131471927654584,0.5,0.05,1.0,1.0
SimGCL,323,1.0,1.0,0.3,1.0,1.0,1.0,1.0,0.15,1.0,1.0
SimGCL,324,1.0,1.0,0.3,1.0,1.0,1.0,1.0,0.15,1.0,1.0
SimGCL,325,1.0,1.0,0.2,1.0,1.0,1.0,1.0,0.1,1.0,1.0
SimGCL,326,1.0,1.0,0.1,1.0,1.0,1.0,1.0,0.05,1.0,1.0
SimGCL,327,1.0,1.0,0.2,1.0,1.0,1.0,1.0,0.1,1.0,1.0
SimGCL,328,1.0,1.0,0.1,1.0,1.0,1.0,1.0,0.05,1.0,1.0
SimGCL,329,1.0,1.0,0.2,1.0,1.0,1.0,1.0,0.1,1.0,1.0
SimGCL,330,1.0,1.0,0.1,1.0,1.0,1.0,1.0,0.05,1.0,1.0
SimGCL,331,1.0,1.0,0.3,1.0,1.0,1.0,1.0,0.15,1.0,1.0
SimGCL,332,1.0,1.0,0.2,1.0,1.0,1.0,1.0,0.1,1.0,1.0
SimGCL,333,1.0,1.0,0.3,1.0,1.0,1.0,1.0,0.15,1.0,1.0
SimGCL,334,1.0,1.0,0.2,1.0,1.0,1.0,1.0,0.1,1.0,1.0
SimGCL,335,1.0,1.0,0.2,1.0,1.0,1.0,1.0,0.1,1.0,1.0
SimGCL,336,1.0,1.0,0.2,1.0,1.0,1.0,1.0,0.1,1.0,1.0
SimGCL,337,1.0,1.0,0.2,1.0,1.0,1.0,1.0,0.1,1.0,1.0
SimGCL,338,1.0,1.0,0.2,1.0,1.0,1.0,1.0,0.1,1.0,1.0
SimGCL,339,1.0,1.0,0.3,1.0,1.0,1.0,1.0,0.15,1.0,1.0
SimGCL,340,1.0,1.0,0.3,1.0,1.0,1.0,1.0,0.15,1.0,1.0
SimGCL,341,1.0,1.0,0.1,1.0,1.0,1.0,1.0,0.05,1.0,1.0
SimGCL,342,1.0,1.0,0.2,1.0,1.0,1.0,1.0,0.1,1.0,1.0
SimGCL,343,1.0,1.0,0.2,1.0,1.0,1.0,1.0,0.1,1.0,1.0
SimGCL,344,1.0,1.0,0.2,1.0,1.0,1.0,1.0,0.1,1.0,1.0
SimGCL,345,1.0,1.0,0.1,1.0,1.0,1.0,1.0,0.05,1.0,1.0
SimGCL,346,1.0,1.0,0.1,1.0,1.0,1.0,1.0,0.05,1.0,1.0
SimGCL,347,1.0,1.0,0.2,1.0,1.0,1.0,1.0,0.1,1.0,1.0
SimGCL,348,1.0,1.0,0.1,1.0,1.0,1.0,1.0,0.05,1.0,1.0
SimGCL,349,1.0,1.0,0.1,1.0,1.0,1.0,1.0,0.05,1.0,1.0
SimGCL,350,1.0,1.0,0.3,1.0,1.0,1.0,1.0,0.15,1.0,1.0
SimGCL,351,1.0,1.0,0.2,1.0,1.0,1.0,1.0,0.1,1.0,1.0
SimGCL,352,1.0,1.0,0.2,1.0,1.0,1.0,1.0,0.1,1.0,1.0
SimGCL,353,1.0,1.0,0.1,1.0,1.0,1.0,1.0,0.05,1.0,1.0
SimGCL,354,1.0,1.0,0.3,1.0,1.0,1.0,1.0,0.15,1.0,1.0
SimGCL,355,1.0,1.0,0.1,1.0,1.0,1.0,1.0,0.05,1.0,1.0
SimGCL,356,1.0,1.0,0.2,1.0,1.0,1.0,1.0,0.1,1.0,1.0
SimGCL,357,1.0,1.0,0.1,1.0,1.0,1.0,1.0,0.05,1.0,1.0
SimGCL,358,1.0,1.0,0.2,1.0,1.0,1.0,1.0,0.1,1.0,1.0
SimGCL,359,1.0,1.0,0.1,1.0,1.0,1.0,1.0,0.05,1.0,1.0
SimGCL,360,0.0,0.0,0.0,0.0,0.0,0.0,0.0,0.0,0.0,0.0
SimGCL,361,1.0,1.0,0.2,1.0,1.0,1.0,1.0,0.1,1.0,1.0
SimGCL,362,1.0,1.0,0.2,1.0,1.0,1.0,1.0,0.1,1.0,1.0
SimGCL,363,1.0,1.0,0.3,1.0,1.0,1.0,1.0,0.15,1.0,1.0
SimGCL,364,1.0,1.0,0.2,1.0,1.0,1.0,1.0,0.1,1.0,1.0
SimGCL,365,1.0,1.0,0.2,1.0,1.0,1.0,1.0,0.1,1.0,1.0
SimGCL,366,1.0,1.0,0.2,1.0,1.0,1.0,1.0,0.1,1.0,1.0
SimGCL,367,1.0,1.0,0.1,1.0,1.0,1.0,1.0,0.05,1.0,1.0
SimGCL,368,1.0,1.0,0.4,1.0,1.0,1.0,1.0,0.2,1.0,1.0
SimGCL,369,1.0,1.0,0.2,1.0,1.0,1.0,1.0,0.1,1.0,1.0
SimGCL,370,1.0,1.0,0.4,1.0,1.0,1.0,1.0,0.2,1.0,1.0
SimGCL,371,1.0,1.0,0.1,1.0,1.0,1.0,1.0,0.05,1.0,1.0
SimGCL,372,1.0,1.0,0.1,1.0,1.0,1.0,1.0,0.05,1.0,1.0
SimGCL,373,1.0,1.0,0.3,1.0,1.0,1.0,1.0,0.15,1.0,1.0
SimGCL,374,1.0,1.0,0.2,1.0,1.0,1.0,1.0,0.1,1.0,1.0
SimGCL,375,0.8315546295836225,1.0,0.2,1.0,1.0,0.8315546295836225,1.0,0.1,1.0,1.0
SimGCL,376,1.0,1.0,0.3,1.0,1.0,1.0,1.0,0.15,1.0,1.0
SimGCL,377,1.0,1.0,0.3,1.0,1.0,1.0,1.0,0.15,1.0,1.0
SimGCL,378,1.0,1.0,0.2,1.0,1.0,1.0,1.0,0.1,1.0,1.0
SimGCL,379,1.0,1.0,0.1,1.0,1.0,1.0,1.0,0.05,1.0,1.0
SimGCL,380,1.0,1.0,0.2,1.0,1.0,1.0,1.0,0.1,1.0,1.0
SimGCL,381,1.0,1.0,0.4,1.0,1.0,1.0,1.0,0.2,1.0,1.0
SimGCL,382,0.9134015924715543,1.0,0.3,1.0,1.0,0.9134015924715543,1.0,0.15,1.0,1.0
SimGCL,383,1.0,1.0,0.1,1.0,1.0,1.0,1.0,0.05,1.0,1.0
SimGCL,384,1.0,1.0,0.3,1.0,1.0,1.0,1.0,0.15,1.0,1.0
SimGCL,385,1.0,1.0,0.3,1.0,1.0,1.0,1.0,0.15,1.0,1.0
SimGCL,386,1.0,1.0,0.1,1.0,1.0,1.0,1.0,0.05,1.0,1.0
SimGCL,387,1.0,1.0,0.2,1.0,1.0,1.0,1.0,0.1,1.0,1.0
SimGCL,388,1.0,1.0,0.2,1.0,1.0,1.0,1.0,0.1,1.0,1.0
SimGCL,389,1.0,1.0,0.3,1.0,1.0,1.0,1.0,0.15,1.0,1.0
SimGCL,390,0.7653606369886217,0.6666666666666666,0.2,1.0,1.0,0.7653606369886217,0.6666666666666666,0.1,1.0,1.0
SimGCL,391,1.0,1.0,0.1,1.0,1.0,1.0,1.0,0.05,1.0,1.0
SimGCL,392,1.0,1.0,0.2,1.0,1.0,1.0,1.0,0.1,1.0,1.0
SimGCL,393,1.0,1.0,0.3,1.0,1.0,1.0,1.0,0.15,1.0,1.0
SimGCL,394,1.0,1.0,0.2,1.0,1.0,1.0,1.0,0.1,1.0,1.0
SimGCL,395,1.0,1.0,0.2,1.0,1.0,1.0,1.0,0.1,1.0,1.0
SimGCL,396,1.0,1.0,0.4,1.0,1.0,1.0,1.0,0.2,1.0,1.0
SimGCL,397,1.0,1.0,0.3,1.0,1.0,1.0,1.0,0.15,1.0,1.0
SimGCL,398,1.0,1.0,0.2,1.0,1.0,1.0,1.0,0.1,1.0,1.0
SimGCL,399,1.0,1.0,0.2,1.0,1.0,1.0,1.0,0.1,1.0,1.0
SimGCL,400,1.0,1.0,0.2,1.0,1.0,1.0,1.0,0.1,1.0,1.0
SimGCL,401,1.0,1.0,0.3,1.0,1.0,1.0,1.0,0.15,1.0,1.0
SimGCL,402,1.0,1.0,0.2,1.0,1.0,1.0,1.0,0.1,1.0,1.0
SimGCL,403,1.0,1.0,0.2,1.0,1.0,1.0,1.0,0.1,1.0,1.0
SimGCL,404,1.0,1.0,0.2,1.0,1.0,1.0,1.0,0.1,1.0,1.0
SimGCL,405,1.0,1.0,0.3,1.0,1.0,1.0,1.0,0.15,1.0,1.0
SimGCL,406,1.0,1.0,0.3,1.0,1.0,1.0,1.0,0.15,1.0,1.0
SimGCL,407,1.0,1.0,0.2,1.0,1.0,1.0,1.0,0.1,1.0,1.0
SimGCL,408,1.0,1.0,0.3,1.0,1.0,1.0,1.0,0.15,1.0,1.0
SimGCL,409,1.0,1.0,0.3,1.0,1.0,1.0,1.0,0.15,1.0,1.0
SimGCL,410,1.0,1.0,0.2,1.0,1.0,1.0,1.0,0.1,1.0,1.0
SimGCL,411,1.0,1.0,0.3,1.0,1.0,1.0,1.0,0.15,1.0,1.0
SimGCL,412,1.0,1.0,0.2,1.0,1.0,1.0,1.0,0.1,1.0,1.0
SimGCL,413,1.0,1.0,0.1,1.0,1.0,1.0,1.0,0.05,1.0,1.0
SimGCL,414,1.0,1.0,0.3,1.0,1.0,1.0,1.0,0.15,1.0,1.0
SimGCL,415,1.0,1.0,0.2,1.0,1.0,1.0,1.0,0.1,1.0,1.0
SimGCL,416,1.0,1.0,0.3,1.0,1.0,1.0,1.0,0.15,1.0,1.0
SimGCL,417,1.0,1.0,0.1,1.0,1.0,1.0,1.0,0.05,1.0,1.0
SimGCL,418,1.0,1.0,0.2,1.0,1.0,1.0,1.0,0.1,1.0,1.0
SimGCL,419,1.0,1.0,0.2,1.0,1.0,1.0,1.0,0.1,1.0,1.0
SimGCL,420,1.0,1.0,0.2,1.0,1.0,1.0,1.0,0.1,1.0,1.0
SimGCL,421,0.7653606369886217,0.6666666666666666,0.2,1.0,1.0,0.885476292786673,1.0,0.15,1.0,1.0
SimGCL,422,1.0,1.0,0.2,1.0,1.0,1.0,1.0,0.1,1.0,1.0
SimGCL,423,1.0,1.0,0.2,1.0,1.0,1.0,1.0,0.1,1.0,1.0
SimGCL,424,1.0,1.0,0.2,1.0,1.0,1.0,1.0,0.1,1.0,1.0
SimGCL,425,1.0,1.0,0.3,1.0,1.0,1.0,1.0,0.15,1.0,1.0
SimGCL,426,0.7653606369886217,0.6666666666666666,0.2,1.0,1.0,0.8778995257840893,1.0,0.15,1.0,1.0
SimGCL,427,1.0,1.0,0.1,1.0,1.0,1.0,1.0,0.05,1.0,1.0
SimGCL,428,1.0,1.0,0.1,1.0,1.0,1.0,1.0,0.05,1.0,1.0
SimGCL,429,1.0,1.0,0.3,1.0,1.0,1.0,1.0,0.15,1.0,1.0
SimGCL,430,1.0,1.0,0.2,1.0,1.0,1.0,1.0,0.1,1.0,1.0
SimGCL,431,1.0,1.0,0.1,1.0,1.0,1.0,1.0,0.05,1.0,1.0
SimGCL,432,1.0,1.0,0.2,1.0,1.0,1.0,1.0,0.1,1.0,1.0
SimGCL,433,1.0,1.0,0.2,1.0,1.0,1.0,1.0,0.1,1.0,1.0
SimGCL,434,1.0,1.0,0.1,1.0,1.0,1.0,1.0,0.05,1.0,1.0
SimGCL,435,0.9828920819566879,1.0,0.4,1.0,1.0,0.9828920819566879,1.0,0.2,1.0,1.0
SimGCL,436,1.0,1.0,0.1,1.0,1.0,1.0,1.0,0.05,1.0,1.0
SimGCL,437,1.0,1.0,0.2,1.0,1.0,1.0,1.0,0.1,1.0,1.0
SimGCL,438,1.0,1.0,0.3,1.0,1.0,1.0,1.0,0.15,1.0,1.0
SimGCL,439,1.0,1.0,0.2,1.0,1.0,1.0,1.0,0.1,1.0,1.0
SimGCL,440,0.7653606369886217,0.6666666666666666,0.2,1.0,1.0,0.8886164761813452,1.0,0.15,1.0,1.0
SimGCL,441,0.9669850519151657,1.0,0.5,1.0,1.0,0.9669850519151657,1.0,0.25,1.0,1.0
SimGCL,442,1.0,1.0,0.4,1.0,1.0,1.0,1.0,0.2,1.0,1.0
SimGCL,443,1.0,1.0,0.2,1.0,1.0,1.0,1.0,0.1,1.0,1.0
SimGCL,444,1.0,1.0,0.2,1.0,1.0,1.0,1.0,0.1,1.0,1.0
SimGCL,445,1.0,1.0,0.1,1.0,1.0,1.0,1.0,0.05,1.0,1.0
SimGCL,446,1.0,1.0,0.1,1.0,1.0,1.0,1.0,0.05,1.0,1.0
SimGCL,447,1.0,1.0,0.2,1.0,1.0,1.0,1.0,0.1,1.0,1.0
SimGCL,448,1.0,1.0,0.2,1.0,1.0,1.0,1.0,0.1,1.0,1.0
SimGCL,449,1.0,1.0,0.3,1.0,1.0,1.0,1.0,0.15,1.0,1.0
SimGCL,450,1.0,1.0,0.2,1.0,1.0,1.0,1.0,0.1,1.0,1.0
SimGCL,451,1.0,1.0,0.3,1.0,1.0,1.0,1.0,0.15,1.0,1.0
SimGCL,452,1.0,1.0,0.1,1.0,1.0,1.0,1.0,0.05,1.0,1.0
SimGCL,453,1.0,1.0,0.1,1.0,1.0,1.0,1.0,0.05,1.0,1.0
SimGCL,454,1.0,1.0,0.2,1.0,1.0,1.0,1.0,0.1,1.0,1.0
SimGCL,455,1.0,1.0,0.2,1.0,1.0,1.0,1.0,0.1,1.0,1.0
SimGCL,456,1.0,1.0,0.1,1.0,1.0,1.0,1.0,0.05,1.0,1.0
SimGCL,457,1.0,1.0,0.3,1.0,1.0,1.0,1.0,0.15,1.0,1.0
SimGCL,458,0.6934264036172708,1.0,0.2,1.0,0.5,0.6934264036172708,1.0,0.1,1.0,0.5
SimGCL,459,1.0,1.0,0.2,1.0,1.0,1.0,1.0,0.1,1.0,1.0
SimGCL,460,1.0,1.0,0.3,1.0,1.0,1.0,1.0,0.15,1.0,1.0
SimGCL,461,1.0,1.0,0.2,1.0,1.0,1.0,1.0,0.1,1.0,1.0
SimGCL,462,1.0,1.0,0.3,1.0,1.0,1.0,1.0,0.15,1.0,1.0
SimGCL,463,1.0,1.0,0.2,1.0,1.0,1.0,1.0,0.1,1.0,1.0
SimGCL,464,0.8318724637288826,0.75,0.3,1.0,1.0,0.8318724637288826,0.75,0.15,1.0,1.0
SimGCL,465,1.0,1.0,0.4,1.0,1.0,1.0,1.0,0.2,1.0,1.0
SimGCL,466,1.0,1.0,0.2,1.0,1.0,1.0,1.0,0.1,1.0,1.0
SimGCL,467,1.0,1.0,0.3,1.0,1.0,1.0,1.0,0.15,1.0,1.0
SimGCL,468,1.0,1.0,0.2,1.0,1.0,1.0,1.0,0.1,1.0,1.0
SimGCL,469,1.0,1.0,0.1,1.0,1.0,1.0,1.0,0.05,1.0,1.0
SimGCL,470,1.0,1.0,0.3,1.0,1.0,1.0,1.0,0.15,1.0,1.0
SimGCL,471,1.0,1.0,0.3,1.0,1.0,1.0,1.0,0.15,1.0,1.0
SimGCL,472,1.0,1.0,0.2,1.0,1.0,1.0,1.0,0.1,1.0,1.0
SimGCL,473,1.0,1.0,0.1,1.0,1.0,1.0,1.0,0.05,1.0,1.0
SimGCL,474,1.0,1.0,0.2,1.0,1.0,1.0,1.0,0.1,1.0,1.0
SimGCL,475,1.0,1.0,0.3,1.0,1.0,1.0,1.0,0.15,1.0,1.0
SimGCL,476,1.0,1.0,0.3,1.0,1.0,1.0,1.0,0.15,1.0,1.0
SimGCL,477,1.0,1.0,0.2,1.0,1.0,1.0,1.0,0.1,1.0,1.0
SimGCL,478,1.0,1.0,0.2,1.0,1.0,1.0,1.0,0.1,1.0,1.0
SimGCL,479,1.0,1.0,0.2,1.0,1.0,1.0,1.0,0.1,1.0,1.0
SimGCL,480,1.0,1.0,0.2,1.0,1.0,1.0,1.0,0.1,1.0,1.0
SimGCL,481,0.9197207891481876,1.0,0.2,1.0,1.0,0.9197207891481876,1.0,0.1,1.0,1.0
SimGCL,482,1.0,1.0,0.2,1.0,1.0,1.0,1.0,0.1,1.0,1.0
SimGCL,483,1.0,1.0,0.2,1.0,1.0,1.0,1.0,0.1,1.0,1.0
SimGCL,484,1.0,1.0,0.3,1.0,1.0,1.0,1.0,0.15,1.0,1.0
SimGCL,485,0.9708923176105698,1.0,0.5,1.0,1.0,0.9708923176105698,1.0,0.25,1.0,1.0
SimGCL,486,0.9197207891481876,1.0,0.2,1.0,1.0,0.9197207891481876,1.0,0.1,1.0,1.0
SimGCL,487,1.0,1.0,0.2,1.0,1.0,1.0,1.0,0.1,1.0,1.0
SimGCL,488,1.0,1.0,0.3,1.0,1.0,1.0,1.0,0.15,1.0,1.0
SimGCL,489,0.9197207891481876,1.0,0.2,1.0,1.0,0.9197207891481876,1.0,0.1,1.0,1.0
SimGCL,490,1.0,1.0,0.3,1.0,1.0,1.0,1.0,0.15,1.0,1.0
SimGCL,491,1.0,1.0,0.2,1.0,1.0,1.0,1.0,0.1,1.0,1.0
SimGCL,492,1.0,1.0,0.3,1.0,1.0,1.0,1.0,0.15,1.0,1.0
SimGCL,493,0.9197207891481876,1.0,0.2,1.0,1.0,0.9197207891481876,1.0,0.1,1.0,1.0
SimGCL,494,1.0,1.0,0.2,1.0,1.0,1.0,1.0,0.1,1.0,1.0
SimGCL,495,1.0,1.0,0.1,1.0,1.0,1.0,1.0,0.05,1.0,1.0
SimGCL,496,1.0,1.0,0.3,1.0,1.0,1.0,1.0,0.15,1.0,1.0
SimGCL,497,1.0,1.0,0.2,1.0,1.0,1.0,1.0,0.1,1.0,1.0
SimGCL,498,1.0,1.0,0.2,1.0,1.0,1.0,1.0,0.1,1.0,1.0
SimGCL,499,1.0,1.0,0.2,1.0,1.0,1.0,1.0,0.1,1.0,1.0
DiffNet,0,0.6309297535714575,1.0,0.1,1.0,0.5,0.6309297535714575,1.0,0.05,1.0,0.5
DiffNet,1,0.0,0.0,0.0,0.0,0.0,0.0,0.0,0.0,0.0,0.0
DiffNet,2,0.0,0.0,0.0,0.0,0.0,0.0,0.0,0.0,0.0,0.0
DiffNet,3,0.0,0.0,0.0,0.0,0.0,0.0,0.0,0.0,0.0,0.0
DiffNet,4,0.0,0.0,0.0,0.0,0.0,0.0,0.0,0.0,0.0,0.0
DiffNet,5,0.0,0.0,0.0,0.0,0.0,0.0,0.0,0.0,0.0,0.0
DiffNet,6,0.0,0.0,0.0,0.0,0.0,0.0,0.0,0.0,0.0,0.0
DiffNet,7,0.0,0.0,0.0,0.0,0.0,0.0,0.0,0.0,0.0,0.0
DiffNet,8,0.0,0.0,0.0,0.0,0.0,0.0,0.0,0.0,0.0,0.0
DiffNet,9,0.3010299956639812,1.0,0.1,1.0,0.1111111111111111,0.3010299956639812,1.0,0.05,1.0,0.1111111111111111
DiffNet,10,0.0,0.0,0.0,0.0,0.0,0.0,0.0,0.0,0.0,0.0
DiffNet,11,0.0,0.0,0.0,0.0,0.0,0.0,0.0,0.0,0.0,0.0
DiffNet,12,0.0,0.0,0.0,0.0,0.0,0.0,0.0,0.0,0.0,0.0
DiffNet,13,0.0,0.0,0.0,0.0,0.0,0.0,0.0,0.0,0.0,0.0
DiffNet,14,0.0,0.0,0.0,0.0,0.0,0.0,0.0,0.0,0.0,0.0
DiffNet,15,0.0,0.0,0.0,0.0,0.0,0.0,0.0,0.0,0.0,0.0
DiffNet,16,0.0,0.0,0.0,0.0,0.0,0.23981246656813146,1.0,0.05,1.0,0.058823529411764705
DiffNet,17,0.0,0.0,0.0,0.0,0.0,0.0,0.0,0.0,0.0,0.0
DiffNet,18,0.0,0.0,0.0,0.0,0.0,0.227670248696953,1.0,0.05,1.0,0.05
DiffNet,19,0.0,0.0,0.0,0.0,0.0,0.0,0.0,0.0,0.0,0.0
DiffNet,20,0.0,0.0,0.0,0.0,0.0,0.0,0.0,0.0,0.0,0.0
DiffNet,21,0.0,0.0,0.0,0.0,0.0,0.0,0.0,0.0,0.0,0.0
DiffNet,22,0.0,0.0,0.0,0.0,0.0,0.0,0.0,0.0,0.0,0.0
DiffNet,23,0.0,0.0,0.0,0.0,0.0,0.0,0.0,0.0,0.0,0.0
DiffNet,24,0.0,0.0,0.0,0.0,0.0,0.0,0.0,0.0,0.0,0.0
DiffNet,25,0.0,0.0,0.0,0.0,0.0,0.0,0.0,0.0,0.0,0.0
DiffNet,26,0.0,0.0,0.0,0.0,0.0,0.0,0.0,0.0,0.0,0.0
DiffNet,27,0.0,0.0,0.0,0.0,0.0,0.0,0.0,0.0,0.0,0.0
DiffNet,28,0.0,0.0,0.0,0.0,0.0,0.0,0.0,0.0,0.0,0.0
DiffNet,29,0.0,0.0,0.0,0.0,0.0,0.0,0.0,0.0,0.0,0.0
DiffNet,30,0.0,0.0,0.0,0.0,0.0,0.0,0.0,0.0,0.0,0.0
DiffNet,31,0.0,0.0,0.0,0.0,0.0,0.0,0.0,0.0,0.0,0.0
DiffNet,32,0.0,0.0,0.0,0.0,0.0,0.0,0.0,0.0,0.0,0.0
DiffNet,33,0.0,0.0,0.0,0.0,0.0,0.0,0.0,0.0,0.0,0.0
DiffNet,34,0.0,0.0,0.0,0.0,0.0,0.0,0.0,0.0,0.0,0.0
DiffNet,35,0.3010299956639812,1.0,0.1,1.0,0.1111111111111111,0.3010299956639812,1.0,0.05,1.0,0.1111111111111111
DiffNet,36,0.0,0.0,0.0,0.0,0.0,0.0,0.0,0.0,0.0,0.0
DiffNet,37,0.0,0.0,0.0,0.0,0.0,0.0,0.0,0.0,0.0,0.0
DiffNet,38,0.0,0.0,0.0,0.0,0.0,0.0,0.0,0.0,0.0,0.0
DiffNet,39,0.0,0.0,0.0,0.0,0.0,0.0,0.0,0.0,0.0,0.0
DiffNet,40,0.0,0.0,0.0,0.0,0.0,0.0,0.0,0.0,0.0,0.0
DiffNet,41,0.0,0.0,0.0,0.0,0.0,0.0,0.0,0.0,0.0,0.0
DiffNet,42,0.0,0.0,0.0,0.0,0.0,0.0,0.0,0.0,0.0,0.0
DiffNet,43,0.0,0.0,0.0,0.0,0.0,0.0,0.0,0.0,0.0,0.0
DiffNet,44,0.0,0.0,0.0,0.0,0.0,0.0,0.0,0.0,0.0,0.0
DiffNet,45,0.0,0.0,0.0,0.0,0.0,0.0,0.0,0.0,0.0,0.0
DiffNet,46,0.0,0.0,0.0,0.0,0.0,0.0,0.0,0.0,0.0,0.0
DiffNet,47,0.0,0.0,0.0,0.0,0.0,0.0,0.0,0.0,0.0,0.0
DiffNet,48,0.0,0.0,0.0,0.0,0.0,0.0,0.0,0.0,0.0,0.0
DiffNet,49,0.0,0.0,0.0,0.0,0.0,0.0,0.0,0.0,0.0,0.0
DiffNet,50,0.0,0.0,0.0,0.0,0.0,0.0,0.0,0.0,0.0,0.0
DiffNet,51,0.0,0.0,0.0,0.0,0.0,0.0,0.0,0.0,0.0,0.0
DiffNet,52,0.0,0.0,0.0,0.0,0.0,0.0,0.0,0.0,0.0,0.0
DiffNet,53,0.0,0.0,0.0,0.0,0.0,0.0,0.0,0.0,0.0,0.0
DiffNet,54,0.0,0.0,0.0,0.0,0.0,0.0,0.0,0.0,0.0,0.0
DiffNet,55,0.0,0.0,0.0,0.0,0.0,0.0,0.0,0.0,0.0,0.0
DiffNet,56,0.0,0.0,0.0,0.0,0.0,0.0,0.0,0.0,0.0,0.0
DiffNet,57,0.0,0.0,0.0,0.0,0.0,0.0,0.0,0.0,0.0,0.0
DiffNet,58,0.0,0.0,0.0,0.0,0.0,0.0,0.0,0.0,0.0,0.0
DiffNet,59,0.0,0.0,0.0,0.0,0.0,0.0,0.0,0.0,0.0,0.0
DiffNet,60,0.0,0.0,0.0,0.0,0.0,0.0,0.0,0.0,0.0,0.0
DiffNet,61,0.0,0.0,0.0,0.0,0.0,0.0,0.0,0.0,0.0,0.0
DiffNet,62,0.0,0.0,0.0,0.0,0.0,0.0,0.0,0.0,0.0,0.0
DiffNet,63,0.0,0.0,0.0,0.0,0.0,0.0,0.0,0.0,0.0,0.0
DiffNet,64,0.0,0.0,0.0,0.0,0.0,0.0,0.0,0.0,0.0,0.0
DiffNet,65,0.0,0.0,0.0,0.0,0.0,0.0,0.0,0.0,0.0,0.0
DiffNet,66,0.0,0.0,0.0,0.0,0.0,0.0,0.0,0.0,0.0,0.0
DiffNet,67,0.0,0.0,0.0,0.0,0.0,0.0,0.0,0.0,0.0,0.0
DiffNet,68,0.0,0.0,0.0,0.0,0.0,0.0,0.0,0.0,0.0,0.0
DiffNet,69,0.0,0.0,0.0,0.0,0.0,0.0,0.0,0.0,0.0,0.0
DiffNet,70,0.0,0.0,0.0,0.0,0.0,0.0,0.0,0.0,0.0,0.0
DiffNet,71,0.0,0.0,0.0,0.0,0.0,0.0,0.0,0.0,0.0,0.0
DiffNet,72,0.0,0.0,0.0,0.0,0.0,0.0,0.0,0.0,0.0,0.0
DiffNet,73,0.0,0.0,0.0,0.0,0.0,0.0,0.0,0.0,0.0,0.0
DiffNet,74,0.0,0.0,0.0,0.0,0.0,0.0,0.0,0.0,0.0,0.0
DiffNet,75,0.0,0.0,0.0,0.0,0.0,0.0,0.0,0.0,0.0,0.0
DiffNet,76,0.0,0.0,0.0,0.0,0.0,0.0,0.0,0.0,0.0,0.0
DiffNet,77,0.0,0.0,0.0,0.0,0.0,0.0,0.0,0.0,0.0,0.0
DiffNet,78,0.0,0.0,0.0,0.0,0.0,0.0,0.0,0.0,0.0,0.0
DiffNet,79,0.0,0.0,0.0,0.0,0.0,0.0,0.0,0.0,0.0,0.0
DiffNet,80,0.0,0.0,0.0,0.0,0.0,0.0,0.0,0.0,0.0,0.0
DiffNet,81,0.0,0.0,0.0,0.0,0.0,0.0,0.0,0.0,0.0,0.0
DiffNet,82,0.0,0.0,0.0,0.0,0.0,0.0,0.0,0.0,0.0,0.0
DiffNet,83,0.0,0.0,0.0,0.0,0.0,0.0,0.0,0.0,0.0,0.0
DiffNet,84,0.0,0.0,0.0,0.0,0.0,0.0,0.0,0.0,0.0,0.0
DiffNet,85,0.0,0.0,0.0,0.0,0.0,0.0,0.0,0.0,0.0,0.0
DiffNet,86,0.0,0.0,0.0,0.0,0.0,0.0,0.0,0.0,0.0,0.0
DiffNet,87,0.0,0.0,0.0,0.0,0.0,0.0,0.0,0.0,0.0,0.0
DiffNet,88,0.0,0.0,0.0,0.0,0.0,0.0,0.0,0.0,0.0,0.0
DiffNet,89,0.0,0.0,0.0,0.0,0.0,0.0,0.0,0.0,0.0,0.0
DiffNet,90,0.0,0.0,0.0,0.0,0.0,0.0,0.0,0.0,0.0,0.0
DiffNet,91,0.0,0.0,0.0,0.0,0.0,0.0,0.0,0.0,0.0,0.0
DiffNet,92,0.0,0.0,0.0,0.0,0.0,0.0,0.0,0.0,0.0,0.0
DiffNet,93,0.0,0.0,0.0,0.0,0.0,0.0,0.0,0.0,0.0,0.0
DiffNet,94,0.0,0.0,0.0,0.0,0.0,0.0,0.0,0.0,0.0,0.0
DiffNet,95,0.0,0.0,0.0,0.0,0.0,0.0,0.0,0.0,0.0,0.0
DiffNet,96,0.0,0.0,0.0,0.0,0.0,0.0,0.0,0.0,0.0,0.0
DiffNet,97,0.0,0.0,0.0,0.0,0.0,0.0,0.0,0.0,0.0,0.0
DiffNet,98,0.0,0.0,0.0,0.0,0.0,0.0,0.0,0.0,0.0,0.0
DiffNet,99,0.0,0.0,0.0,0.0,0.0,0.0,0.0,0.0,0.0,0.0
DiffNet,100,0.0,0.0,0.0,0.0,0.0,0.0,0.0,0.0,0.0,0.0
DiffNet,101,0.0,0.0,0.0,0.0,0.0,0.0,0.0,0.0,0.0,0.0
DiffNet,102,0.0,0.0,0.0,0.0,0.0,0.0,0.0,0.0,0.0,0.0
DiffNet,103,0.0,0.0,0.0,0.0,0.0,0.0,0.0,0.0,0.0,0.0
DiffNet,104,0.0,0.0,0.0,0.0,0.0,0.0,0.0,0.0,0.0,0.0
DiffNet,105,0.0,0.0,0.0,0.0,0.0,0.0,0.0,0.0,0.0,0.0
DiffNet,106,0.0,0.0,0.0,0.0,0.0,0.0,0.0,0.0,0.0,0.0
DiffNet,107,0.0,0.0,0.0,0.0,0.0,0.0,0.0,0.0,0.0,0.0
DiffNet,108,0.0,0.0,0.0,0.0,0.0,0.0,0.0,0.0,0.0,0.0
DiffNet,109,0.0,0.0,0.0,0.0,0.0,0.0,0.0,0.0,0.0,0.0
DiffNet,110,0.0,0.0,0.0,0.0,0.0,0.0,0.0,0.0,0.0,0.0
DiffNet,111,0.0,0.0,0.0,0.0,0.0,0.0,0.0,0.0,0.0,0.0
DiffNet,112,0.0,0.0,0.0,0.0,0.0,0.0,0.0,0.0,0.0,0.0
DiffNet,113,0.0,0.0,0.0,0.0,0.0,0.27894294565112987,1.0,0.05,1.0,0.09090909090909091
DiffNet,114,0.0,0.0,0.0,0.0,0.0,0.0,0.0,0.0,0.0,0.0
DiffNet,115,0.0,0.0,0.0,0.0,0.0,0.0,0.0,0.0,0.0,0.0
DiffNet,116,0.0,0.0,0.0,0.0,0.0,0.0,0.0,0.0,0.0,0.0
DiffNet,117,0.0,0.0,0.0,0.0,0.0,0.0,0.0,0.0,0.0,0.0
DiffNet,118,0.0,0.0,0.0,0.0,0.0,0.0,0.0,0.0,0.0,0.0
DiffNet,119,0.0,0.0,0.0,0.0,0.0,0.0,0.0,0.0,0.0,0.0
DiffNet,120,0.0,0.0,0.0,0.0,0.0,0.0,0.0,0.0,0.0,0.0
DiffNet,121,0.0,0.0,0.0,0.0,0.0,0.0,0.0,0.0,0.0,0.0
DiffNet,122,0.0,0.0,0.0,0.0,0.0,0.0,0.0,0.0,0.0,0.0
DiffNet,123,0.0,0.0,0.0,0.0,0.0,0.0,0.0,0.0,0.0,0.0
DiffNet,124,0.0,0.0,0.0,0.0,0.0,0.0,0.0,0.0,0.0,0.0
DiffNet,125,0.0,0.0,0.0,0.0,0.0,0.0,0.0,0.0,0.0,0.0
DiffNet,126,0.0,0.0,0.0,0.0,0.0,0.0,0.0,0.0,0.0,0.0
DiffNet,127,0.0,0.0,0.0,0.0,0.0,0.0,0.0,0.0,0.0,0.0
DiffNet,128,0.0,0.0,0.0,0.0,0.0,0.0,0.0,0.0,0.0,0.0
DiffNet,129,0.0,0.0,0.0,0.0,0.0,0.0,0.0,0.0,0.0,0.0
DiffNet,130,0.0,0.0,0.0,0.0,0.0,0.0,0.0,0.0,0.0,0.0
DiffNet,131,0.0,0.0,0.0,0.0,0.0,0.0,0.0,0.0,0.0,0.0
DiffNet,132,0.0,0.0,0.0,0.0,0.0,0.0,0.0,0.0,0.0,0.0
DiffNet,133,0.0,0.0,0.0,0.0,0.0,0.0,0.0,0.0,0.0,0.0
DiffNet,134,0.0,0.0,0.0,0.0,0.0,0.0,0.0,0.0,0.0,0.0
DiffNet,135,0.0,0.0,0.0,0.0,0.0,0.0,0.0,0.0,0.0,0.0
DiffNet,136,0.0,0.0,0.0,0.0,0.0,0.0,0.0,0.0,0.0,0.0
DiffNet,137,0.0,0.0,0.0,0.0,0.0,0.0,0.0,0.0,0.0,0.0
DiffNet,138,0.0,0.0,0.0,0.0,0.0,0.0,0.0,0.0,0.0,0.0
DiffNet,139,0.0,0.0,0.0,0.0,0.0,0.0,0.0,0.0,0.0,0.0
DiffNet,140,0.0,0.0,0.0,0.0,0.0,0.0,0.0,0.0,0.0,0.0
DiffNet,141,0.0,0.0,0.0,0.0,0.0,0.0,0.0,0.0,0.0,0.0
DiffNet,142,0.0,0.0,0.0,0.0,0.0,0.0,0.0,0.0,0.0,0.0
DiffNet,143,0.0,0.0,0.0,0.0,0.0,0.0,0.0,0.0,0.0,0.0
DiffNet,144,0.0,0.0,0.0,0.0,0.0,0.0,0.0,0.0,0.0,0.0
DiffNet,145,0.0,0.0,0.0,0.0,0.0,0.0,0.0,0.0,0.0,0.0
DiffNet,146,0.0,0.0,0.0,0.0,0.0,0.0,0.0,0.0,0.0,0.0
DiffNet,147,0.0,0.0,0.0,0.0,0.0,0.0,0.0,0.0,0.0,0.0
DiffNet,148,0.0,0.0,0.0,0.0,0.0,0.0,0.0,0.0,0.0,0.0
DiffNet,149,0.0,0.0,0.0,0.0,0.0,0.0,0.0,0.0,0.0,0.0
DiffNet,150,0.0,0.0,0.0,0.0,0.0,0.0,0.0,0.0,0.0,0.0
DiffNet,151,0.0,0.0,0.0,0.0,0.0,0.0,0.0,0.0,0.0,0.0
DiffNet,152,0.0,0.0,0.0,0.0,0.0,0.0,0.0,0.0,0.0,0.0
DiffNet,153,0.0,0.0,0.0,0.0,0.0,0.0,0.0,0.0,0.0,0.0
DiffNet,154,0.0,0.0,0.0,0.0,0.0,0.0,0.0,0.0,0.0,0.0
DiffNet,155,0.0,0.0,0.0,0.0,0.0,0.0,0.0,0.0,0.0,0.0
DiffNet,156,0.0,0.0,0.0,0.0,0.0,0.0,0.0,0.0,0.0,0.0
DiffNet,157,0.0,0.0,0.0,0.0,0.0,0.0,0.0,0.0,0.0,0.0
DiffNet,158,0.0,0.0,0.0,0.0,0.0,0.0,0.0,0.0,0.0,0.0
DiffNet,159,0.0,0.0,0.0,0.0,0.0,0.0,0.0,0.0,0.0,0.0
DiffNet,160,0.0,0.0,0.0,0.0,0.0,0.0,0.0,0.0,0.0,0.0
DiffNet,161,0.3010299956639812,1.0,0.1,1.0,0.1111111111111111,0.3010299956639812,1.0,0.05,1.0,0.1111111111111111
DiffNet,162,0.0,0.0,0.0,0.0,0.0,0.0,0.0,0.0,0.0,0.0
DiffNet,163,0.0,0.0,0.0,0.0,0.0,0.0,0.0,0.0,0.0,0.0
DiffNet,164,0.0,0.0,0.0,0.0,0.0,0.0,0.0,0.0,0.0,0.0
DiffNet,165,0.0,0.0,0.0,0.0,0.0,0.0,0.0,0.0,0.0,0.0
DiffNet,166,0.0,0.0,0.0,0.0,0.0,0.0,0.0,0.0,0.0,0.0
DiffNet,167,0.0,0.0,0.0,0.0,0.0,0.0,0.0,0.0,0.0,0.0
DiffNet,168,0.0,0.0,0.0,0.0,0.0,0.0,0.0,0.0,0.0,0.0
DiffNet,169,0.0,0.0,0.0,0.0,0.0,0.0,0.0,0.0,0.0,0.0
DiffNet,170,0.0,0.0,0.0,0.0,0.0,0.0,0.0,0.0,0.0,0.0
DiffNet,171,0.0,0.0,0.0,0.0,0.0,0.0,0.0,0.0,0.0,0.0
DiffNet,172,0.0,0.0,0.0,0.0,0.0,0.0,0.0,0.0,0.0,0.0
DiffNet,173,0.0,0.0,0.0,0.0,0.0,0.0,0.0,0.0,0.0,0.0
DiffNet,174,0.0,0.0,0.0,0.0,0.0,0.0,0.0,0.0,0.0,0.0
DiffNet,175,0.0,0.0,0.0,0.0,0.0,0.0,0.0,0.0,0.0,0.0
DiffNet,176,0.0,0.0,0.0,0.0,0.0,0.0,0.0,0.0,0.0,0.0
DiffNet,177,0.0,0.0,0.0,0.0,0.0,0.0,0.0,0.0,0.0,0.0
DiffNet,178,0.0,0.0,0.0,0.0,0.0,0.0,0.0,0.0,0.0,0.0
DiffNet,179,0.0,0.0,0.0,0.0,0.0,0.0,0.0,0.0,0.0,0.0
DiffNet,180,0.0,0.0,0.0,0.0,0.0,0.0,0.0,0.0,0.0,0.0
DiffNet,181,0.0,0.0,0.0,0.0,0.0,0.0,0.0,0.0,0.0,0.0
DiffNet,182,0.0,0.0,0.0,0.0,0.0,0.0,0.0,0.0,0.0,0.0
DiffNet,183,0.0,0.0,0.0,0.0,0.0,0.0,0.0,0.0,0.0,0.0
DiffNet,184,0.0,0.0,0.0,0.0,0.0,0.0,0.0,0.0,0.0,0.0
DiffNet,185,0.0,0.0,0.0,0.0,0.0,0.0,0.0,0.0,0.0,0.0
DiffNet,186,0.0,0.0,0.0,0.0,0.0,0.0,0.0,0.0,0.0,0.0
DiffNet,187,0.0,0.0,0.0,0.0,0.0,0.0,0.0,0.0,0.0,0.0
DiffNet,188,0.0,0.0,0.0,0.0,0.0,0.0,0.0,0.0,0.0,0.0
DiffNet,189,0.0,0.0,0.0,0.0,0.0,0.0,0.0,0.0,0.0,0.0
DiffNet,190,0.0,0.0,0.0,0.0,0.0,0.0,0.0,0.0,0.0,0.0
DiffNet,191,0.0,0.0,0.0,0.0,0.0,0.0,0.0,0.0,0.0,0.0
DiffNet,192,0.0,0.0,0.0,0.0,0.0,0.0,0.0,0.0,0.0,0.0
DiffNet,193,0.0,0.0,0.0,0.0,0.0,0.0,0.0,0.0,0.0,0.0
DiffNet,194,0.0,0.0,0.0,0.0,0.0,0.0,0.0,0.0,0.0,0.0
DiffNet,195,0.0,0.0,0.0,0.0,0.0,0.0,0.0,0.0,0.0,0.0
DiffNet,196,0.0,0.0,0.0,0.0,0.0,0.0,0.0,0.0,0.0,0.0
DiffNet,197,0.0,0.0,0.0,0.0,0.0,0.0,0.0,0.0,0.0,0.0
DiffNet,198,0.0,0.0,0.0,0.0,0.0,0.0,0.0,0.0,0.0,0.0
DiffNet,199,0.0,0.0,0.0,0.0,0.0,0.0,0.0,0.0,0.0,0.0
DiffNet,200,0.0,0.0,0.0,0.0,0.0,0.0,0.0,0.0,0.0,0.0
DiffNet,201,0.0,0.0,0.0,0.0,0.0,0.0,0.0,0.0,0.0,0.0
DiffNet,202,0.0,0.0,0.0,0.0,0.0,0.0,0.0,0.0,0.0,0.0
DiffNet,203,0.0,0.0,0.0,0.0,0.0,0.0,0.0,0.0,0.0,0.0
DiffNet,204,0.0,0.0,0.0,0.0,0.0,0.0,0.0,0.0,0.0,0.0
DiffNet,205,0.0,0.0,0.0,0.0,0.0,0.0,0.0,0.0,0.0,0.0
DiffNet,206,0.0,0.0,0.0,0.0,0.0,0.0,0.0,0.0,0.0,0.0
DiffNet,207,0.0,0.0,0.0,0.0,0.0,0.0,0.0,0.0,0.0,0.0
DiffNet,208,0.0,0.0,0.0,0.0,0.0,0.0,0.0,0.0,0.0,0.0
DiffNet,209,0.0,0.0,0.0,0.0,0.0,0.0,0.0,0.0,0.0,0.0
DiffNet,210,0.0,0.0,0.0,0.0,0.0,0.0,0.0,0.0,0.0,0.0
DiffNet,211,0.0,0.0,0.0,0.0,0.0,0.0,0.0,0.0,0.0,0.0
DiffNet,212,0.0,0.0,0.0,0.0,0.0,0.0,0.0,0.0,0.0,0.0
DiffNet,213,0.0,0.0,0.0,0.0,0.0,0.0,0.0,0.0,0.0,0.0
DiffNet,214,0.0,0.0,0.0,0.0,0.0,0.0,0.0,0.0,0.0,0.0
DiffNet,215,0.0,0.0,0.0,0.0,0.0,0.0,0.0,0.0,0.0,0.0
DiffNet,216,0.0,0.0,0.0,0.0,0.0,0.0,0.0,0.0,0.0,0.0
DiffNet,217,0.0,0.0,0.0,0.0,0.0,0.0,0.0,0.0,0.0,0.0
DiffNet,218,0.0,0.0,0.0,0.0,0.0,0.0,0.0,0.0,0.0,0.0
DiffNet,219,0.0,0.0,0.0,0.0,0.0,0.0,0.0,0.0,0.0,0.0
DiffNet,220,0.0,0.0,0.0,0.0,0.0,0.0,0.0,0.0,0.0,0.0
DiffNet,221,0.0,0.0,0.0,0.0,0.0,0.0,0.0,0.0,0.0,0.0
DiffNet,222,0.0,0.0,0.0,0.0,0.0,0.16104282508920814,0.5,0.05,1.0,0.07692307692307693
DiffNet,223,0.0,0.0,0.0,0.0,0.0,0.14434031438272124,0.5,0.05,1.0,0.05555555555555555
DiffNet,224,0.0,0.0,0.0,0.0,0.0,0.0,0.0,0.0,0.0,0.0
DiffNet,225,0.0,0.0,0.0,0.0,0.0,0.0,0.0,0.0,0.0,0.0
DiffNet,226,0.0,0.0,0.0,0.0,0.0,0.0,0.0,0.0,0.0,0.0
DiffNet,227,0.0,0.0,0.0,0.0,0.0,0.0,0.0,0.0,0.0,0.0
DiffNet,228,0.0,0.0,0.0,0.0,0.0,0.0,0.0,0.0,0.0,0.0
DiffNet,229,0.0,0.0,0.0,0.0,0.0,0.0,0.0,0.0,0.0,0.0
DiffNet,230,0.0,0.0,0.0,0.0,0.0,0.0,0.0,0.0,0.0,0.0
DiffNet,231,0.0,0.0,0.0,0.0,0.0,0.0,0.0,0.0,0.0,0.0
DiffNet,232,0.0,0.0,0.0,0.0,0.0,0.0,0.0,0.0,0.0,0.0
DiffNet,233,0.0,0.0,0.0,0.0,0.0,0.0,0.0,0.0,0.0,0.0
DiffNet,234,0.0,0.0,0.0,0.0,0.0,0.0,0.0,0.0,0.0,0.0
DiffNet,235,0.0,0.0,0.0,0.0,0.0,0.0,0.0,0.0,0.0,0.0
DiffNet,236,0.0,0.0,0.0,0.0,0.0,0.0,0.0,0.0,0.0,0.0
DiffNet,237,0.0,0.0,0.0,0.0,0.0,0.0,0.0,0.0,0.0,0.0
DiffNet,238,0.0,0.0,0.0,0.0,0.0,0.0,0.0,0.0,0.0,0.0
DiffNet,239,0.0,0.0,0.0,0.0,0.0,0.0,0.0,0.0,0.0,0.0
DiffNet,240,0.0,0.0,0.0,0.0,0.0,0.0,0.0,0.0,0.0,0.0
DiffNet,241,0.0,0.0,0.0,0.0,0.0,0.0,0.0,0.0,0.0,0.0
DiffNet,242,0.0,0.0,0.0,0.0,0.0,0.0,0.0,0.0,0.0,0.0
DiffNet,243,0.0,0.0,0.0,0.0,0.0,0.0,0.0,0.0,0.0,0.0
DiffNet,244,0.0,0.0,0.0,0.0,0.0,0.0,0.0,0.0,0.0,0.0
DiffNet,245,0.0,0.0,0.0,0.0,0.0,0.0,0.0,0.0,0.0,0.0
DiffNet,246,0.0,0.0,0.0,0.0,0.0,0.0,0.0,0.0,0.0,0.0
DiffNet,247,0.0,0.0,0.0,0.0,0.0,0.0,0.0,0.0,0.0,0.0
DiffNet,248,0.0,0.0,0.0,0.0,0.0,0.0,0.0,0.0,0.0,0.0
DiffNet,249,0.0,0.0,0.0,0.0,0.0,0.0,0.0,0.0,0.0,0.0
DiffNet,250,0.0,0.0,0.0,0.0,0.0,0.0,0.0,0.0,0.0,0.0
DiffNet,251,0.0,0.0,0.0,0.0,0.0,0.0,0.0,0.0,0.0,0.0
DiffNet,252,0.0,0.0,0.0,0.0,0.0,0.0,0.0,0.0,0.0,0.0
DiffNet,253,0.0,0.0,0.0,0.0,0.0,0.0,0.0,0.0,0.0,0.0
DiffNet,254,0.0,0.0,0.0,0.0,0.0,0.0,0.0,0.0,0.0,0.0
DiffNet,255,0.0,0.0,0.0,0.0,0.0,0.0,0.0,0.0,0.0,0.0
DiffNet,256,0.0,0.0,0.0,0.0,0.0,0.0,0.0,0.0,0.0,0.0
DiffNet,257,0.0,0.0,0.0,0.0,0.0,0.0,0.0,0.0,0.0,0.0
DiffNet,258,0.0,0.0,0.0,0.0,0.0,0.0,0.0,0.0,0.0,0.0
DiffNet,259,0.0,0.0,0.0,0.0,0.0,0.0,0.0,0.0,0.0,0.0
DiffNet,260,0.0,0.0,0.0,0.0,0.0,0.0,0.0,0.0,0.0,0.0
DiffNet,261,0.0,0.0,0.0,0.0,0.0,0.0,0.0,0.0,0.0,0.0
DiffNet,262,0.0,0.0,0.0,0.0,0.0,0.0,0.0,0.0,0.0,0.0
DiffNet,263,0.0,0.0,0.0,0.0,0.0,0.0,0.0,0.0,0.0,0.0
DiffNet,264,0.0,0.0,0.0,0.0,0.0,0.0,0.0,0.0,0.0,0.0
DiffNet,265,0.0,0.0,0.0,0.0,0.0,0.0,0.0,0.0,0.0,0.0
DiffNet,266,0.0,0.0,0.0,0.0,0.0,0.0,0.0,0.0,0.0,0.0
DiffNet,267,0.0,0.0,0.0,0.0,0.0,0.0,0.0,0.0,0.0,0.0
DiffNet,268,0.0,0.0,0.0,0.0,0.0,0.0,0.0,0.0,0.0,0.0
DiffNet,269,0.0,0.0,0.0,0.0,0.0,0.0,0.0,0.0,0.0,0.0
DiffNet,270,0.0,0.0,0.0,0.0,0.0,0.0,0.0,0.0,0.0,0.0
DiffNet,271,0.0,0.0,0.0,0.0,0.0,0.0,0.0,0.0,0.0,0.0
DiffNet,272,0.0,0.0,0.0,0.0,0.0,0.0,0.0,0.0,0.0,0.0
DiffNet,273,0.0,0.0,0.0,0.0,0.0,0.0,0.0,0.0,0.0,0.0
DiffNet,274,0.0,0.0,0.0,0.0,0.0,0.0,0.0,0.0,0.0,0.0
DiffNet,275,0.0,0.0,0.0,0.0,0.0,0.0,0.0,0.0,0.0,0.0
DiffNet,276,0.0,0.0,0.0,0.0,0.0,0.0,0.0,0.0,0.0,0.0
DiffNet,277,0.0,0.0,0.0,0.0,0.0,0.0,0.0,0.0,0.0,0.0
DiffNet,278,0.0,0.0,0.0,0.0,0.0,0.0,0.0,0.0,0.0,0.0
DiffNet,279,0.0,0.0,0.0,0.0,0.0,0.0,0.0,0.0,0.0,0.0
DiffNet,280,0.0,0.0,0.0,0.0,0.0,0.0,0.0,0.0,0.0,0.0
DiffNet,281,0.0,0.0,0.0,0.0,0.0,0.0,0.0,0.0,0.0,0.0
DiffNet,282,0.0,0.0,0.0,0.0,0.0,0.0,0.0,0.0,0.0,0.0
DiffNet,283,0.0,0.0,0.0,0.0,0.0,0.0,0.0,0.0,0.0,0.0
DiffNet,284,0.0,0.0,0.0,0.0,0.0,0.0,0.0,0.0,0.0,0.0
DiffNet,285,0.0,0.0,0.0,0.0,0.0,0.0,0.0,0.0,0.0,0.0
DiffNet,286,0.0,0.0,0.0,0.0,0.0,0.0,0.0,0.0,0.0,0.0
DiffNet,287,0.0,0.0,0.0,0.0,0.0,0.0,0.0,0.0,0.0,0.0
DiffNet,288,0.0,0.0,0.0,0.0,0.0,0.0,0.0,0.0,0.0,0.0
DiffNet,289,0.0,0.0,0.0,0.0,0.0,0.0,0.0,0.0,0.0,0.0
DiffNet,290,0.0,0.0,0.0,0.0,0.0,0.0,0.0,0.0,0.0,0.0
DiffNet,291,0.0,0.0,0.0,0.0,0.0,0.0,0.0,0.0,0.0,0.0
DiffNet,292,0.0,0.0,0.0,0.0,0.0,0.0,0.0,0.0,0.0,0.0
DiffNet,293,0.0,0.0,0.0,0.0,0.0,0.0,0.0,0.0,0.0,0.0
DiffNet,294,0.0,0.0,0.0,0.0,0.0,0.0,0.0,0.0,0.0,0.0
DiffNet,295,0.0,0.0,0.0,0.0,0.0,0.0,0.0,0.0,0.0,0.0
DiffNet,296,0.0,0.0,0.0,0.0,0.0,0.0,0.0,0.0,0.0,0.0
DiffNet,297,0.0,0.0,0.0,0.0,0.0,0.0,0.0,0.0,0.0,0.0
DiffNet,298,0.0,0.0,0.0,0.0,0.0,0.0,0.0,0.0,0.0,0.0
DiffNet,299,0.0,0.0,0.0,0.0,0.0,0.0,0.0,0.0,0.0,0.0
DiffNet,300,0.0,0.0,0.0,0.0,0.0,0.0,0.0,0.0,0.0,0.0
DiffNet,301,0.0,0.0,0.0,0.0,0.0,0.0,0.0,0.0,0.0,0.0
DiffNet,302,0.0,0.0,0.0,0.0,0.0,0.0,0.0,0.0,0.0,0.0
DiffNet,303,0.0,0.0,0.0,0.0,0.0,0.0,0.0,0.0,0.0,0.0
DiffNet,304,0.0,0.0,0.0,0.0,0.0,0.0,0.0,0.0,0.0,0.0
DiffNet,305,0.0,0.0,0.0,0.0,0.0,0.0,0.0,0.0,0.0,0.0
DiffNet,306,0.0,0.0,0.0,0.0,0.0,0.0,0.0,0.0,0.0,0.0
DiffNet,307,0.0,0.0,0.0,0.0,0.0,0.0,0.0,0.0,0.0,0.0
DiffNet,308,0.0,0.0,0.0,0.0,0.0,0.0,0.0,0.0,0.0,0.0
DiffNet,309,0.0,0.0,0.0,0.0,0.0,0.0,0.0,0.0,0.0,0.0
DiffNet,310,0.0,0.0,0.0,0.0,0.0,0.0,0.0,0.0,0.0,0.0
DiffNet,311,0.0,0.0,0.0,0.0,0.0,0.0,0.0,0.0,0.0,0.0
DiffNet,312,0.0,0.0,0.0,0.0,0.0,0.0,0.0,0.0,0.0,0.0
DiffNet,313,0.0,0.0,0.0,0.0,0.0,0.0,0.0,0.0,0.0,0.0
DiffNet,314,0.0,0.0,0.0,0.0,0.0,0.0,0.0,0.0,0.0,0.0
DiffNet,315,0.0,0.0,0.0,0.0,0.0,0.0,0.0,0.0,0.0,0.0
DiffNet,316,0.0,0.0,0.0,0.0,0.0,0.0,0.0,0.0,0.0,0.0
DiffNet,317,0.0,0.0,0.0,0.0,0.0,0.0,0.0,0.0,0.0,0.0
DiffNet,318,0.0,0.0,0.0,0.0,0.0,0.0,0.0,0.0,0.0,0.0
DiffNet,319,0.0,0.0,0.0,0.0,0.0,0.0,0.0,0.0,0.0,0.0
DiffNet,320,0.0,0.0,0.0,0.0,0.0,0.0,0.0,0.0,0.0,0.0
DiffNet,321,0.0,0.0,0.0,0.0,0.0,0.0,0.0,0.0,0.0,0.0
DiffNet,322,0.0,0.0,0.0,0.0,0.0,0.0,0.0,0.0,0.0,0.0
DiffNet,323,0.0,0.0,0.0,0.0,0.0,0.0,0.0,0.0,0.0,0.0
DiffNet,324,0.0,0.0,0.0,0.0,0.0,0.0,0.0,0.0,0.0,0.0
DiffNet,325,0.0,0.0,0.0,0.0,0.0,0.0,0.0,0.0,0.0,0.0
DiffNet,326,0.0,0.0,0.0,0.0,0.0,0.0,0.0,0.0,0.0,0.0
DiffNet,327,0.0,0.0,0.0,0.0,0.0,0.0,0.0,0.0,0.0,0.0
DiffNet,328,0.0,0.0,0.0,0.0,0.0,0.0,0.0,0.0,0.0,0.0
DiffNet,329,0.0,0.0,0.0,0.0,0.0,0.0,0.0,0.0,0.0,0.0
DiffNet,330,0.0,0.0,0.0,0.0,0.0,0.0,0.0,0.0,0.0,0.0
DiffNet,331,0.0,0.0,0.0,0.0,0.0,0.0,0.0,0.0,0.0,0.0
DiffNet,332,0.0,0.0,0.0,0.0,0.0,0.0,0.0,0.0,0.0,0.0
DiffNet,333,0.0,0.0,0.0,0.0,0.0,0.0,0.0,0.0,0.0,0.0
DiffNet,334,0.0,0.0,0.0,0.0,0.0,0.0,0.0,0.0,0.0,0.0
DiffNet,335,0.0,0.0,0.0,0.0,0.0,0.15693994437792994,0.5,0.05,1.0,0.07142857142857142
DiffNet,336,0.0,0.0,0.0,0.0,0.0,0.0,0.0,0.0,0.0,0.0
DiffNet,337,0.0,0.0,0.0,0.0,0.0,0.0,0.0,0.0,0.0,0.0
DiffNet,338,0.0,0.0,0.0,0.0,0.0,0.0,0.0,0.0,0.0,0.0
DiffNet,339,0.0,0.0,0.0,0.0,0.0,0.0,0.0,0.0,0.0,0.0
DiffNet,340,0.0,0.0,0.0,0.0,0.0,0.0,0.0,0.0,0.0,0.0
DiffNet,341,0.0,0.0,0.0,0.0,0.0,0.0,0.0,0.0,0.0,0.0
DiffNet,342,0.0,0.0,0.0,0.0,0.0,0.0,0.0,0.0,0.0,0.0
DiffNet,343,0.0,0.0,0.0,0.0,0.0,0.0,0.0,0.0,0.0,0.0
DiffNet,344,0.0,0.0,0.0,0.0,0.0,0.0,0.0,0.0,0.0,0.0
DiffNet,345,0.0,0.0,0.0,0.0,0.0,0.0,0.0,0.0,0.0,0.0
DiffNet,346,0.0,0.0,0.0,0.0,0.0,0.0,0.0,0.0,0.0,0.0
DiffNet,347,0.0,0.0,0.0,0.0,0.0,0.0,0.0,0.0,0.0,0.0
DiffNet,348,0.0,0.0,0.0,0.0,0.0,0.0,0.0,0.0,0.0,0.0
DiffNet,349,0.0,0.0,0.0,0.0,0.0,0.0,0.0,0.0,0.0,0.0
DiffNet,350,0.0,0.0,0.0,0.0,0.0,0.0,0.0,0.0,0.0,0.0
DiffNet,351,0.0,0.0,0.0,0.0,0.0,0.0,0.0,0.0,0.0,0.0
DiffNet,352,0.0,0.0,0.0,0.0,0.0,0.0,0.0,0.0,0.0,0.0
DiffNet,353,0.0,0.0,0.0,0.0,0.0,0.0,0.0,0.0,0.0,0.0
DiffNet,354,0.0,0.0,0.0,0.0,0.0,0.0,0.0,0.0,0.0,0.0
DiffNet,355,0.0,0.0,0.0,0.0,0.0,0.0,0.0,0.0,0.0,0.0
DiffNet,356,0.0,0.0,0.0,0.0,0.0,0.0,0.0,0.0,0.0,0.0
DiffNet,357,0.0,0.0,0.0,0.0,0.0,0.0,0.0,0.0,0.0,0.0
DiffNet,358,0.0,0.0,0.0,0.0,0.0,0.0,0.0,0.0,0.0,0.0
DiffNet,359,0.0,0.0,0.0,0.0,0.0,0.0,0.0,0.0,0.0,0.0
DiffNet,360,0.0,0.0,0.0,0.0,0.0,0.0,0.0,0.0,0.0,0.0
DiffNet,361,0.0,0.0,0.0,0.0,0.0,0.0,0.0,0.0,0.0,0.0
DiffNet,362,0.0,0.0,0.0,0.0,0.0,0.0,0.0,0.0,0.0,0.0
DiffNet,363,0.0,0.0,0.0,0.0,0.0,0.0,0.0,0.0,0.0,0.0
DiffNet,364,0.0,0.0,0.0,0.0,0.0,0.0,0.0,0.0,0.0,0.0
DiffNet,365,0.0,0.0,0.0,0.0,0.0,0.0,0.0,0.0,0.0,0.0
DiffNet,366,0.0,0.0,0.0,0.0,0.0,0.0,0.0,0.0,0.0,0.0
DiffNet,367,0.0,0.0,0.0,0.0,0.0,0.0,0.0,0.0,0.0,0.0
DiffNet,368,0.0,0.0,0.0,0.0,0.0,0.0,0.0,0.0,0.0,0.0
DiffNet,369,0.0,0.0,0.0,0.0,0.0,0.0,0.0,0.0,0.0,0.0
DiffNet,370,0.0,0.0,0.0,0.0,0.0,0.0,0.0,0.0,0.0,0.0
DiffNet,371,0.0,0.0,0.0,0.0,0.0,0.0,0.0,0.0,0.0,0.0
DiffNet,372,0.0,0.0,0.0,0.0,0.0,0.0,0.0,0.0,0.0,0.0
DiffNet,373,0.0,0.0,0.0,0.0,0.0,0.0,0.0,0.0,0.0,0.0
DiffNet,374,0.0,0.0,0.0,0.0,0.0,0.0,0.0,0.0,0.0,0.0
DiffNet,375,0.0,0.0,0.0,0.0,0.0,0.14186890186599416,0.5,0.05,1.0,0.05263157894736842
DiffNet,376,0.0,0.0,0.0,0.0,0.0,0.0,0.0,0.0,0.0,0.0
DiffNet,377,0.0,0.0,0.0,0.0,0.0,0.0,0.0,0.0,0.0,0.0
DiffNet,378,0.0,0.0,0.0,0.0,0.0,0.0,0.0,0.0,0.0,0.0
DiffNet,379,0.0,0.0,0.0,0.0,0.0,0.0,0.0,0.0,0.0,0.0
DiffNet,380,0.0,0.0,0.0,0.0,0.0,0.0,0.0,0.0,0.0,0.0
DiffNet,381,0.0,0.0,0.0,0.0,0.0,0.09032543842038994,0.25,0.05,1.0,0.05263157894736842
DiffNet,382,0.0,0.0,0.0,0.0,0.0,0.0,0.0,0.0,0.0,0.0
DiffNet,383,0.0,0.0,0.0,0.0,0.0,0.0,0.0,0.0,0.0,0.0
DiffNet,384,0.0,0.0,0.0,0.0,0.0,0.0,0.0,0.0,0.0,0.0
DiffNet,385,0.0,0.0,0.0,0.0,0.0,0.0,0.0,0.0,0.0,0.0
DiffNet,386,0.0,0.0,0.0,0.0,0.0,0.0,0.0,0.0,0.0,0.0
DiffNet,387,0.0,0.0,0.0,0.0,0.0,0.0,0.0,0.0,0.0,0.0
DiffNet,388,0.0,0.0,0.0,0.0,0.0,0.0,0.0,0.0,0.0,0.0
DiffNet,389,0.0,0.0,0.0,0.0,0.0,0.0,0.0,0.0,0.0,0.0
DiffNet,390,0.0,0.0,0.0,0.0,0.0,0.0,0.0,0.0,0.0,0.0
DiffNet,391,0.0,0.0,0.0,0.0,0.0,0.0,0.0,0.0,0.0,0.0
DiffNet,392,0.0,0.0,0.0,0.0,0.0,0.0,0.0,0.0,0.0,0.0
DiffNet,393,0.0,0.0,0.0,0.0,0.0,0.0,0.0,0.0,0.0,0.0
DiffNet,394,0.0,0.0,0.0,0.0,0.0,0.0,0.0,0.0,0.0,0.0
DiffNet,395,0.0,0.0,0.0,0.0,0.0,0.0,0.0,0.0,0.0,0.0
DiffNet,396,0.0,0.0,0.0,0.0,0.0,0.0,0.0,0.0,0.0,0.0
DiffNet,397,0.0,0.0,0.0,0.0,0.0,0.0,0.0,0.0,0.0,0.0
DiffNet,398,0.0,0.0,0.0,0.0,0.0,0.0,0.0,0.0,0.0,0.0
DiffNet,399,0.0,0.0,0.0,0.0,0.0,0.0,0.0,0.0,0.0,0.0
DiffNet,400,0.0,0.0,0.0,0.0,0.0,0.0,0.0,0.0,0.0,0.0
DiffNet,401,0.0,0.0,0.0,0.0,0.0,0.0,0.0,0.0,0.0,0.0
DiffNet,402,0.0,0.0,0.0,0.0,0.0,0.0,0.0,0.0,0.0,0.0
DiffNet,403,0.0,0.0,0.0,0.0,0.0,0.0,0.0,0.0,0.0,0.0
DiffNet,404,0.0,0.0,0.0,0.0,0.0,0.0,0.0,0.0,0.0,0.0
DiffNet,405,0.0,0.0,0.0,0.0,0.0,0.0,0.0,0.0,0.0,0.0
DiffNet,406,0.0,0.0,0.0,0.0,0.0,0.0,0.0,0.0,0.0,0.0
DiffNet,407,0.0,0.0,0.0,0.0,0.0,0.0,0.0,0.0,0.0,0.0
DiffNet,408,0.0,0.0,0.0,0.0,0.0,0.0,0.0,0.0,0.0,0.0
DiffNet,409,0.0,0.0,0.0,0.0,0.0,0.0,0.0,0.0,0.0,0.0
DiffNet,410,0.0,0.0,0.0,0.0,0.0,0.0,0.0,0.0,0.0,0.0
DiffNet,411,0.0,0.0,0.0,0.0,0.0,0.0,0.0,0.0,0.0,0.0
DiffNet,412,0.0,0.0,0.0,0.0,0.0,0.0,0.0,0.0,0.0,0.0
DiffNet,413,0.0,0.0,0.0,0.0,0.0,0.0,0.0,0.0,0.0,0.0
DiffNet,414,0.0,0.0,0.0,0.0,0.0,0.0,0.0,0.0,0.0,0.0
DiffNet,415,0.0,0.0,0.0,0.0,0.0,0.1395953738647505,0.5,0.05,1.0,0.05
DiffNet,416,0.0,0.0,0.0,0.0,0.0,0.0,0.0,0.0,0.0,0.0
DiffNet,417,0.0,0.0,0.0,0.0,0.0,0.0,0.0,0.0,0.0,0.0
DiffNet,418,0.0,0.0,0.0,0.0,0.0,0.0,0.0,0.0,0.0,0.0
DiffNet,419,0.0,0.0,0.0,0.0,0.0,0.0,0.0,0.0,0.0,0.0
DiffNet,420,0.0,0.0,0.0,0.0,0.0,0.0,0.0,0.0,0.0,0.0
DiffNet,421,0.0,0.0,0.0,0.0,0.0,0.0,0.0,0.0,0.0,0.0
DiffNet,422,0.0,0.0,0.0,0.0,0.0,0.0,0.0,0.0,0.0,0.0
DiffNet,423,0.0,0.0,0.0,0.0,0.0,0.0,0.0,0.0,0.0,0.0
DiffNet,424,0.0,0.0,0.0,0.0,0.0,0.0,0.0,0.0,0.0,0.0
DiffNet,425,0.0,0.0,0.0,0.0,0.0,0.0,0.0,0.0,0.0,0.0
DiffNet,426,0.0,0.0,0.0,0.0,0.0,0.0,0.0,0.0,0.0,0.0
DiffNet,427,0.0,0.0,0.0,0.0,0.0,0.0,0.0,0.0,0.0,0.0
DiffNet,428,0.0,0.0,0.0,0.0,0.0,0.0,0.0,0.0,0.0,0.0
DiffNet,429,0.0,0.0,0.0,0.0,0.0,0.0,0.0,0.0,0.0,0.0
DiffNet,430,0.0,0.0,0.0,0.0,0.0,0.0,0.0,0.0,0.0,0.0
DiffNet,431,0.0,0.0,0.0,0.0,0.0,0.0,0.0,0.0,0.0,0.0
DiffNet,432,0.0,0.0,0.0,0.0,0.0,0.0,0.0,0.0,0.0,0.0
DiffNet,433,0.0,0.0,0.0,0.0,0.0,0.0,0.0,0.0,0.0,0.0
DiffNet,434,0.0,0.0,0.0,0.0,0.0,0.0,0.0,0.0,0.0,0.0
DiffNet,435,0.0,0.0,0.0,0.0,0.0,0.0,0.0,0.0,0.0,0.0
DiffNet,436,0.0,0.0,0.0,0.0,0.0,0.0,0.0,0.0,0.0,0.0
DiffNet,437,0.0,0.0,0.0,0.0,0.0,0.0,0.0,0.0,0.0,0.0
DiffNet,438,0.0,0.0,0.0,0.0,0.0,0.0,0.0,0.0,0.0,0.0
DiffNet,439,0.0,0.0,0.0,0.0,0.0,0.0,0.0,0.0,0.0,0.0
DiffNet,440,0.0,0.0,0.0,0.0,0.0,0.0,0.0,0.0,0.0,0.0
DiffNet,441,0.0,0.0,0.0,0.0,0.0,0.0,0.0,0.0,0.0,0.0
DiffNet,442,0.0,0.0,0.0,0.0,0.0,0.0,0.0,0.0,0.0,0.0
DiffNet,443,0.0,0.0,0.0,0.0,0.0,0.0,0.0,0.0,0.0,0.0
DiffNet,444,0.0,0.0,0.0,0.0,0.0,0.0,0.0,0.0,0.0,0.0
DiffNet,445,0.0,0.0,0.0,0.0,0.0,0.0,0.0,0.0,0.0,0.0
DiffNet,446,0.0,0.0,0.0,0.0,0.0,0.24465054211822604,1.0,0.05,1.0,0.0625
DiffNet,447,0.0,0.0,0.0,0.0,0.0,0.0,0.0,0.0,0.0,0.0
DiffNet,448,0.0,0.0,0.0,0.0,0.0,0.0,0.0,0.0,0.0,0.0
DiffNet,449,0.0,0.0,0.0,0.0,0.0,0.0,0.0,0.0,0.0,0.0
DiffNet,450,0.0,0.0,0.0,0.0,0.0,0.0,0.0,0.0,0.0,0.0
DiffNet,451,0.0,0.0,0.0,0.0,0.0,0.0,0.0,0.0,0.0,0.0
DiffNet,452,0.0,0.0,0.0,0.0,0.0,0.0,0.0,0.0,0.0,0.0
DiffNet,453,0.0,0.0,0.0,0.0,0.0,0.0,0.0,0.0,0.0,0.0
DiffNet,454,0.0,0.0,0.0,0.0,0.0,0.0,0.0,0.0,0.0,0.0
DiffNet,455,0.0,0.0,0.0,0.0,0.0,0.0,0.0,0.0,0.0,0.0
DiffNet,456,0.0,0.0,0.0,0.0,0.0,0.0,0.0,0.0,0.0,0.0
DiffNet,457,0.0,0.0,0.0,0.0,0.0,0.0,0.0,0.0,0.0,0.0
DiffNet,458,0.0,0.0,0.0,0.0,0.0,0.0,0.0,0.0,0.0,0.0
DiffNet,459,0.0,0.0,0.0,0.0,0.0,0.0,0.0,0.0,0.0,0.0
DiffNet,460,0.0,0.0,0.0,0.0,0.0,0.0,0.0,0.0,0.0,0.0
DiffNet,461,0.0,0.0,0.0,0.0,0.0,0.0,0.0,0.0,0.0,0.0
DiffNet,462,0.0,0.0,0.0,0.0,0.0,0.0,0.0,0.0,0.0,0.0
DiffNet,463,0.0,0.0,0.0,0.0,0.0,0.0,0.0,0.0,0.0,0.0
DiffNet,464,0.0,0.0,0.0,0.0,0.0,0.0,0.0,0.0,0.0,0.0
DiffNet,465,0.0,0.0,0.0,0.0,0.0,0.0,0.0,0.0,0.0,0.0
DiffNet,466,0.0,0.0,0.0,0.0,0.0,0.0,0.0,0.0,0.0,0.0
DiffNet,467,0.0,0.0,0.0,0.0,0.0,0.0,0.0,0.0,0.0,0.0
DiffNet,468,0.0,0.0,0.0,0.0,0.0,0.0,0.0,0.0,0.0,0.0
DiffNet,469,0.0,0.0,0.0,0.0,0.0,0.0,0.0,0.0,0.0,0.0
DiffNet,470,0.0,0.0,0.0,0.0,0.0,0.0,0.0,0.0,0.0,0.0
DiffNet,471,0.0,0.0,0.0,0.0,0.0,0.0,0.0,0.0,0.0,0.0
DiffNet,472,0.0,0.0,0.0,0.0,0.0,0.0,0.0,0.0,0.0,0.0
DiffNet,473,0.0,0.0,0.0,0.0,0.0,0.0,0.0,0.0,0.0,0.0
DiffNet,474,0.0,0.0,0.0,0.0,0.0,0.0,0.0,0.0,0.0,0.0
DiffNet,475,0.0,0.0,0.0,0.0,0.0,0.0,0.0,0.0,0.0,0.0
DiffNet,476,0.0,0.0,0.0,0.0,0.0,0.0,0.0,0.0,0.0,0.0
DiffNet,477,0.0,0.0,0.0,0.0,0.0,0.0,0.0,0.0,0.0,0.0
DiffNet,478,0.0,0.0,0.0,0.0,0.0,0.0,0.0,0.0,0.0,0.0
DiffNet,479,0.0,0.0,0.0,0.0,0.0,0.0,0.0,0.0,0.0,0.0
DiffNet,480,0.0,0.0,0.0,0.0,0.0,0.0,0.0,0.0,0.0,0.0
DiffNet,481,0.0,0.0,0.0,0.0,0.0,0.0,0.0,0.0,0.0,0.0
DiffNet,482,0.0,0.0,0.0,0.0,0.0,0.0,0.0,0.0,0.0,0.0
DiffNet,483,0.0,0.0,0.0,0.0,0.0,0.0,0.0,0.0,0.0,0.0
DiffNet,484,0.0,0.0,0.0,0.0,0.0,0.0,0.0,0.0,0.0,0.0
DiffNet,485,0.0,0.0,0.0,0.0,0.0,0.0,0.0,0.0,0.0,0.0
DiffNet,486,0.0,0.0,0.0,0.0,0.0,0.0,0.0,0.0,0.0,0.0
DiffNet,487,0.0,0.0,0.0,0.0,0.0,0.0,0.0,0.0,0.0,0.0
DiffNet,488,0.0,0.0,0.0,0.0,0.0,0.0,0.0,0.0,0.0,0.0
DiffNet,489,0.0,0.0,0.0,0.0,0.0,0.0,0.0,0.0,0.0,0.0
DiffNet,490,0.0,0.0,0.0,0.0,0.0,0.0,0.0,0.0,0.0,0.0
DiffNet,491,0.0,0.0,0.0,0.0,0.0,0.0,0.0,0.0,0.0,0.0
DiffNet,492,0.0,0.0,0.0,0.0,0.0,0.0,0.0,0.0,0.0,0.0
DiffNet,493,0.0,0.0,0.0,0.0,0.0,0.0,0.0,0.0,0.0,0.0
DiffNet,494,0.0,0.0,0.0,0.0,0.0,0.0,0.0,0.0,0.0,0.0
DiffNet,495,0.0,0.0,0.0,0.0,0.0,0.0,0.0,0.0,0.0,0.0
DiffNet,496,0.0,0.0,0.0,0.0,0.0,0.0,0.0,0.0,0.0,0.0
DiffNet,497,0.0,0.0,0.0,0.0,0.0,0.0,0.0,0.0,0.0,0.0
DiffNet,498,0.0,0.0,0.0,0.0,0.0,0.0,0.0,0.0,0.0,0.0
DiffNet,499,0.0,0.0,0.0,0.0,0.0,0.0,0.0,0.0,0.0,0.0
MHCN,0,1.0,1.0,0.1,1.0,1.0,1.0,1.0,0.05,1.0,1.0
MHCN,1,1.0,1.0,0.1,1.0,1.0,1.0,1.0,0.05,1.0,1.0
MHCN,2,1.0,1.0,0.1,1.0,1.0,1.0,1.0,0.05,1.0,1.0
MHCN,3,1.0,1.0,0.1,1.0,1.0,1.0,1.0,0.05,1.0,1.0
MHCN,4,1.0,1.0,0.1,1.0,1.0,1.0,1.0,0.05,1.0,1.0
MHCN,5,1.0,1.0,0.1,1.0,1.0,1.0,1.0,0.05,1.0,1.0
MHCN,6,1.0,1.0,0.1,1.0,1.0,1.0,1.0,0.05,1.0,1.0
MHCN,7,1.0,1.0,0.1,1.0,1.0,1.0,1.0,0.05,1.0,1.0
MHCN,8,1.0,1.0,0.1,1.0,1.0,1.0,1.0,0.05,1.0,1.0
MHCN,9,1.0,1.0,0.1,1.0,1.0,1.0,1.0,0.05,1.0,1.0
MHCN,10,1.0,1.0,0.1,1.0,1.0,1.0,1.0,0.05,1.0,1.0
MHCN,11,1.0,1.0,0.1,1.0,1.0,1.0,1.0,0.05,1.0,1.0
MHCN,12,1.0,1.0,0.1,1.0,1.0,1.0,1.0,0.05,1.0,1.0
MHCN,13,1.0,1.0,0.1,1.0,1.0,1.0,1.0,0.05,1.0,1.0
MHCN,14,1.0,1.0,0.1,1.0,1.0,1.0,1.0,0.05,1.0,1.0
MHCN,15,1.0,1.0,0.1,1.0,1.0,1.0,1.0,0.05,1.0,1.0
MHCN,16,1.0,1.0,0.1,1.0,1.0,1.0,1.0,0.05,1.0,1.0
MHCN,17,1.0,1.0,0.1,1.0,1.0,1.0,1.0,0.05,1.0,1.0
MHCN,18,1.0,1.0,0.1,1.0,1.0,1.0,1.0,0.05,1.0,1.0
MHCN,19,1.0,1.0,0.1,1.0,1.0,1.0,1.0,0.05,1.0,1.0
MHCN,20,1.0,1.0,0.1,1.0,1.0,1.0,1.0,0.05,1.0,1.0
MHCN,21,1.0,1.0,0.1,1.0,1.0,1.0,1.0,0.05,1.0,1.0
MHCN,22,1.0,1.0,0.1,1.0,1.0,1.0,1.0,0.05,1.0,1.0
MHCN,23,1.0,1.0,0.1,1.0,1.0,1.0,1.0,0.05,1.0,1.0
MHCN,24,1.0,1.0,0.1,1.0,1.0,1.0,1.0,0.05,1.0,1.0
MHCN,25,1.0,1.0,0.1,1.0,1.0,1.0,1.0,0.05,1.0,1.0
MHCN,26,1.0,1.0,0.1,1.0,1.0,1.0,1.0,0.05,1.0,1.0
MHCN,27,1.0,1.0,0.1,1.0,1.0,1.0,1.0,0.05,1.0,1.0
MHCN,28,1.0,1.0,0.1,1.0,1.0,1.0,1.0,0.05,1.0,1.0
MHCN,29,1.0,1.0,0.1,1.0,1.0,1.0,1.0,0.05,1.0,1.0
MHCN,30,1.0,1.0,0.1,1.0,1.0,1.0,1.0,0.05,1.0,1.0
MHCN,31,1.0,1.0,0.1,1.0,1.0,1.0,1.0,0.05,1.0,1.0
MHCN,32,1.0,1.0,0.1,1.0,1.0,1.0,1.0,0.05,1.0,1.0
MHCN,33,1.0,1.0,0.1,1.0,1.0,1.0,1.0,0.05,1.0,1.0
MHCN,34,1.0,1.0,0.1,1.0,1.0,1.0,1.0,0.05,1.0,1.0
MHCN,35,1.0,1.0,0.1,1.0,1.0,1.0,1.0,0.05,1.0,1.0
MHCN,36,1.0,1.0,0.1,1.0,1.0,1.0,1.0,0.05,1.0,1.0
MHCN,37,1.0,1.0,0.1,1.0,1.0,1.0,1.0,0.05,1.0,1.0
MHCN,38,1.0,1.0,0.1,1.0,1.0,1.0,1.0,0.05,1.0,1.0
MHCN,39,1.0,1.0,0.1,1.0,1.0,1.0,1.0,0.05,1.0,1.0
MHCN,40,1.0,1.0,0.1,1.0,1.0,1.0,1.0,0.05,1.0,1.0
MHCN,41,1.0,1.0,0.1,1.0,1.0,1.0,1.0,0.05,1.0,1.0
MHCN,42,1.0,1.0,0.1,1.0,1.0,1.0,1.0,0.05,1.0,1.0
MHCN,43,1.0,1.0,0.1,1.0,1.0,1.0,1.0,0.05,1.0,1.0
MHCN,44,1.0,1.0,0.1,1.0,1.0,1.0,1.0,0.05,1.0,1.0
MHCN,45,1.0,1.0,0.1,1.0,1.0,1.0,1.0,0.05,1.0,1.0
MHCN,46,1.0,1.0,0.1,1.0,1.0,1.0,1.0,0.05,1.0,1.0
MHCN,47,1.0,1.0,0.1,1.0,1.0,1.0,1.0,0.05,1.0,1.0
MHCN,48,1.0,1.0,0.1,1.0,1.0,1.0,1.0,0.05,1.0,1.0
MHCN,49,1.0,1.0,0.1,1.0,1.0,1.0,1.0,0.05,1.0,1.0
MHCN,50,1.0,1.0,0.1,1.0,1.0,1.0,1.0,0.05,1.0,1.0
MHCN,51,1.0,1.0,0.1,1.0,1.0,1.0,1.0,0.05,1.0,1.0
MHCN,52,1.0,1.0,0.1,1.0,1.0,1.0,1.0,0.05,1.0,1.0
MHCN,53,1.0,1.0,0.1,1.0,1.0,1.0,1.0,0.05,1.0,1.0
MHCN,54,1.0,1.0,0.1,1.0,1.0,1.0,1.0,0.05,1.0,1.0
MHCN,55,1.0,1.0,0.1,1.0,1.0,1.0,1.0,0.05,1.0,1.0
MHCN,56,0.0,0.0,0.0,0.0,0.0,0.26264953503719357,1.0,0.05,1.0,0.07692307692307693
MHCN,57,1.0,1.0,0.1,1.0,1.0,1.0,1.0,0.05,1.0,1.0
MHCN,58,1.0,1.0,0.1,1.0,1.0,1.0,1.0,0.05,1.0,1.0
MHCN,59,1.0,1.0,0.1,1.0,1.0,1.0,1.0,0.05,1.0,1.0
MHCN,60,1.0,1.0,0.1,1.0,1.0,1.0,1.0,0.05,1.0,1.0
MHCN,61,1.0,1.0,0.1,1.0,1.0,1.0,1.0,0.05,1.0,1.0
MHCN,62,1.0,1.0,0.1,1.0,1.0,1.0,1.0,0.05,1.0,1.0
MHCN,63,1.0,1.0,0.1,1.0,1.0,1.0,1.0,0.05,1.0,1.0
MHCN,64,1.0,1.0,0.1,1.0,1.0,1.0,1.0,0.05,1.0,1.0
MHCN,65,1.0,1.0,0.1,1.0,1.0,1.0,1.0,0.05,1.0,1.0
MHCN,66,1.0,1.0,0.1,1.0,1.0,1.0,1.0,0.05,1.0,1.0
MHCN,67,1.0,1.0,0.1,1.0,1.0,1.0,1.0,0.05,1.0,1.0
MHCN,68,1.0,1.0,0.1,1.0,1.0,1.0,1.0,0.05,1.0,1.0
MHCN,69,1.0,1.0,0.1,1.0,1.0,1.0,1.0,0.05,1.0,1.0
MHCN,70,1.0,1.0,0.1,1.0,1.0,1.0,1.0,0.05,1.0,1.0
MHCN,71,1.0,1.0,0.1,1.0,1.0,1.0,1.0,0.05,1.0,1.0
MHCN,72,1.0,1.0,0.1,1.0,1.0,1.0,1.0,0.05,1.0,1.0
MHCN,73,1.0,1.0,0.1,1.0,1.0,1.0,1.0,0.05,1.0,1.0
MHCN,74,1.0,1.0,0.1,1.0,1.0,1.0,1.0,0.05,1.0,1.0
MHCN,75,1.0,1.0,0.1,1.0,1.0,1.0,1.0,0.05,1.0,1.0
MHCN,76,1.0,1.0,0.1,1.0,1.0,1.0,1.0,0.05,1.0,1.0
MHCN,77,1.0,1.0,0.1,1.0,1.0,1.0,1.0,0.05,1.0,1.0
MHCN,78,1.0,1.0,0.1,1.0,1.0,1.0,1.0,0.05,1.0,1.0
MHCN,79,1.0,1.0,0.1,1.0,1.0,1.0,1.0,0.05,1.0,1.0
MHCN,80,1.0,1.0,0.1,1.0,1.0,1.0,1.0,0.05,1.0,1.0
MHCN,81,1.0,1.0,0.2,1.0,1.0,1.0,1.0,0.1,1.0,1.0
MHCN,82,1.0,1.0,0.1,1.0,1.0,1.0,1.0,0.05,1.0,1.0
MHCN,83,1.0,1.0,0.1,1.0,1.0,1.0,1.0,0.05,1.0,1.0
MHCN,84,1.0,1.0,0.1,1.0,1.0,1.0,1.0,0.05,1.0,1.0
MHCN,85,1.0,1.0,0.1,1.0,1.0,1.0,1.0,0.05,1.0,1.0
MHCN,86,1.0,1.0,0.1,1.0,1.0,1.0,1.0,0.05,1.0,1.0
MHCN,87,1.0,1.0,0.1,1.0,1.0,1.0,1.0,0.05,1.0,1.0
MHCN,88,1.0,1.0,0.1,1.0,1.0,1.0,1.0,0.05,1.0,1.0
MHCN,89,0.6309297535714575,1.0,0.1,1.0,0.5,0.6309297535714575,1.0,0.05,1.0,0.5
MHCN,90,1.0,1.0,0.1,1.0,1.0,1.0,1.0,0.05,1.0,1.0
MHCN,91,1.0,1.0,0.1,1.0,1.0,1.0,1.0,0.05,1.0,1.0
MHCN,92,0.6309297535714575,1.0,0.1,1.0,0.5,0.6309297535714575,1.0,0.05,1.0,0.5
MHCN,93,1.0,1.0,0.1,1.0,1.0,1.0,1.0,0.05,1.0,1.0
MHCN,94,1.0,1.0,0.1,1.0,1.0,1.0,1.0,0.05,1.0,1.0
MHCN,95,1.0,1.0,0.1,1.0,1.0,1.0,1.0,0.05,1.0,1.0
MHCN,96,1.0,1.0,0.1,1.0,1.0,1.0,1.0,0.05,1.0,1.0
MHCN,97,0.6131471927654584,0.5,0.1,1.0,1.0,0.7841802768331765,1.0,0.1,1.0,1.0
MHCN,98,1.0,1.0,0.2,1.0,1.0,1.0,1.0,0.1,1.0,1.0
MHCN,99,1.0,1.0,0.1,1.0,1.0,1.0,1.0,0.05,1.0,1.0
MHCN,100,1.0,1.0,0.1,1.0,1.0,1.0,1.0,0.05,1.0,1.0
MHCN,101,1.0,1.0,0.1,1.0,1.0,1.0,1.0,0.05,1.0,1.0
MHCN,102,1.0,1.0,0.1,1.0,1.0,1.0,1.0,0.05,1.0,1.0
MHCN,103,1.0,1.0,0.1,1.0,1.0,1.0,1.0,0.05,1.0,1.0
MHCN,104,1.0,1.0,0.1,1.0,1.0,1.0,1.0,0.05,1.0,1.0
MHCN,105,1.0,1.0,0.1,1.0,1.0,1.0,1.0,0.05,1.0,1.0
MHCN,106,1.0,1.0,0.1,1.0,1.0,1.0,1.0,0.05,1.0,1.0
MHCN,107,0.31546487678572877,1.0,0.1,1.0,0.125,0.31546487678572877,1.0,0.05,1.0,0.125
MHCN,108,1.0,1.0,0.1,1.0,1.0,1.0,1.0,0.05,1.0,1.0
MHCN,109,1.0,1.0,0.1,1.0,1.0,1.0,1.0,0.05,1.0,1.0
MHCN,110,1.0,1.0,0.1,1.0,1.0,1.0,1.0,0.05,1.0,1.0
MHCN,111,1.0,1.0,0.2,1.0,1.0,1.0,1.0,0.1,1.0,1.0
MHCN,112,1.0,1.0,0.1,1.0,1.0,1.0,1.0,0.05,1.0,1.0
MHCN,113,1.0,1.0,0.1,1.0,1.0,1.0,1.0,0.05,1.0,1.0
MHCN,114,1.0,1.0,0.1,1.0,1.0,1.0,1.0,0.05,1.0,1.0
MHCN,115,1.0,1.0,0.1,1.0,1.0,1.0,1.0,0.05,1.0,1.0
MHCN,116,0.6309297535714575,1.0,0.1,1.0,0.5,0.6309297535714575,1.0,0.05,1.0,0.5
MHCN,117,1.0,1.0,0.1,1.0,1.0,1.0,1.0,0.05,1.0,1.0
MHCN,118,0.6309297535714575,1.0,0.1,1.0,0.5,0.6309297535714575,1.0,0.05,1.0,0.5
MHCN,119,1.0,1.0,0.1,1.0,1.0,1.0,1.0,0.05,1.0,1.0
MHCN,120,1.0,1.0,0.1,1.0,1.0,1.0,1.0,0.05,1.0,1.0
MHCN,121,0.3010299956639812,1.0,0.1,1.0,0.1111111111111111,0.3010299956639812,1.0,0.05,1.0,0.1111111111111111
MHCN,122,1.0,1.0,0.1,1.0,1.0,1.0,1.0,0.05,1.0,1.0
MHCN,123,1.0,1.0,0.1,1.0,1.0,1.0,1.0,0.05,1.0,1.0
MHCN,124,1.0,1.0,0.1,1.0,1.0,1.0,1.0,0.05,1.0,1.0
MHCN,125,1.0,1.0,0.1,1.0,1.0,1.0,1.0,0.05,1.0,1.0
MHCN,126,1.0,1.0,0.1,1.0,1.0,1.0,1.0,0.05,1.0,1.0
MHCN,127,1.0,1.0,0.1,1.0,1.0,1.0,1.0,0.05,1.0,1.0
MHCN,128,1.0,1.0,0.1,1.0,1.0,1.0,1.0,0.05,1.0,1.0
MHCN,129,1.0,1.0,0.2,1.0,1.0,1.0,1.0,0.1,1.0,1.0
MHCN,130,1.0,1.0,0.1,1.0,1.0,1.0,1.0,0.05,1.0,1.0
MHCN,131,1.0,1.0,0.1,1.0,1.0,1.0,1.0,0.05,1.0,1.0
MHCN,132,1.0,1.0,0.1,1.0,1.0,1.0,1.0,0.05,1.0,1.0
MHCN,133,1.0,1.0,0.1,1.0,1.0,1.0,1.0,0.05,1.0,1.0
MHCN,134,1.0,1.0,0.1,1.0,1.0,1.0,1.0,0.05,1.0,1.0
MHCN,135,1.0,1.0,0.2,1.0,1.0,1.0,1.0,0.1,1.0,1.0
MHCN,136,1.0,1.0,0.1,1.0,1.0,1.0,1.0,0.05,1.0,1.0
MHCN,137,1.0,1.0,0.2,1.0,1.0,1.0,1.0,0.1,1.0,1.0
MHCN,138,1.0,1.0,0.1,1.0,1.0,1.0,1.0,0.05,1.0,1.0
MHCN,139,1.0,1.0,0.2,1.0,1.0,1.0,1.0,0.1,1.0,1.0
MHCN,140,1.0,1.0,0.1,1.0,1.0,1.0,1.0,0.05,1.0,1.0
MHCN,141,1.0,1.0,0.2,1.0,1.0,1.0,1.0,0.1,1.0,1.0
MHCN,142,1.0,1.0,0.1,1.0,1.0,1.0,1.0,0.05,1.0,1.0
MHCN,143,1.0,1.0,0.1,1.0,1.0,1.0,1.0,0.05,1.0,1.0
MHCN,144,1.0,1.0,0.1,1.0,1.0,1.0,1.0,0.05,1.0,1.0
MHCN,145,1.0,1.0,0.1,1.0,1.0,1.0,1.0,0.05,1.0,1.0
MHCN,146,1.0,1.0,0.1,1.0,1.0,1.0,1.0,0.05,1.0,1.0
MHCN,147,1.0,1.0,0.1,1.0,1.0,1.0,1.0,0.05,1.0,1.0
MHCN,148,1.0,1.0,0.1,1.0,1.0,1.0,1.0,0.05,1.0,1.0
MHCN,149,1.0,1.0,0.1,1.0,1.0,1.0,1.0,0.05,1.0,1.0
MHCN,150,1.0,1.0,0.1,1.0,1.0,1.0,1.0,0.05,1.0,1.0
MHCN,151,1.0,1.0,0.1,1.0,1.0,1.0,1.0,0.05,1.0,1.0
MHCN,152,1.0,1.0,0.1,1.0,1.0,1.0,1.0,0.05,1.0,1.0
MHCN,153,1.0,1.0,0.1,1.0,1.0,1.0,1.0,0.05,1.0,1.0
MHCN,154,1.0,1.0,0.1,1.0,1.0,1.0,1.0,0.05,1.0,1.0
MHCN,155,1.0,1.0,0.2,1.0,1.0,1.0,1.0,0.1,1.0,1.0
MHCN,156,1.0,1.0,0.1,1.0,1.0,1.0,1.0,0.05,1.0,1.0
MHCN,157,1.0,1.0,0.1,1.0,1.0,1.0,1.0,0.05,1.0,1.0
MHCN,158,1.0,1.0,0.1,1.0,1.0,1.0,1.0,0.05,1.0,1.0
MHCN,159,1.0,1.0,0.1,1.0,1.0,1.0,1.0,0.05,1.0,1.0
MHCN,160,1.0,1.0,0.1,1.0,1.0,1.0,1.0,0.05,1.0,1.0
MHCN,161,1.0,1.0,0.1,1.0,1.0,1.0,1.0,0.05,1.0,1.0
MHCN,162,1.0,1.0,0.2,1.0,1.0,1.0,1.0,0.1,1.0,1.0
MHCN,163,1.0,1.0,0.1,1.0,1.0,1.0,1.0,0.05,1.0,1.0
MHCN,164,1.0,1.0,0.1,1.0,1.0,1.0,1.0,0.05,1.0,1.0
MHCN,165,1.0,1.0,0.1,1.0,1.0,1.0,1.0,0.05,1.0,1.0
MHCN,166,1.0,1.0,0.1,1.0,1.0,1.0,1.0,0.05,1.0,1.0
MHCN,167,1.0,1.0,0.1,1.0,1.0,1.0,1.0,0.05,1.0,1.0
MHCN,168,1.0,1.0,0.1,1.0,1.0,1.0,1.0,0.05,1.0,1.0
MHCN,169,1.0,1.0,0.1,1.0,1.0,1.0,1.0,0.05,1.0,1.0
MHCN,170,1.0,1.0,0.1,1.0,1.0,1.0,1.0,0.05,1.0,1.0
MHCN,171,1.0,1.0,0.1,1.0,1.0,1.0,1.0,0.05,1.0,1.0
MHCN,172,1.0,1.0,0.1,1.0,1.0,1.0,1.0,0.05,1.0,1.0
MHCN,173,1.0,1.0,0.1,1.0,1.0,1.0,1.0,0.05,1.0,1.0
MHCN,174,1.0,1.0,0.1,1.0,1.0,1.0,1.0,0.05,1.0,1.0
MHCN,175,1.0,1.0,0.1,1.0,1.0,1.0,1.0,0.05,1.0,1.0
MHCN,176,0.0,0.0,0.0,0.0,0.0,0.0,0.0,0.0,0.0,0.0
MHCN,177,1.0,1.0,0.1,1.0,1.0,1.0,1.0,0.05,1.0,1.0
MHCN,178,1.0,1.0,0.1,1.0,1.0,1.0,1.0,0.05,1.0,1.0
MHCN,179,1.0,1.0,0.3,1.0,1.0,1.0,1.0,0.15,1.0,1.0
MHCN,180,1.0,1.0,0.1,1.0,1.0,1.0,1.0,0.05,1.0,1.0
MHCN,181,0.8772153153380493,1.0,0.2,1.0,1.0,0.8772153153380493,1.0,0.1,1.0,1.0
MHCN,182,1.0,1.0,0.1,1.0,1.0,1.0,1.0,0.05,1.0,1.0
MHCN,183,1.0,1.0,0.1,1.0,1.0,1.0,1.0,0.05,1.0,1.0
MHCN,184,1.0,1.0,0.1,1.0,1.0,1.0,1.0,0.05,1.0,1.0
MHCN,185,1.0,1.0,0.1,1.0,1.0,1.0,1.0,0.05,1.0,1.0
MHCN,186,1.0,1.0,0.1,1.0,1.0,1.0,1.0,0.05,1.0,1.0
MHCN,187,1.0,1.0,0.1,1.0,1.0,1.0,1.0,0.05,1.0,1.0
MHCN,188,1.0,1.0,0.2,1.0,1.0,1.0,1.0,0.1,1.0,1.0
MHCN,189,1.0,1.0,0.1,1.0,1.0,1.0,1.0,0.05,1.0,1.0
MHCN,190,1.0,1.0,0.1,1.0,1.0,1.0,1.0,0.05,1.0,1.0
MHCN,191,1.0,1.0,0.2,1.0,1.0,1.0,1.0,0.1,1.0,1.0
MHCN,192,1.0,1.0,0.1,1.0,1.0,1.0,1.0,0.05,1.0,1.0
MHCN,193,1.0,1.0,0.1,1.0,1.0,1.0,1.0,0.05,1.0,1.0
MHCN,194,1.0,1.0,0.1,1.0,1.0,1.0,1.0,0.05,1.0,1.0
MHCN,195,1.0,1.0,0.1,1.0,1.0,1.0,1.0,0.05,1.0,1.0
MHCN,196,0.8318724637288826,0.75,0.3,1.0,1.0,0.8318724637288826,0.75,0.15,1.0,1.0
MHCN,197,1.0,1.0,0.1,1.0,1.0,1.0,1.0,0.05,1.0,1.0
MHCN,198,1.0,1.0,0.2,1.0,1.0,1.0,1.0,0.1,1.0,1.0
MHCN,199,1.0,1.0,0.2,1.0,1.0,1.0,1.0,0.1,1.0,1.0
MHCN,200,1.0,1.0,0.1,1.0,1.0,1.0,1.0,0.05,1.0,1.0
MHCN,201,1.0,1.0,0.1,1.0,1.0,1.0,1.0,0.05,1.0,1.0
MHCN,202,1.0,1.0,0.2,1.0,1.0,1.0,1.0,0.1,1.0,1.0
MHCN,203,1.0,1.0,0.2,1.0,1.0,1.0,1.0,0.1,1.0,1.0
MHCN,204,1.0,1.0,0.2,1.0,1.0,1.0,1.0,0.1,1.0,1.0
MHCN,205,1.0,1.0,0.2,1.0,1.0,1.0,1.0,0.1,1.0,1.0
MHCN,206,1.0,1.0,0.2,1.0,1.0,1.0,1.0,0.1,1.0,1.0
MHCN,207,1.0,1.0,0.1,1.0,1.0,1.0,1.0,0.05,1.0,1.0
MHCN,208,1.0,1.0,0.1,1.0,1.0,1.0,1.0,0.05,1.0,1.0
MHCN,209,0.5,1.0,0.1,1.0,0.3333333333333333,0.5,1.0,0.05,1.0,0.3333333333333333
MHCN,210,1.0,1.0,0.2,1.0,1.0,1.0,1.0,0.1,1.0,1.0
MHCN,211,1.0,1.0,0.1,1.0,1.0,1.0,1.0,0.05,1.0,1.0
MHCN,212,1.0,1.0,0.2,1.0,1.0,1.0,1.0,0.1,1.0,1.0
MHCN,213,1.0,1.0,0.1,1.0,1.0,1.0,1.0,0.05,1.0,1.0
MHCN,214,1.0,1.0,0.3,1.0,1.0,1.0,1.0,0.15,1.0,1.0
MHCN,215,1.0,1.0,0.1,1.0,1.0,1.0,1.0,0.05,1.0,1.0
MHCN,216,1.0,1.0,0.1,1.0,1.0,1.0,1.0,0.05,1.0,1.0
MHCN,217,0.49818925746641285,0.6666666666666666,0.2,1.0,0.5,0.49818925746641285,0.6666666666666666,0.1,1.0,0.5
MHCN,218,1.0,1.0,0.1,1.0,1.0,1.0,1.0,0.05,1.0,1.0
MHCN,219,0.0,0.0,0.0,0.0,0.0,0.2559580248098155,1.0,0.05,1.0,0.07142857142857142
MHCN,220,1.0,1.0,0.1,1.0,1.0,1.0,1.0,0.05,1.0,1.0
MHCN,221,1.0,1.0,0.1,1.0,1.0,1.0,1.0,0.05,1.0,1.0
MHCN,222,1.0,1.0,0.2,1.0,1.0,1.0,1.0,0.1,1.0,1.0
MHCN,223,1.0,1.0,0.2,1.0,1.0,1.0,1.0,0.1,1.0,1.0
MHCN,224,1.0,1.0,0.3,1.0,1.0,1.0,1.0,0.15,1.0,1.0
MHCN,225,1.0,1.0,0.1,1.0,1.0,1.0,1.0,0.05,1.0,1.0
MHCN,226,1.0,1.0,0.1,1.0,1.0,1.0,1.0,0.05,1.0,1.0
MHCN,227,1.0,1.0,0.3,1.0,1.0,1.0,1.0,0.15,1.0,1.0
MHCN,228,1.0,1.0,0.1,1.0,1.0,1.0,1.0,0.05,1.0,1.0
MHCN,229,1.0,1.0,0.1,1.0,1.0,1.0,1.0,0.05,1.0,1.0
MHCN,230,1.0,1.0,0.1,1.0,1.0,1.0,1.0,0.05,1.0,1.0
MHCN,231,1.0,1.0,0.1,1.0,1.0,1.0,1.0,0.05,1.0,1.0
MHCN,232,0.6131471927654584,0.5,0.1,1.0,1.0,0.6131471927654584,0.5,0.05,1.0,1.0
MHCN,233,1.0,1.0,0.1,1.0,1.0,1.0,1.0,0.05,1.0,1.0
MHCN,234,0.6131471927654584,0.5,0.1,1.0,1.0,0.6131471927654584,0.5,0.05,1.0,1.0
MHCN,235,1.0,1.0,0.1,1.0,1.0,1.0,1.0,0.05,1.0,1.0
MHCN,236,1.0,1.0,0.1,1.0,1.0,1.0,1.0,0.05,1.0,1.0
MHCN,237,1.0,1.0,0.1,1.0,1.0,1.0,1.0,0.05,1.0,1.0
MHCN,238,0.9197207891481876,1.0,0.2,1.0,1.0,0.9197207891481876,1.0,0.1,1.0,1.0
MHCN,239,1.0,1.0,0.1,1.0,1.0,1.0,1.0,0.05,1.0,1.0
MHCN,240,1.0,1.0,0.2,1.0,1.0,1.0,1.0,0.1,1.0,1.0
MHCN,241,1.0,1.0,0.1,1.0,1.0,1.0,1.0,0.05,1.0,1.0
MHCN,242,0.0,0.0,0.0,0.0,0.0,0.0,0.0,0.0,0.0,0.0
MHCN,243,1.0,1.0,0.2,1.0,1.0,1.0,1.0,0.1,1.0,1.0
MHCN,244,1.0,1.0,0.2,1.0,1.0,1.0,1.0,0.1,1.0,1.0
MHCN,245,1.0,1.0,0.1,1.0,1.0,1.0,1.0,0.05,1.0,1.0
MHCN,246,1.0,1.0,0.3,1.0,1.0,1.0,1.0,0.15,1.0,1.0
MHCN,247,1.0,1.0,0.1,1.0,1.0,1.0,1.0,0.05,1.0,1.0
MHCN,248,0.6131471927654584,0.5,0.1,1.0,1.0,0.6131471927654584,0.5,0.05,1.0,1.0
MHCN,249,1.0,1.0,0.1,1.0,1.0,1.0,1.0,0.05,1.0,1.0
MHCN,250,1.0,1.0,0.2,1.0,1.0,1.0,1.0,0.1,1.0,1.0
MHCN,251,0.7653606369886217,0.6666666666666666,0.2,1.0,1.0,0.7653606369886217,0.6666666666666666,0.1,1.0,1.0
MHCN,252,1.0,1.0,0.2,1.0,1.0,1.0,1.0,0.1,1.0,1.0
MHCN,253,0.0,0.0,0.0,0.0,0.0,0.2559580248098155,1.0,0.05,1.0,0.07142857142857142
MHCN,254,1.0,1.0,0.1,1.0,1.0,1.0,1.0,0.05,1.0,1.0
MHCN,255,1.0,1.0,0.2,1.0,1.0,1.0,1.0,0.1,1.0,1.0
MHCN,256,1.0,1.0,0.1,1.0,1.0,1.0,1.0,0.05,1.0,1.0
MHCN,257,0.9197207891481876,1.0,0.2,1.0,1.0,0.9197207891481876,1.0,0.1,1.0,1.0
MHCN,258,1.0,1.0,0.2,1.0,1.0,1.0,1.0,0.1,1.0,1.0
MHCN,259,0.0,0.0,0.0,0.0,0.0,0.27894294565112987,1.0,0.05,1.0,0.09090909090909091
MHCN,260,1.0,1.0,0.1,1.0,1.0,1.0,1.0,0.05,1.0,1.0
MHCN,261,1.0,1.0,0.1,1.0,1.0,1.0,1.0,0.05,1.0,1.0
MHCN,262,1.0,1.0,0.2,1.0,1.0,1.0,1.0,0.1,1.0,1.0
MHCN,263,1.0,1.0,0.1,1.0,1.0,1.0,1.0,0.05,1.0,1.0
MHCN,264,1.0,1.0,0.2,1.0,1.0,1.0,1.0,0.1,1.0,1.0
MHCN,265,1.0,1.0,0.4,1.0,1.0,1.0,1.0,0.2,1.0,1.0
MHCN,266,1.0,1.0,0.1,1.0,1.0,1.0,1.0,0.05,1.0,1.0
MHCN,267,1.0,1.0,0.1,1.0,1.0,1.0,1.0,0.05,1.0,1.0
MHCN,268,1.0,1.0,0.2,1.0,1.0,1.0,1.0,0.1,1.0,1.0
MHCN,269,0.0,0.0,0.0,0.0,0.0,0.30398028504434005,1.0,0.1,1.0,0.07142857142857142
MHCN,270,1.0,1.0,0.2,1.0,1.0,1.0,1.0,0.1,1.0,1.0
MHCN,271,0.8175295903539445,1.0,0.2,1.0,1.0,0.8175295903539445,1.0,0.1,1.0,1.0
MHCN,272,1.0,1.0,0.2,1.0,1.0,1.0,1.0,0.1,1.0,1.0
MHCN,273,1.0,1.0,0.1,1.0,1.0,1.0,1.0,0.05,1.0,1.0
MHCN,274,1.0,1.0,0.2,1.0,1.0,1.0,1.0,0.1,1.0,1.0
MHCN,275,1.0,1.0,0.2,1.0,1.0,1.0,1.0,0.1,1.0,1.0
MHCN,276,1.0,1.0,0.2,1.0,1.0,1.0,1.0,0.1,1.0,1.0
MHCN,277,0.7653606369886217,0.6666666666666666,0.2,1.0,1.0,0.8921776538210152,1.0,0.15,1.0,1.0
MHCN,278,1.0,1.0,0.2,1.0,1.0,1.0,1.0,0.1,1.0,1.0
MHCN,279,1.0,1.0,0.3,1.0,1.0,1.0,1.0,0.15,1.0,1.0
MHCN,280,0.9197207891481876,1.0,0.2,1.0,1.0,0.9197207891481876,1.0,0.1,1.0,1.0
MHCN,281,0.0,0.0,0.0,0.0,0.0,0.0,0.0,0.0,0.0,0.0
MHCN,282,1.0,1.0,0.1,1.0,1.0,1.0,1.0,0.05,1.0,1.0
MHCN,283,1.0,1.0,0.3,1.0,1.0,1.0,1.0,0.15,1.0,1.0
MHCN,284,1.0,1.0,0.2,1.0,1.0,1.0,1.0,0.1,1.0,1.0
MHCN,285,0.6131471927654584,0.5,0.1,1.0,1.0,0.6131471927654584,0.5,0.05,1.0,1.0
MHCN,286,1.0,1.0,0.1,1.0,1.0,1.0,1.0,0.05,1.0,1.0
MHCN,287,0.9217868789962071,1.0,0.3,1.0,1.0,0.9217868789962071,1.0,0.15,1.0,1.0
MHCN,288,1.0,1.0,0.2,1.0,1.0,1.0,1.0,0.1,1.0,1.0
MHCN,289,1.0,1.0,0.2,1.0,1.0,1.0,1.0,0.1,1.0,1.0
MHCN,290,0.6131471927654584,0.5,0.1,1.0,1.0,0.6131471927654584,0.5,0.05,1.0,1.0
MHCN,291,0.7653606369886217,0.6666666666666666,0.2,1.0,1.0,0.8739415100896553,1.0,0.15,1.0,1.0
MHCN,292,1.0,1.0,0.2,1.0,1.0,1.0,1.0,0.1,1.0,1.0
MHCN,293,1.0,1.0,0.1,1.0,1.0,1.0,1.0,0.05,1.0,1.0
MHCN,294,1.0,1.0,0.2,1.0,1.0,1.0,1.0,0.1,1.0,1.0
MHCN,295,1.0,1.0,0.1,1.0,1.0,1.0,1.0,0.05,1.0,1.0
MHCN,296,1.0,1.0,0.2,1.0,1.0,1.0,1.0,0.1,1.0,1.0
MHCN,297,1.0,1.0,0.2,1.0,1.0,1.0,1.0,0.1,1.0,1.0
MHCN,298,1.0,1.0,0.2,1.0,1.0,1.0,1.0,0.1,1.0,1.0
MHCN,299,0.6713860725233041,0.6666666666666666,0.2,1.0,1.0,0.6713860725233041,0.6666666666666666,0.1,1.0,1.0
MHCN,300,1.0,1.0,0.2,1.0,1.0,1.0,1.0,0.1,1.0,1.0
MHCN,301,1.0,1.0,0.1,1.0,1.0,1.0,1.0,0.05,1.0,1.0
MHCN,302,0.7653606369886217,0.6666666666666666,0.2,1.0,1.0,0.885476292786673,1.0,0.15,1.0,1.0
MHCN,303,1.0,1.0,0.2,1.0,1.0,1.0,1.0,0.1,1.0,1.0
MHCN,304,1.0,1.0,0.1,1.0,1.0,1.0,1.0,0.05,1.0,1.0
MHCN,305,1.0,1.0,0.1,1.0,1.0,1.0,1.0,0.05,1.0,1.0
MHCN,306,1.0,1.0,0.2,1.0,1.0,1.0,1.0,0.1,1.0,1.0
MHCN,307,1.0,1.0,0.1,1.0,1.0,1.0,1.0,0.05,1.0,1.0
MHCN,308,1.0,1.0,0.2,1.0,1.0,1.0,1.0,0.1,1.0,1.0
MHCN,309,1.0,1.0,0.2,1.0,1.0,1.0,1.0,0.1,1.0,1.0
MHCN,310,0.7653606369886217,0.6666666666666666,0.2,1.0,1.0,0.8962626271568189,1.0,0.15,1.0,1.0
MHCN,311,1.0,1.0,0.2,1.0,1.0,1.0,1.0,0.1,1.0,1.0
MHCN,312,1.0,1.0,0.1,1.0,1.0,1.0,1.0,0.05,1.0,1.0
MHCN,313,1.0,1.0,0.1,1.0,1.0,1.0,1.0,0.05,1.0,1.0
MHCN,314,1.0,1.0,0.1,1.0,1.0,1.0,1.0,0.05,1.0,1.0
MHCN,315,1.0,1.0,0.2,1.0,1.0,1.0,1.0,0.1,1.0,1.0
MHCN,316,0.6131471927654584,0.5,0.1,1.0,1.0,0.6131471927654584,0.5,0.05,1.0,1.0
MHCN,317,1.0,1.0,0.3,1.0,1.0,1.0,1.0,0.15,1.0,1.0
MHCN,318,1.0,1.0,0.2,1.0,1.0,1.0,1.0,0.1,1.0,1.0
MHCN,319,1.0,1.0,0.1,1.0,1.0,1.0,1.0,0.05,1.0,1.0
MHCN,320,1.0,1.0,0.2,1.0,1.0,1.0,1.0,0.1,1.0,1.0
MHCN,321,1.0,1.0,0.2,1.0,1.0,1.0,1.0,0.1,1.0,1.0
MHCN,322,0.6131471927654584,0.5,0.1,1.0,1.0,0.6131471927654584,0.5,0.05,1.0,1.0
MHCN,323,1.0,1.0,0.3,1.0,1.0,1.0,1.0,0.15,1.0,1.0
MHCN,324,0.9217868789962071,1.0,0.3,1.0,1.0,0.9217868789962071,1.0,0.15,1.0,1.0
MHCN,325,1.0,1.0,0.2,1.0,1.0,1.0,1.0,0.1,1.0,1.0
MHCN,326,1.0,1.0,0.1,1.0,1.0,1.0,1.0,0.05,1.0,1.0
MHCN,327,1.0,1.0,0.2,1.0,1.0,1.0,1.0,0.1,1.0,1.0
MHCN,328,1.0,1.0,0.1,1.0,1.0,1.0,1.0,0.05,1.0,1.0
MHCN,329,1.0,1.0,0.2,1.0,1.0,1.0,1.0,0.1,1.0,1.0
MHCN,330,1.0,1.0,0.1,1.0,1.0,1.0,1.0,0.05,1.0,1.0
MHCN,331,1.0,1.0,0.3,1.0,1.0,1.0,1.0,0.15,1.0,1.0
MHCN,332,1.0,1.0,0.2,1.0,1.0,1.0,1.0,0.1,1.0,1.0
MHCN,333,1.0,1.0,0.3,1.0,1.0,1.0,1.0,0.15,1.0,1.0
MHCN,334,1.0,1.0,0.2,1.0,1.0,1.0,1.0,0.1,1.0,1.0
MHCN,335,1.0,1.0,0.2,1.0,1.0,1.0,1.0,0.1,1.0,1.0
MHCN,336,1.0,1.0,0.2,1.0,1.0,1.0,1.0,0.1,1.0,1.0
MHCN,337,1.0,1.0,0.2,1.0,1.0,1.0,1.0,0.1,1.0,1.0
MHCN,338,0.48381288316677695,1.0,0.2,1.0,0.3333333333333333,0.48381288316677695,1.0,0.1,1.0,0.3333333333333333
MHCN,339,1.0,1.0,0.3,1.0,1.0,1.0,1.0,0.15,1.0,1.0
MHCN,340,0.46927872602275644,0.3333333333333333,0.1,1.0,1.0,0.581817614818224,0.6666666666666666,0.1,1.0,1.0
MHCN,341,1.0,1.0,0.1,1.0,1.0,1.0,1.0,0.05,1.0,1.0
MHCN,342,1.0,1.0,0.2,1.0,1.0,1.0,1.0,0.1,1.0,1.0
MHCN,343,0.8772153153380493,1.0,0.2,1.0,1.0,0.8772153153380493,1.0,0.1,1.0,1.0
MHCN,344,0.8175295903539445,1.0,0.2,1.0,1.0,0.8175295903539445,1.0,0.1,1.0,1.0
MHCN,345,1.0,1.0,0.1,1.0,1.0,1.0,1.0,0.05,1.0,1.0
MHCN,346,1.0,1.0,0.1,1.0,1.0,1.0,1.0,0.05,1.0,1.0
MHCN,347,1.0,1.0,0.2,1.0,1.0,1.0,1.0,0.1,1.0,1.0
MHCN,348,1.0,1.0,0.1,1.0,1.0,1.0,1.0,0.05,1.0,1.0
MHCN,349,1.0,1.0,0.1,1.0,1.0,1.0,1.0,0.05,1.0,1.0
MHCN,350,1.0,1.0,0.3,1.0,1.0,1.0,1.0,0.15,1.0,1.0
MHCN,351,1.0,1.0,0.2,1.0,1.0,1.0,1.0,0.1,1.0,1.0
MHCN,352,1.0,1.0,0.2,1.0,1.0,1.0,1.0,0.1,1.0,1.0
MHCN,353,1.0,1.0,0.1,1.0,1.0,1.0,1.0,0.05,1.0,1.0
MHCN,354,0.9217868789962071,1.0,0.3,1.0,1.0,0.9217868789962071,1.0,0.15,1.0,1.0
MHCN,355,1.0,1.0,0.1,1.0,1.0,1.0,1.0,0.05,1.0,1.0
MHCN,356,1.0,1.0,0.2,1.0,1.0,1.0,1.0,0.1,1.0,1.0
MHCN,357,1.0,1.0,0.1,1.0,1.0,1.0,1.0,0.05,1.0,1.0
MHCN,358,1.0,1.0,0.2,1.0,1.0,1.0,1.0,0.1,1.0,1.0
MHCN,359,1.0,1.0,0.1,1.0,1.0,1.0,1.0,0.05,1.0,1.0
MHCN,360,1.0,1.0,0.1,1.0,1.0,1.0,1.0,0.05,1.0,1.0
MHCN,361,1.0,1.0,0.2,1.0,1.0,1.0,1.0,0.1,1.0,1.0
MHCN,362,1.0,1.0,0.2,1.0,1.0,1.0,1.0,0.1,1.0,1.0
MHCN,363,1.0,1.0,0.3,1.0,1.0,1.0,1.0,0.15,1.0,1.0
MHCN,364,0.9197207891481876,1.0,0.2,1.0,1.0,0.9197207891481876,1.0,0.1,1.0,1.0
MHCN,365,0.9197207891481876,1.0,0.2,1.0,1.0,0.9197207891481876,1.0,0.1,1.0,1.0
MHCN,366,1.0,1.0,0.2,1.0,1.0,1.0,1.0,0.1,1.0,1.0
MHCN,367,1.0,1.0,0.1,1.0,1.0,1.0,1.0,0.05,1.0,1.0
MHCN,368,0.9619991470595832,1.0,0.4,1.0,1.0,0.9619991470595832,1.0,0.2,1.0,1.0
MHCN,369,0.8772153153380493,1.0,0.2,1.0,1.0,0.8772153153380493,1.0,0.1,1.0,1.0
MHCN,370,0.8318724637288826,0.75,0.3,1.0,1.0,0.9294674762269081,1.0,0.2,1.0,1.0
MHCN,371,1.0,1.0,0.1,1.0,1.0,1.0,1.0,0.05,1.0,1.0
MHCN,372,1.0,1.0,0.1,1.0,1.0,1.0,1.0,0.05,1.0,1.0
MHCN,373,1.0,1.0,0.3,1.0,1.0,1.0,1.0,0.15,1.0,1.0
MHCN,374,0.9197207891481876,1.0,0.2,1.0,1.0,0.9197207891481876,1.0,0.1,1.0,1.0
MHCN,375,1.0,1.0,0.2,1.0,1.0,1.0,1.0,0.1,1.0,1.0
MHCN,376,1.0,1.0,0.3,1.0,1.0,1.0,1.0,0.15,1.0,1.0
MHCN,377,1.0,1.0,0.3,1.0,1.0,1.0,1.0,0.15,1.0,1.0
MHCN,378,1.0,1.0,0.2,1.0,1.0,1.0,1.0,0.1,1.0,1.0
MHCN,379,1.0,1.0,0.1,1.0,1.0,1.0,1.0,0.05,1.0,1.0
MHCN,380,1.0,1.0,0.2,1.0,1.0,1.0,1.0,0.1,1.0,1.0
MHCN,381,0.8318724637288826,0.75,0.3,1.0,1.0,0.9344056023471046,1.0,0.2,1.0,1.0
MHCN,382,1.0,1.0,0.3,1.0,1.0,1.0,1.0,0.15,1.0,1.0
MHCN,383,1.0,1.0,0.1,1.0,1.0,1.0,1.0,0.05,1.0,1.0
MHCN,384,1.0,1.0,0.3,1.0,1.0,1.0,1.0,0.15,1.0,1.0
MHCN,385,0.7653606369886217,0.6666666666666666,0.2,1.0,1.0,0.8778995257840893,1.0,0.15,1.0,1.0
MHCN,386,1.0,1.0,0.1,1.0,1.0,1.0,1.0,0.05,1.0,1.0
MHCN,387,1.0,1.0,0.2,1.0,1.0,1.0,1.0,0.1,1.0,1.0
MHCN,388,1.0,1.0,0.2,1.0,1.0,1.0,1.0,0.1,1.0,1.0
MHCN,389,0.7653606369886217,0.6666666666666666,0.2,1.0,1.0,0.7653606369886217,0.6666666666666666,0.1,1.0,1.0
MHCN,390,1.0,1.0,0.3,1.0,1.0,1.0,1.0,0.15,1.0,1.0
MHCN,391,1.0,1.0,0.1,1.0,1.0,1.0,1.0,0.05,1.0,1.0
MHCN,392,0.6131471927654584,0.5,0.1,1.0,1.0,0.6131471927654584,0.5,0.05,1.0,1.0
MHCN,393,1.0,1.0,0.3,1.0,1.0,1.0,1.0,0.15,1.0,1.0
MHCN,394,0.8772153153380493,1.0,0.2,1.0,1.0,0.8772153153380493,1.0,0.1,1.0,1.0
MHCN,395,1.0,1.0,0.2,1.0,1.0,1.0,1.0,0.1,1.0,1.0
MHCN,396,1.0,1.0,0.4,1.0,1.0,1.0,1.0,0.2,1.0,1.0
MHCN,397,1.0,1.0,0.3,1.0,1.0,1.0,1.0,0.15,1.0,1.0
MHCN,398,0.8503449055347546,1.0,0.2,1.0,1.0,0.8503449055347546,1.0,0.1,1.0,1.0
MHCN,399,0.6131471927654584,0.5,0.1,1.0,1.0,0.6131471927654584,0.5,0.05,1.0,1.0
MHCN,400,1.0,1.0,0.2,1.0,1.0,1.0,1.0,0.1,1.0,1.0
MHCN,401,1.0,1.0,0.3,1.0,1.0,1.0,1.0,0.15,1.0,1.0
MHCN,402,1.0,1.0,0.2,1.0,1.0,1.0,1.0,0.1,1.0,1.0
MHCN,403,0.9197207891481876,1.0,0.2,1.0,1.0,0.9197207891481876,1.0,0.1,1.0,1.0
MHCN,404,0.3065735963827292,0.5,0.1,1.0,0.3333333333333333,0.44844249824872334,1.0,0.1,1.0,0.3333333333333333
MHCN,405,1.0,1.0,0.3,1.0,1.0,1.0,1.0,0.15,1.0,1.0
MHCN,406,0.7653606369886217,0.6666666666666666,0.2,1.0,1.0,0.7653606369886217,0.6666666666666666,0.1,1.0,1.0
MHCN,407,1.0,1.0,0.2,1.0,1.0,1.0,1.0,0.1,1.0,1.0
MHCN,408,1.0,1.0,0.3,1.0,1.0,1.0,1.0,0.15,1.0,1.0
MHCN,409,1.0,1.0,0.3,1.0,1.0,1.0,1.0,0.15,1.0,1.0
MHCN,410,1.0,1.0,0.2,1.0,1.0,1.0,1.0,0.1,1.0,1.0
MHCN,411,1.0,1.0,0.3,1.0,1.0,1.0,1.0,0.15,1.0,1.0
MHCN,412,1.0,1.0,0.2,1.0,1.0,1.0,1.0,0.1,1.0,1.0
MHCN,413,0.43067655807339306,1.0,0.1,1.0,0.25,0.43067655807339306,1.0,0.05,1.0,0.25
MHCN,414,1.0,1.0,0.3,1.0,1.0,1.0,1.0,0.15,1.0,1.0
MHCN,415,1.0,1.0,0.2,1.0,1.0,1.0,1.0,0.1,1.0,1.0
MHCN,416,0.7653606369886217,0.6666666666666666,0.2,1.0,1.0,0.7653606369886217,0.6666666666666666,0.1,1.0,1.0
MHCN,417,1.0,1.0,0.1,1.0,1.0,1.0,1.0,0.05,1.0,1.0
MHCN,418,1.0,1.0,0.2,1.0,1.0,1.0,1.0,0.1,1.0,1.0
MHCN,419,0.9197207891481876,1.0,0.2,1.0,1.0,0.9197207891481876,1.0,0.1,1.0,1.0
MHCN,420,1.0,1.0,0.2,1.0,1.0,1.0,1.0,0.1,1.0,1.0
MHCN,421,1.0,1.0,0.3,1.0,1.0,1.0,1.0,0.15,1.0,1.0
MHCN,422,1.0,1.0,0.2,1.0,1.0,1.0,1.0,0.1,1.0,1.0
MHCN,423,1.0,1.0,0.2,1.0,1.0,1.0,1.0,0.1,1.0,1.0
MHCN,424,1.0,1.0,0.2,1.0,1.0,1.0,1.0,0.1,1.0,1.0
MHCN,425,1.0,1.0,0.3,1.0,1.0,1.0,1.0,0.15,1.0,1.0
MHCN,426,0.9674679834891693,1.0,0.3,1.0,1.0,0.9674679834891693,1.0,0.15,1.0,1.0
MHCN,427,1.0,1.0,0.1,1.0,1.0,1.0,1.0,0.05,1.0,1.0
MHCN,428,1.0,1.0,0.1,1.0,1.0,1.0,1.0,0.05,1.0,1.0
MHCN,429,0.23463936301137822,0.3333333333333333,0.1,1.0,0.3333333333333333,0.47801085800215304,1.0,0.15,1.0,0.3333333333333333
MHCN,430,1.0,1.0,0.2,1.0,1.0,1.0,1.0,0.1,1.0,1.0
MHCN,431,1.0,1.0,0.1,1.0,1.0,1.0,1.0,0.05,1.0,1.0
MHCN,432,1.0,1.0,0.2,1.0,1.0,1.0,1.0,0.1,1.0,1.0
MHCN,433,1.0,1.0,0.2,1.0,1.0,1.0,1.0,0.1,1.0,1.0
MHCN,434,1.0,1.0,0.1,1.0,1.0,1.0,1.0,0.05,1.0,1.0
MHCN,435,0.8318724637288826,0.75,0.3,1.0,1.0,0.8318724637288826,0.75,0.15,1.0,1.0
MHCN,436,1.0,1.0,0.1,1.0,1.0,1.0,1.0,0.05,1.0,1.0
MHCN,437,1.0,1.0,0.2,1.0,1.0,1.0,1.0,0.1,1.0,1.0
MHCN,438,0.7653606369886217,0.6666666666666666,0.2,1.0,1.0,0.7653606369886217,0.6666666666666666,0.1,1.0,1.0
MHCN,439,1.0,1.0,0.2,1.0,1.0,1.0,1.0,0.1,1.0,1.0
MHCN,440,1.0,1.0,0.3,1.0,1.0,1.0,1.0,0.15,1.0,1.0
MHCN,441,0.9896062251871525,1.0,0.5,1.0,1.0,0.9896062251871525,1.0,0.25,1.0,1.0
MHCN,442,1.0,1.0,0.4,1.0,1.0,1.0,1.0,0.2,1.0,1.0
MHCN,443,1.0,1.0,0.2,1.0,1.0,1.0,1.0,0.1,1.0,1.0
MHCN,444,0.8772153153380493,1.0,0.2,1.0,1.0,0.8772153153380493,1.0,0.1,1.0,1.0
MHCN,445,1.0,1.0,0.1,1.0,1.0,1.0,1.0,0.05,1.0,1.0
MHCN,446,1.0,1.0,0.1,1.0,1.0,1.0,1.0,0.05,1.0,1.0
MHCN,447,0.7903864795495061,1.0,0.2,1.0,1.0,0.7903864795495061,1.0,0.1,1.0,1.0
MHCN,448,1.0,1.0,0.2,1.0,1.0,1.0,1.0,0.1,1.0,1.0
MHCN,449,0.9469024295259745,1.0,0.3,1.0,1.0,0.9469024295259745,1.0,0.15,1.0,1.0
MHCN,450,1.0,1.0,0.2,1.0,1.0,1.0,1.0,0.1,1.0,1.0
MHCN,451,0.9325210919548239,1.0,0.3,1.0,1.0,0.9325210919548239,1.0,0.15,1.0,1.0
MHCN,452,1.0,1.0,0.1,1.0,1.0,1.0,1.0,0.05,1.0,1.0
MHCN,453,1.0,1.0,0.1,1.0,1.0,1.0,1.0,0.05,1.0,1.0
MHCN,454,1.0,1.0,0.2,1.0,1.0,1.0,1.0,0.1,1.0,1.0
MHCN,455,0.17723928678404774,0.5,0.1,1.0,0.1,0.17723928678404774,0.5,0.05,1.0,0.1
MHCN,456,1.0,1.0,0.1,1.0,1.0,1.0,1.0,0.05,1.0,1.0
MHCN,457,1.0,1.0,0.3,1.0,1.0,1.0,1.0,0.15,1.0,1.0
MHCN,458,1.0,1.0,0.2,1.0,1.0,1.0,1.0,0.1,1.0,1.0
MHCN,459,1.0,1.0,0.2,1.0,1.0,1.0,1.0,0.1,1.0,1.0
MHCN,460,1.0,1.0,0.3,1.0,1.0,1.0,1.0,0.15,1.0,1.0
MHCN,461,1.0,1.0,0.2,1.0,1.0,1.0,1.0,0.1,1.0,1.0
MHCN,462,0.7653606369886217,0.6666666666666666,0.2,1.0,1.0,0.872201441250412,1.0,0.15,1.0,1.0
MHCN,463,1.0,1.0,0.2,1.0,1.0,1.0,1.0,0.1,1.0,1.0
MHCN,464,0.8318724637288826,0.75,0.3,1.0,1.0,0.9254904664164789,1.0,0.2,1.0,1.0
MHCN,465,0.8318724637288826,0.75,0.3,1.0,1.0,0.8318724637288826,0.75,0.15,1.0,1.0
MHCN,466,1.0,1.0,0.2,1.0,1.0,1.0,1.0,0.1,1.0,1.0
MHCN,467,1.0,1.0,0.3,1.0,1.0,1.0,1.0,0.15,1.0,1.0
MHCN,468,1.0,1.0,0.2,1.0,1.0,1.0,1.0,0.1,1.0,1.0
MHCN,469,1.0,1.0,0.1,1.0,1.0,1.0,1.0,0.05,1.0,1.0
MHCN,470,1.0,1.0,0.3,1.0,1.0,1.0,1.0,0.15,1.0,1.0
MHCN,471,1.0,1.0,0.3,1.0,1.0,1.0,1.0,0.15,1.0,1.0
MHCN,472,1.0,1.0,0.2,1.0,1.0,1.0,1.0,0.1,1.0,1.0
MHCN,473,1.0,1.0,0.1,1.0,1.0,1.0,1.0,0.05,1.0,1.0
MHCN,474,0.8065735963827293,1.0,0.2,1.0,1.0,0.8065735963827293,1.0,0.1,1.0,1.0
MHCN,475,1.0,1.0,0.3,1.0,1.0,1.0,1.0,0.15,1.0,1.0
MHCN,476,1.0,1.0,0.3,1.0,1.0,1.0,1.0,0.15,1.0,1.0
MHCN,477,1.0,1.0,0.2,1.0,1.0,1.0,1.0,0.1,1.0,1.0
MHCN,478,1.0,1.0,0.2,1.0,1.0,1.0,1.0,0.1,1.0,1.0
MHCN,479,1.0,1.0,0.2,1.0,1.0,1.0,1.0,0.1,1.0,1.0
MHCN,480,0.6131471927654584,0.5,0.1,1.0,1.0,0.6131471927654584,0.5,0.05,1.0,1.0
MHCN,481,1.0,1.0,0.2,1.0,1.0,1.0,1.0,0.1,1.0,1.0
MHCN,482,1.0,1.0,0.2,1.0,1.0,1.0,1.0,0.1,1.0,1.0
MHCN,483,1.0,1.0,0.2,1.0,1.0,1.0,1.0,0.1,1.0,1.0
MHCN,484,1.0,1.0,0.3,1.0,1.0,1.0,1.0,0.15,1.0,1.0
MHCN,485,1.0,1.0,0.5,1.0,1.0,1.0,1.0,0.25,1.0,1.0
MHCN,486,1.0,1.0,0.2,1.0,1.0,1.0,1.0,0.1,1.0,1.0
MHCN,487,1.0,1.0,0.2,1.0,1.0,1.0,1.0,0.1,1.0,1.0
MHCN,488,0.9469024295259745,1.0,0.3,1.0,1.0,0.9469024295259745,1.0,0.15,1.0,1.0
MHCN,489,1.0,1.0,0.2,1.0,1.0,1.0,1.0,0.1,1.0,1.0
MHCN,490,1.0,1.0,0.3,1.0,1.0,1.0,1.0,0.15,1.0,1.0
MHCN,491,0.6131471927654584,0.5,0.1,1.0,1.0,0.6131471927654584,0.5,0.05,1.0,1.0
MHCN,492,1.0,1.0,0.3,1.0,1.0,1.0,1.0,0.15,1.0,1.0
MHCN,493,1.0,1.0,0.2,1.0,1.0,1.0,1.0,0.1,1.0,1.0
MHCN,494,1.0,1.0,0.2,1.0,1.0,1.0,1.0,0.1,1.0,1.0
MHCN,495,1.0,1.0,0.1,1.0,1.0,1.0,1.0,0.05,1.0,1.0
MHCN,496,0.9674679834891693,1.0,0.3,1.0,1.0,0.9674679834891693,1.0,0.15,1.0,1.0
MHCN,497,1.0,1.0,0.2,1.0,1.0,1.0,1.0,0.1,1.0,1.0
MHCN,498,1.0,1.0,0.2,1.0,1.0,1.0,1.0,0.1,1.0,1.0
MHCN,499,1.0,1.0,0.2,1.0,1.0,1.0,1.0,0.1,1.0,1.0
HAGN,0,1.0,1.0,0.1,1.0,1.0,1.0,1.0,0.05,1.0,1.0
HAGN,1,1.0,1.0,0.1,1.0,1.0,1.0,1.0,0.05,1.0,1.0
HAGN,2,1.0,1.0,0.1,1.0,1.0,1.0,1.0,0.05,1.0,1.0
HAGN,3,1.0,1.0,0.1,1.0,1.0,1.0,1.0,0.05,1.0,1.0
HAGN,4,0.6309297535714575,1.0,0.1,1.0,0.5,0.6309297535714575,1.0,0.05,1.0,0.5
HAGN,5,1.0,1.0,0.1,1.0,1.0,1.0,1.0,0.05,1.0,1.0
HAGN,6,1.0,1.0,0.1,1.0,1.0,1.0,1.0,0.05,1.0,1.0
HAGN,7,1.0,1.0,0.1,1.0,1.0,1.0,1.0,0.05,1.0,1.0
HAGN,8,1.0,1.0,0.1,1.0,1.0,1.0,1.0,0.05,1.0,1.0
HAGN,9,1.0,1.0,0.1,1.0,1.0,1.0,1.0,0.05,1.0,1.0
HAGN,10,1.0,1.0,0.1,1.0,1.0,1.0,1.0,0.05,1.0,1.0
HAGN,11,1.0,1.0,0.1,1.0,1.0,1.0,1.0,0.05,1.0,1.0
HAGN,12,1.0,1.0,0.1,1.0,1.0,1.0,1.0,0.05,1.0,1.0
HAGN,13,1.0,1.0,0.1,1.0,1.0,1.0,1.0,0.05,1.0,1.0
HAGN,14,1.0,1.0,0.1,1.0,1.0,1.0,1.0,0.05,1.0,1.0
HAGN,15,1.0,1.0,0.1,1.0,1.0,1.0,1.0,0.05,1.0,1.0
HAGN,16,0.3333333333333333,1.0,0.1,1.0,0.14285714285714285,0.3333333333333333,1.0,0.05,1.0,0.14285714285714285
HAGN,17,1.0,1.0,0.1,1.0,1.0,1.0,1.0,0.05,1.0,1.0
HAGN,18,1.0,1.0,0.1,1.0,1.0,1.0,1.0,0.05,1.0,1.0
HAGN,19,1.0,1.0,0.1,1.0,1.0,1.0,1.0,0.05,1.0,1.0
HAGN,20,1.0,1.0,0.1,1.0,1.0,1.0,1.0,0.05,1.0,1.0
HAGN,21,0.6309297535714575,1.0,0.1,1.0,0.5,0.6309297535714575,1.0,0.05,1.0,0.5
HAGN,22,1.0,1.0,0.1,1.0,1.0,1.0,1.0,0.05,1.0,1.0
HAGN,23,1.0,1.0,0.1,1.0,1.0,1.0,1.0,0.05,1.0,1.0
HAGN,24,1.0,1.0,0.1,1.0,1.0,1.0,1.0,0.05,1.0,1.0
HAGN,25,1.0,1.0,0.1,1.0,1.0,1.0,1.0,0.05,1.0,1.0
HAGN,26,1.0,1.0,0.1,1.0,1.0,1.0,1.0,0.05,1.0,1.0
HAGN,27,0.6309297535714575,1.0,0.1,1.0,0.5,0.6309297535714575,1.0,0.05,1.0,0.5
HAGN,28,1.0,1.0,0.1,1.0,1.0,1.0,1.0,0.05,1.0,1.0
HAGN,29,1.0,1.0,0.1,1.0,1.0,1.0,1.0,0.05,1.0,1.0
HAGN,30,1.0,1.0,0.1,1.0,1.0,1.0,1.0,0.05,1.0,1.0
HAGN,31,1.0,1.0,0.1,1.0,1.0,1.0,1.0,0.05,1.0,1.0
HAGN,32,1.0,1.0,0.1,1.0,1.0,1.0,1.0,0.05,1.0,1.0
HAGN,33,1.0,1.0,0.1,1.0,1.0,1.0,1.0,0.05,1.0,1.0
HAGN,34,0.6309297535714575,1.0,0.1,1.0,0.5,0.6309297535714575,1.0,0.05,1.0,0.5
HAGN,35,1.0,1.0,0.1,1.0,1.0,1.0,1.0,0.05,1.0,1.0
HAGN,36,1.0,1.0,0.1,1.0,1.0,1.0,1.0,0.05,1.0,1.0
HAGN,37,1.0,1.0,0.1,1.0,1.0,1.0,1.0,0.05,1.0,1.0
HAGN,38,1.0,1.0,0.1,1.0,1.0,1.0,1.0,0.05,1.0,1.0
HAGN,39,0.6309297535714575,1.0,0.1,1.0,0.5,0.6309297535714575,1.0,0.05,1.0,0.5
HAGN,40,1.0,1.0,0.1,1.0,1.0,1.0,1.0,0.05,1.0,1.0
HAGN,41,0.0,0.0,0.0,0.0,0.0,0.0,0.0,0.0,0.0,0.0
HAGN,42,1.0,1.0,0.1,1.0,1.0,1.0,1.0,0.05,1.0,1.0
HAGN,43,1.0,1.0,0.1,1.0,1.0,1.0,1.0,0.05,1.0,1.0
HAGN,44,1.0,1.0,0.1,1.0,1.0,1.0,1.0,0.05,1.0,1.0
HAGN,45,1.0,1.0,0.1,1.0,1.0,1.0,1.0,0.05,1.0,1.0
HAGN,46,0.38685280723454163,1.0,0.1,1.0,0.2,0.38685280723454163,1.0,0.05,1.0,0.2
HAGN,47,0.5,1.0,0.1,1.0,0.3333333333333333,0.5,1.0,0.05,1.0,0.3333333333333333
HAGN,48,1.0,1.0,0.1,1.0,1.0,1.0,1.0,0.05,1.0,1.0
HAGN,49,1.0,1.0,0.1,1.0,1.0,1.0,1.0,0.05,1.0,1.0
HAGN,50,0.0,0.0,0.0,0.0,0.0,0.27894294565112987,1.0,0.05,1.0,0.09090909090909091
HAGN,51,1.0,1.0,0.1,1.0,1.0,1.0,1.0,0.05,1.0,1.0
HAGN,52,1.0,1.0,0.1,1.0,1.0,1.0,1.0,0.05,1.0,1.0
HAGN,53,1.0,1.0,0.1,1.0,1.0,1.0,1.0,0.05,1.0,1.0
HAGN,54,1.0,1.0,0.1,1.0,1.0,1.0,1.0,0.05,1.0,1.0
HAGN,55,1.0,1.0,0.1,1.0,1.0,1.0,1.0,0.05,1.0,1.0
HAGN,56,0.6309297535714575,1.0,0.1,1.0,0.5,0.6309297535714575,1.0,0.05,1.0,0.5
HAGN,57,1.0,1.0,0.1,1.0,1.0,1.0,1.0,0.05,1.0,1.0
HAGN,58,0.3562071871080222,1.0,0.1,1.0,0.16666666666666666,0.3562071871080222,1.0,0.05,1.0,0.16666666666666666
HAGN,59,1.0,1.0,0.1,1.0,1.0,1.0,1.0,0.05,1.0,1.0
HAGN,60,1.0,1.0,0.1,1.0,1.0,1.0,1.0,0.05,1.0,1.0
HAGN,61,0.6309297535714575,1.0,0.1,1.0,0.5,0.6309297535714575,1.0,0.05,1.0,0.5
HAGN,62,1.0,1.0,0.1,1.0,1.0,1.0,1.0,0.05,1.0,1.0
HAGN,63,0.31546487678572877,1.0,0.1,1.0,0.125,0.31546487678572877,1.0,0.05,1.0,0.125
HAGN,64,1.0,1.0,0.1,1.0,1.0,1.0,1.0,0.05,1.0,1.0
HAGN,65,1.0,1.0,0.1,1.0,1.0,1.0,1.0,0.05,1.0,1.0
HAGN,66,1.0,1.0,0.1,1.0,1.0,1.0,1.0,0.05,1.0,1.0
HAGN,67,1.0,1.0,0.1,1.0,1.0,1.0,1.0,0.05,1.0,1.0
HAGN,68,1.0,1.0,0.1,1.0,1.0,1.0,1.0,0.05,1.0,1.0
HAGN,69,0.0,0.0,0.0,0.0,0.0,0.24465054211822604,1.0,0.05,1.0,0.0625
HAGN,70,1.0,1.0,0.1,1.0,1.0,1.0,1.0,0.05,1.0,1.0
HAGN,71,1.0,1.0,0.1,1.0,1.0,1.0,1.0,0.05,1.0,1.0
HAGN,72,1.0,1.0,0.1,1.0,1.0,1.0,1.0,0.05,1.0,1.0
HAGN,73,1.0,1.0,0.1,1.0,1.0,1.0,1.0,0.05,1.0,1.0
HAGN,74,1.0,1.0,0.1,1.0,1.0,1.0,1.0,0.05,1.0,1.0
HAGN,75,1.0,1.0,0.1,1.0,1.0,1.0,1.0,0.05,1.0,1.0
HAGN,76,0.0,0.0,0.0,0.0,0.0,0.0,0.0,0.0,0.0,0.0
HAGN,77,0.5,1.0,0.1,1.0,0.3333333333333333,0.5,1.0,0.05,1.0,0.3333333333333333
HAGN,78,1.0,1.0,0.1,1.0,1.0,1.0,1.0,0.05,1.0,1.0
HAGN,79,1.0,1.0,0.1,1.0,1.0,1.0,1.0,0.05,1.0,1.0
HAGN,80,1.0,1.0,0.1,1.0,1.0,1.0,1.0,0.05,1.0,1.0
HAGN,81,0.23719771276929622,0.5,0.1,1.0,0.2,0.38153802715201746,1.0,0.1,1.0,0.2
HAGN,82,1.0,1.0,0.1,1.0,1.0,1.0,1.0,0.05,1.0,1.0
HAGN,83,1.0,1.0,0.1,1.0,1.0,1.0,1.0,0.05,1.0,1.0
HAGN,84,1.0,1.0,0.1,1.0,1.0,1.0,1.0,0.05,1.0,1.0
HAGN,85,1.0,1.0,0.1,1.0,1.0,1.0,1.0,0.05,1.0,1.0
HAGN,86,1.0,1.0,0.1,1.0,1.0,1.0,1.0,0.05,1.0,1.0
HAGN,87,0.0,0.0,0.0,0.0,0.0,0.0,0.0,0.0,0.0,0.0
HAGN,88,1.0,1.0,0.1,1.0,1.0,1.0,1.0,0.05,1.0,1.0
HAGN,89,1.0,1.0,0.1,1.0,1.0,1.0,1.0,0.05,1.0,1.0
HAGN,90,1.0,1.0,0.1,1.0,1.0,1.0,1.0,0.05,1.0,1.0
HAGN,91,0.0,0.0,0.0,0.0,0.0,0.26264953503719357,1.0,0.05,1.0,0.07692307692307693
HAGN,92,0.0,0.0,0.0,0.0,0.0,0.0,0.0,0.0,0.0,0.0
HAGN,93,1.0,1.0,0.1,1.0,1.0,1.0,1.0,0.05,1.0,1.0
HAGN,94,1.0,1.0,0.1,1.0,1.0,1.0,1.0,0.05,1.0,1.0
HAGN,95,1.0,1.0,0.1,1.0,1.0,1.0,1.0,0.05,1.0,1.0
HAGN,96,1.0,1.0,0.1,1.0,1.0,1.0,1.0,0.05,1.0,1.0
HAGN,97,0.0,0.0,0.0,0.0,0.0,0.0,0.0,0.0,0.0,0.0
HAGN,98,0.0,0.0,0.0,0.0,0.0,0.1710330840677181,0.5,0.05,1.0,0.09090909090909091
HAGN,99,0.6309297535714575,1.0,0.1,1.0,0.5,0.6309297535714575,1.0,0.05,1.0,0.5
HAGN,100,0.0,0.0,0.0,0.0,0.0,0.0,0.0,0.0,0.0,0.0
HAGN,101,1.0,1.0,0.1,1.0,1.0,1.0,1.0,0.05,1.0,1.0
HAGN,102,1.0,1.0,0.1,1.0,1.0,1.0,1.0,0.05,1.0,1.0
HAGN,103,1.0,1.0,0.1,1.0,1.0,1.0,1.0,0.05,1.0,1.0
HAGN,104,1.0,1.0,0.1,1.0,1.0,1.0,1.0,0.05,1.0,1.0
HAGN,105,1.0,1.0,0.1,1.0,1.0,1.0,1.0,0.05,1.0,1.0
HAGN,106,0.0,0.0,0.0,0.0,0.0,0.25,1.0,0.05,1.0,0.06666666666666667
HAGN,107,0.0,0.0,0.0,0.0,0.0,0.26264953503719357,1.0,0.05,1.0,0.07692307692307693
HAGN,108,0.0,0.0,0.0,0.0,0.0,0.0,0.0,0.0,0.0,0.0
HAGN,109,1.0,1.0,0.1,1.0,1.0,1.0,1.0,0.05,1.0,1.0
HAGN,110,0.0,0.0,0.0,0.0,0.0,0.0,0.0,0.0,0.0,0.0
HAGN,111,1.0,1.0,0.2,1.0,1.0,1.0,1.0,0.1,1.0,1.0
HAGN,112,1.0,1.0,0.1,1.0,1.0,1.0,1.0,0.05,1.0,1.0
HAGN,113,1.0,1.0,0.1,1.0,1.0,1.0,1.0,0.05,1.0,1.0
HAGN,114,0.6309297535714575,1.0,0.1,1.0,0.5,0.6309297535714575,1.0,0.05,1.0,0.5
HAGN,115,1.0,1.0,0.1,1.0,1.0,1.0,1.0,0.05,1.0,1.0
HAGN,116,0.0,0.0,0.0,0.0,0.0,0.0,0.0,0.0,0.0,0.0
HAGN,117,1.0,1.0,0.1,1.0,1.0,1.0,1.0,0.05,1.0,1.0
HAGN,118,0.0,0.0,0.0,0.0,0.0,0.0,0.0,0.0,0.0,0.0
HAGN,119,1.0,1.0,0.1,1.0,1.0,1.0,1.0,0.05,1.0,1.0
HAGN,120,0.0,0.0,0.0,0.0,0.0,0.27023815442731974,1.0,0.05,1.0,0.08333333333333333
HAGN,121,1.0,1.0,0.1,1.0,1.0,1.0,1.0,0.05,1.0,1.0
HAGN,122,0.2890648263178879,1.0,0.1,1.0,0.1,0.2890648263178879,1.0,0.05,1.0,0.1
HAGN,123,0.38685280723454163,1.0,0.1,1.0,0.2,0.38685280723454163,1.0,0.05,1.0,0.2
HAGN,124,1.0,1.0,0.1,1.0,1.0,1.0,1.0,0.05,1.0,1.0
HAGN,125,1.0,1.0,0.1,1.0,1.0,1.0,1.0,0.05,1.0,1.0
HAGN,126,1.0,1.0,0.1,1.0,1.0,1.0,1.0,0.05,1.0,1.0
HAGN,127,0.5,1.0,0.1,1.0,0.3333333333333333,0.5,1.0,0.05,1.0,0.3333333333333333
HAGN,128,1.0,1.0,0.1,1.0,1.0,1.0,1.0,0.05,1.0,1.0
HAGN,129,1.0,1.0,0.2,1.0,1.0,1.0,1.0,0.1,1.0,1.0
HAGN,130,1.0,1.0,0.1,1.0,1.0,1.0,1.0,0.05,1.0,1.0
HAGN,131,0.31546487678572877,1.0,0.1,1.0,0.125,0.31546487678572877,1.0,0.05,1.0,0.125
HAGN,132,0.0,0.0,0.0,0.0,0.0,0.0,0.0,0.0,0.0,0.0
HAGN,133,0.0,0.0,0.0,0.0,0.0,0.23981246656813146,1.0,0.05,1.0,0.058823529411764705
HAGN,134,0.0,0.0,0.0,0.0,0.0,0.0,0.0,0.0,0.0,0.0
HAGN,135,0.6131471927654584,0.5,0.1,1.0,1.0,0.6131471927654584,0.5,0.05,1.0,1.0
HAGN,136,1.0,1.0,0.1,1.0,1.0,1.0,1.0,0.05,1.0,1.0
HAGN,137,0.6131471927654584,0.5,0.1,1.0,1.0,0.6131471927654584,0.5,0.05,1.0,1.0
HAGN,138,1.0,1.0,0.1,1.0,1.0,1.0,1.0,0.05,1.0,1.0
HAGN,139,1.0,1.0,0.2,1.0,1.0,1.0,1.0,0.1,1.0,1.0
HAGN,140,1.0,1.0,0.1,1.0,1.0,1.0,1.0,0.05,1.0,1.0
HAGN,141,0.21840743681816419,0.5,0.1,1.0,0.16666666666666666,0.21840743681816419,0.5,0.05,1.0,0.16666666666666666
HAGN,142,1.0,1.0,0.1,1.0,1.0,1.0,1.0,0.05,1.0,1.0
HAGN,143,1.0,1.0,0.1,1.0,1.0,1.0,1.0,0.05,1.0,1.0
HAGN,144,0.6309297535714575,1.0,0.1,1.0,0.5,0.6309297535714575,1.0,0.05,1.0,0.5
HAGN,145,1.0,1.0,0.1,1.0,1.0,1.0,1.0,0.05,1.0,1.0
HAGN,146,1.0,1.0,0.1,1.0,1.0,1.0,1.0,0.05,1.0,1.0
HAGN,147,1.0,1.0,0.1,1.0,1.0,1.0,1.0,0.05,1.0,1.0
HAGN,148,1.0,1.0,0.1,1.0,1.0,1.0,1.0,0.05,1.0,1.0
HAGN,149,1.0,1.0,0.1,1.0,1.0,1.0,1.0,0.05,1.0,1.0
HAGN,150,1.0,1.0,0.1,1.0,1.0,1.0,1.0,0.05,1.0,1.0
HAGN,151,1.0,1.0,0.1,1.0,1.0,1.0,1.0,0.05,1.0,1.0
HAGN,152,0.6309297535714575,1.0,0.1,1.0,0.5,0.6309297535714575,1.0,0.05,1.0,0.5
HAGN,153,1.0,1.0,0.1,1.0,1.0,1.0,1.0,0.05,1.0,1.0
HAGN,154,1.0,1.0,0.1,1.0,1.0,1.0,1.0,0.05,1.0,1.0
HAGN,155,0.8315546295836225,1.0,0.2,1.0,1.0,0.8315546295836225,1.0,0.1,1.0,1.0
HAGN,156,0.0,0.0,0.0,0.0,0.0,0.23540891336663824,1.0,0.05,1.0,0.05555555555555555
HAGN,157,0.0,0.0,0.0,0.0,0.0,0.23137821315975915,1.0,0.05,1.0,0.05263157894736842
HAGN,158,1.0,1.0,0.1,1.0,1.0,1.0,1.0,0.05,1.0,1.0
HAGN,159,1.0,1.0,0.1,1.0,1.0,1.0,1.0,0.05,1.0,1.0
HAGN,160,1.0,1.0,0.1,1.0,1.0,1.0,1.0,0.05,1.0,1.0
HAGN,161,1.0,1.0,0.1,1.0,1.0,1.0,1.0,0.05,1.0,1.0
HAGN,162,0.0,0.0,0.0,0.0,0.0,0.2943471074910591,1.0,0.1,1.0,0.0625
HAGN,163,1.0,1.0,0.1,1.0,1.0,1.0,1.0,0.05,1.0,1.0
HAGN,164,1.0,1.0,0.1,1.0,1.0,1.0,1.0,0.05,1.0,1.0
HAGN,165,1.0,1.0,0.1,1.0,1.0,1.0,1.0,0.05,1.0,1.0
HAGN,166,1.0,1.0,0.1,1.0,1.0,1.0,1.0,0.05,1.0,1.0
HAGN,167,1.0,1.0,0.1,1.0,1.0,1.0,1.0,0.05,1.0,1.0
HAGN,168,1.0,1.0,0.1,1.0,1.0,1.0,1.0,0.05,1.0,1.0
HAGN,169,1.0,1.0,0.1,1.0,1.0,1.0,1.0,0.05,1.0,1.0
HAGN,170,0.0,0.0,0.0,0.0,0.0,0.0,0.0,0.0,0.0,0.0
HAGN,171,1.0,1.0,0.1,1.0,1.0,1.0,1.0,0.05,1.0,1.0
HAGN,172,1.0,1.0,0.1,1.0,1.0,1.0,1.0,0.05,1.0,1.0
HAGN,173,1.0,1.0,0.1,1.0,1.0,1.0,1.0,0.05,1.0,1.0
HAGN,174,1.0,1.0,0.1,1.0,1.0,1.0,1.0,0.05,1.0,1.0
HAGN,175,0.0,0.0,0.0,0.0,0.0,0.27023815442731974,1.0,0.05,1.0,0.08333333333333333
HAGN,176,1.0,1.0,0.1,1.0,1.0,1.0,1.0,0.05,1.0,1.0
HAGN,177,1.0,1.0,0.1,1.0,1.0,1.0,1.0,0.05,1.0,1.0
HAGN,178,1.0,1.0,0.1,1.0,1.0,1.0,1.0,0.05,1.0,1.0
HAGN,179,0.33775931993299535,0.6666666666666666,0.2,1.0,0.25,0.45507900143868446,1.0,0.15,1.0,0.25
HAGN,180,1.0,1.0,0.1,1.0,1.0,1.0,1.0,0.05,1.0,1.0
HAGN,181,0.6131471927654584,0.5,0.1,1.0,1.0,0.6131471927654584,0.5,0.05,1.0,1.0
HAGN,182,1.0,1.0,0.1,1.0,1.0,1.0,1.0,0.05,1.0,1.0
HAGN,183,1.0,1.0,0.1,1.0,1.0,1.0,1.0,0.05,1.0,1.0
HAGN,184,1.0,1.0,0.1,1.0,1.0,1.0,1.0,0.05,1.0,1.0
HAGN,185,1.0,1.0,0.1,1.0,1.0,1.0,1.0,0.05,1.0,1.0
HAGN,186,1.0,1.0,0.1,1.0,1.0,1.0,1.0,0.05,1.0,1.0
HAGN,187,0.0,0.0,0.0,0.0,0.0,0.0,0.0,0.0,0.0,0.0
HAGN,188,0.19342640361727081,0.5,0.1,1.0,0.125,0.3591221693825003,1.0,0.1,1.0,0.125
HAGN,189,0.0,0.0,0.0,0.0,0.0,0.0,0.0,0.0,0.0,0.0
HAGN,190,1.0,1.0,0.1,1.0,1.0,1.0,1.0,0.05,1.0,1.0
HAGN,191,1.0,1.0,0.2,1.0,1.0,1.0,1.0,0.1,1.0,1.0
HAGN,192,1.0,1.0,0.1,1.0,1.0,1.0,1.0,0.05,1.0,1.0
HAGN,193,1.0,1.0,0.1,1.0,1.0,1.0,1.0,0.05,1.0,1.0
HAGN,194,1.0,1.0,0.1,1.0,1.0,1.0,1.0,0.05,1.0,1.0
HAGN,195,1.0,1.0,0.1,1.0,1.0,1.0,1.0,0.05,1.0,1.0
HAGN,196,0.9828920819566879,1.0,0.4,1.0,1.0,0.9828920819566879,1.0,0.2,1.0,1.0
HAGN,197,1.0,1.0,0.1,1.0,1.0,1.0,1.0,0.05,1.0,1.0
HAGN,198,0.6131471927654584,0.5,0.1,1.0,1.0,0.6131471927654584,0.5,0.05,1.0,1.0
HAGN,199,0.6131471927654584,0.5,0.1,1.0,1.0,0.7741900178546666,1.0,0.1,1.0,1.0
HAGN,200,1.0,1.0,0.1,1.0,1.0,1.0,1.0,0.05,1.0,1.0
HAGN,201,1.0,1.0,0.1,1.0,1.0,1.0,1.0,0.05,1.0,1.0
HAGN,202,0.6131471927654584,0.5,0.1,1.0,1.0,0.7574875071481796,1.0,0.1,1.0,1.0
HAGN,203,0.6131471927654584,0.5,0.1,1.0,1.0,0.6131471927654584,0.5,0.05,1.0,1.0
HAGN,204,1.0,1.0,0.2,1.0,1.0,1.0,1.0,0.1,1.0,1.0
HAGN,205,0.6131471927654584,0.5,0.1,1.0,1.0,0.6131471927654584,0.5,0.05,1.0,1.0
HAGN,206,1.0,1.0,0.2,1.0,1.0,1.0,1.0,0.1,1.0,1.0
HAGN,207,1.0,1.0,0.1,1.0,1.0,1.0,1.0,0.05,1.0,1.0
HAGN,208,0.38685280723454163,1.0,0.1,1.0,0.2,0.38685280723454163,1.0,0.05,1.0,0.2
HAGN,209,0.0,0.0,0.0,0.0,0.0,0.26264953503719357,1.0,0.05,1.0,0.07692307692307693
HAGN,210,0.9197207891481876,1.0,0.2,1.0,1.0,0.9197207891481876,1.0,0.1,1.0,1.0
HAGN,211,1.0,1.0,0.1,1.0,1.0,1.0,1.0,0.05,1.0,1.0
HAGN,212,0.3065735963827292,0.5,0.1,1.0,0.3333333333333333,0.3065735963827292,0.5,0.05,1.0,0.3333333333333333
HAGN,213,1.0,1.0,0.1,1.0,1.0,1.0,1.0,0.05,1.0,1.0
HAGN,214,0.46927872602275644,0.3333333333333333,0.1,1.0,1.0,0.5778595991237899,0.6666666666666666,0.1,1.0,1.0
HAGN,215,1.0,1.0,0.1,1.0,1.0,1.0,1.0,0.05,1.0,1.0
HAGN,216,1.0,1.0,0.1,1.0,1.0,1.0,1.0,0.05,1.0,1.0
HAGN,217,0.0,0.0,0.0,0.0,0.0,0.3539132739227623,1.0,0.15,1.0,0.09090909090909091
HAGN,218,0.31546487678572877,1.0,0.1,1.0,0.125,0.31546487678572877,1.0,0.05,1.0,0.125
HAGN,219,0.0,0.0,0.0,0.0,0.0,0.26264953503719357,1.0,0.05,1.0,0.07692307692307693
HAGN,220,1.0,1.0,0.1,1.0,1.0,1.0,1.0,0.05,1.0,1.0
HAGN,221,0.0,0.0,0.0,0.0,0.0,0.227670248696953,1.0,0.05,1.0,0.05
HAGN,222,0.6131471927654584,0.5,0.1,1.0,1.0,0.6131471927654584,0.5,0.05,1.0,1.0
HAGN,223,0.8315546295836225,1.0,0.2,1.0,1.0,0.8315546295836225,1.0,0.1,1.0,1.0
HAGN,224,0.7653606369886217,0.6666666666666666,0.2,1.0,1.0,0.8801699317146395,1.0,0.15,1.0,1.0
HAGN,225,1.0,1.0,0.1,1.0,1.0,1.0,1.0,0.05,1.0,1.0
HAGN,226,1.0,1.0,0.1,1.0,1.0,1.0,1.0,0.05,1.0,1.0
HAGN,227,0.6508205185601091,0.6666666666666666,0.2,1.0,1.0,0.6508205185601091,0.6666666666666666,0.1,1.0,1.0
HAGN,228,0.6309297535714575,1.0,0.1,1.0,0.5,0.6309297535714575,1.0,0.05,1.0,0.5
HAGN,229,1.0,1.0,0.1,1.0,1.0,1.0,1.0,0.05,1.0,1.0
HAGN,230,1.0,1.0,0.1,1.0,1.0,1.0,1.0,0.05,1.0,1.0
HAGN,231,1.0,1.0,0.1,1.0,1.0,1.0,1.0,0.05,1.0,1.0
HAGN,232,0.6131471927654584,0.5,0.1,1.0,1.0,0.6131471927654584,0.5,0.05,1.0,1.0
HAGN,233,0.2890648263178879,1.0,0.1,1.0,0.1,0.2890648263178879,1.0,0.05,1.0,0.1
HAGN,234,0.21840743681816419,0.5,0.1,1.0,0.16666666666666666,0.21840743681816419,0.5,0.05,1.0,0.16666666666666666
HAGN,235,0.0,0.0,0.0,0.0,0.0,0.27894294565112987,1.0,0.05,1.0,0.09090909090909091
HAGN,236,1.0,1.0,0.1,1.0,1.0,1.0,1.0,0.05,1.0,1.0
HAGN,237,0.43067655807339306,1.0,0.1,1.0,0.25,0.43067655807339306,1.0,0.05,1.0,0.25
HAGN,238,0.6131471927654584,0.5,0.1,1.0,1.0,0.6131471927654584,0.5,0.05,1.0,1.0
HAGN,239,1.0,1.0,0.1,1.0,1.0,1.0,1.0,0.05,1.0,1.0
HAGN,240,1.0,1.0,0.2,1.0,1.0,1.0,1.0,0.1,1.0,1.0
HAGN,241,1.0,1.0,0.1,1.0,1.0,1.0,1.0,0.05,1.0,1.0
HAGN,242,0.0,0.0,0.0,0.0,0.0,0.25,1.0,0.05,1.0,0.06666666666666667
HAGN,243,1.0,1.0,0.2,1.0,1.0,1.0,1.0,0.1,1.0,1.0
HAGN,244,0.0,0.0,0.0,0.0,0.0,0.0,0.0,0.0,0.0,0.0
HAGN,245,0.5,1.0,0.1,1.0,0.3333333333333333,0.5,1.0,0.05,1.0,0.3333333333333333
HAGN,246,1.0,1.0,0.3,1.0,1.0,1.0,1.0,0.15,1.0,1.0
HAGN,247,1.0,1.0,0.1,1.0,1.0,1.0,1.0,0.05,1.0,1.0
HAGN,248,0.2640681225725909,0.5,0.1,1.0,0.25,0.4140749156809287,1.0,0.1,1.0,0.25
HAGN,249,0.3562071871080222,1.0,0.1,1.0,0.16666666666666666,0.3562071871080222,1.0,0.05,1.0,0.16666666666666666
HAGN,250,0.2640681225725909,0.5,0.1,1.0,0.25,0.4173549207639555,1.0,0.1,1.0,0.25
HAGN,251,0.9010126104210695,1.0,0.3,1.0,1.0,0.9010126104210695,1.0,0.15,1.0,1.0
HAGN,252,0.8315546295836225,1.0,0.2,1.0,1.0,0.8315546295836225,1.0,0.1,1.0,1.0
HAGN,253,0.0,0.0,0.0,0.0,0.0,0.0,0.0,0.0,0.0,0.0
HAGN,254,1.0,1.0,0.1,1.0,1.0,1.0,1.0,0.05,1.0,1.0
HAGN,255,0.38685280723454163,0.5,0.1,1.0,0.5,0.38685280723454163,0.5,0.05,1.0,0.5
HAGN,256,1.0,1.0,0.1,1.0,1.0,1.0,1.0,0.05,1.0,1.0
HAGN,257,0.20438239758848611,0.5,0.1,1.0,0.14285714285714285,0.36542522267769423,1.0,0.1,1.0,0.14285714285714285
HAGN,258,0.0,0.0,0.0,0.0,0.0,0.31807342473412825,1.0,0.1,1.0,0.09090909090909091
HAGN,259,0.0,0.0,0.0,0.0,0.0,0.227670248696953,1.0,0.05,1.0,0.05
HAGN,260,1.0,1.0,0.1,1.0,1.0,1.0,1.0,0.05,1.0,1.0
HAGN,261,1.0,1.0,0.1,1.0,1.0,1.0,1.0,0.05,1.0,1.0
HAGN,262,0.6934264036172708,1.0,0.2,1.0,0.5,0.6934264036172708,1.0,0.1,1.0,0.5
HAGN,263,1.0,1.0,0.1,1.0,1.0,1.0,1.0,0.05,1.0,1.0
HAGN,264,1.0,1.0,0.2,1.0,1.0,1.0,1.0,0.1,1.0,1.0
HAGN,265,0.8318724637288826,0.75,0.3,1.0,1.0,0.8318724637288826,0.75,0.15,1.0,1.0
HAGN,266,1.0,1.0,0.1,1.0,1.0,1.0,1.0,0.05,1.0,1.0
HAGN,267,1.0,1.0,0.1,1.0,1.0,1.0,1.0,0.05,1.0,1.0
HAGN,268,1.0,1.0,0.2,1.0,1.0,1.0,1.0,0.1,1.0,1.0
HAGN,269,0.6131471927654584,0.5,0.1,1.0,1.0,0.6131471927654584,0.5,0.05,1.0,1.0
HAGN,270,0.6131471927654584,0.5,0.1,1.0,1.0,0.6131471927654584,0.5,0.05,1.0,1.0
HAGN,271,0.8503449055347546,1.0,0.2,1.0,1.0,0.8503449055347546,1.0,0.1,1.0,1.0
HAGN,272,1.0,1.0,0.2,1.0,1.0,1.0,1.0,0.1,1.0,1.0
HAGN,273,1.0,1.0,0.1,1.0,1.0,1.0,1.0,0.05,1.0,1.0
HAGN,274,1.0,1.0,0.2,1.0,1.0,1.0,1.0,0.1,1.0,1.0
HAGN,275,0.8065735963827293,1.0,0.2,1.0,1.0,0.8065735963827293,1.0,0.1,1.0,1.0
HAGN,276,0.6131471927654584,0.5,0.1,1.0,1.0,0.6131471927654584,0.5,0.05,1.0,1.0
HAGN,277,0.18154179253735267,0.3333333333333333,0.1,1.0,0.2,0.3016574483354039,0.6666666666666666,0.1,1.0,0.2
HAGN,278,0.6131471927654584,0.5,0.1,1.0,1.0,0.6131471927654584,0.5,0.05,1.0,1.0
HAGN,279,0.6364391809889587,0.6666666666666666,0.2,1.0,1.0,0.6364391809889587,0.6666666666666666,0.1,1.0,1.0
HAGN,280,0.7977228895450266,1.0,0.2,1.0,1.0,0.7977228895450266,1.0,0.1,1.0,1.0
HAGN,281,0.0,0.0,0.0,0.0,0.0,0.0,0.0,0.0,0.0,0.0
HAGN,282,1.0,1.0,0.1,1.0,1.0,1.0,1.0,0.05,1.0,1.0
HAGN,283,0.6049306994552042,0.6666666666666666,0.2,1.0,1.0,0.6049306994552042,0.6666666666666666,0.1,1.0,1.0
HAGN,284,0.0,0.0,0.0,0.0,0.0,0.3053831394719294,1.0,0.1,1.0,0.07692307692307693
HAGN,285,0.0,0.0,0.0,0.0,0.0,0.30529113962998,1.0,0.1,1.0,0.08333333333333333
HAGN,286,1.0,1.0,0.1,1.0,1.0,1.0,1.0,0.05,1.0,1.0
HAGN,287,0.7039180890341347,0.6666666666666666,0.2,1.0,1.0,0.7039180890341347,0.6666666666666666,0.1,1.0,1.0
HAGN,288,1.0,1.0,0.2,1.0,1.0,1.0,1.0,0.1,1.0,1.0
HAGN,289,0.2640681225725909,0.5,0.1,1.0,0.25,0.2640681225725909,0.5,0.05,1.0,0.25
HAGN,290,0.0,0.0,0.0,0.0,0.0,0.16104282508920814,0.5,0.05,1.0,0.07692307692307693
HAGN,291,0.23463936301137822,0.3333333333333333,0.1,1.0,0.3333333333333333,0.23463936301137822,0.3333333333333333,0.05,1.0,0.3333333333333333
HAGN,292,0.8772153153380493,1.0,0.2,1.0,1.0,0.8772153153380493,1.0,0.1,1.0,1.0
HAGN,293,1.0,1.0,0.1,1.0,1.0,1.0,1.0,0.05,1.0,1.0
HAGN,294,1.0,1.0,0.2,1.0,1.0,1.0,1.0,0.1,1.0,1.0
HAGN,295,1.0,1.0,0.1,1.0,1.0,1.0,1.0,0.05,1.0,1.0
HAGN,296,1.0,1.0,0.2,1.0,1.0,1.0,1.0,0.1,1.0,1.0
HAGN,297,0.7977228895450266,1.0,0.2,1.0,1.0,0.7977228895450266,1.0,0.1,1.0,1.0
HAGN,298,0.38685280723454163,0.5,0.1,1.0,0.5,0.38685280723454163,0.5,0.05,1.0,0.5
HAGN,299,0.4441228664487979,0.6666666666666666,0.2,1.0,0.5,0.4441228664487979,0.6666666666666666,0.1,1.0,0.5
HAGN,300,0.0,0.0,0.0,0.0,0.0,0.3157025588735674,1.0,0.1,1.0,0.08333333333333333
HAGN,301,1.0,1.0,0.1,1.0,1.0,1.0,1.0,0.05,1.0,1.0
HAGN,302,0.9469024295259745,1.0,0.3,1.0,1.0,0.9469024295259745,1.0,0.15,1.0,1.0
HAGN,303,0.37800210039683896,1.0,0.2,1.0,0.125,0.37800210039683896,1.0,0.1,1.0,0.125
HAGN,304,1.0,1.0,0.1,1.0,1.0,1.0,1.0,0.05,1.0,1.0
HAGN,305,1.0,1.0,0.1,1.0,1.0,1.0,1.0,0.05,1.0,1.0
HAGN,306,1.0,1.0,0.2,1.0,1.0,1.0,1.0,0.1,1.0,1.0
HAGN,307,0.0,0.0,0.0,0.0,0.0,0.23540891336663824,1.0,0.05,1.0,0.05555555555555555
HAGN,308,0.9197207891481876,1.0,0.2,1.0,1.0,0.9197207891481876,1.0,0.1,1.0,1.0
HAGN,309,0.6131471927654584,0.5,0.1,1.0,1.0,0.6131471927654584,0.5,0.05,1.0,1.0
HAGN,310,0.9469024295259745,1.0,0.3,1.0,1.0,0.9469024295259745,1.0,0.15,1.0,1.0
HAGN,311,1.0,1.0,0.2,1.0,1.0,1.0,1.0,0.1,1.0,1.0
HAGN,312,1.0,1.0,0.1,1.0,1.0,1.0,1.0,0.05,1.0,1.0
HAGN,313,0.5,1.0,0.1,1.0,0.3333333333333333,0.5,1.0,0.05,1.0,0.3333333333333333
HAGN,314,1.0,1.0,0.1,1.0,1.0,1.0,1.0,0.05,1.0,1.0
HAGN,315,0.20438239758848611,0.5,0.1,1.0,0.14285714285714285,0.20438239758848611,0.5,0.05,1.0,0.14285714285714285
HAGN,316,1.0,1.0,0.2,1.0,1.0,1.0,1.0,0.1,1.0,1.0
HAGN,317,0.2960819109658652,0.3333333333333333,0.1,1.0,0.5,0.4161975667639165,0.6666666666666666,0.1,1.0,0.5
HAGN,318,0.0,0.0,0.0,0.0,0.0,0.0,0.0,0.0,0.0,0.0
HAGN,319,1.0,1.0,0.1,1.0,1.0,1.0,1.0,0.05,1.0,1.0
HAGN,320,0.6131471927654584,0.5,0.1,1.0,1.0,0.6131471927654584,0.5,0.05,1.0,1.0
HAGN,321,0.6131471927654584,0.5,0.1,1.0,1.0,0.6131471927654584,0.5,0.05,1.0,1.0
HAGN,322,0.44130740935663865,1.0,0.2,1.0,0.25,0.44130740935663865,1.0,0.1,1.0,0.25
HAGN,323,0.9325210919548239,1.0,0.3,1.0,1.0,0.9325210919548239,1.0,0.15,1.0,1.0
HAGN,324,0.9010126104210695,1.0,0.3,1.0,1.0,0.9010126104210695,1.0,0.15,1.0,1.0
HAGN,325,1.0,1.0,0.2,1.0,1.0,1.0,1.0,0.1,1.0,1.0
HAGN,326,0.38685280723454163,1.0,0.1,1.0,0.2,0.38685280723454163,1.0,0.05,1.0,0.2
HAGN,327,1.0,1.0,0.2,1.0,1.0,1.0,1.0,0.1,1.0,1.0
HAGN,328,1.0,1.0,0.1,1.0,1.0,1.0,1.0,0.05,1.0,1.0
HAGN,329,1.0,1.0,0.2,1.0,1.0,1.0,1.0,0.1,1.0,1.0
HAGN,330,1.0,1.0,0.1,1.0,1.0,1.0,1.0,0.05,1.0,1.0
HAGN,331,0.0,0.0,0.0,0.0,0.0,0.349974226099208,1.0,0.15,1.0,0.07142857142857142
HAGN,332,1.0,1.0,0.2,1.0,1.0,1.0,1.0,0.1,1.0,1.0
HAGN,333,1.0,1.0,0.3,1.0,1.0,1.0,1.0,0.15,1.0,1.0
HAGN,334,0.6131471927654584,0.5,0.1,1.0,1.0,0.6131471927654584,0.5,0.05,1.0,1.0
HAGN,335,0.0,0.0,0.0,0.0,0.0,0.15000679310833784,0.5,0.05,1.0,0.0625
HAGN,336,0.6131471927654584,0.5,0.1,1.0,1.0,0.6131471927654584,0.5,0.05,1.0,1.0
HAGN,337,1.0,1.0,0.2,1.0,1.0,1.0,1.0,0.1,1.0,1.0
HAGN,338,0.8503449055347546,1.0,0.2,1.0,1.0,0.8503449055347546,1.0,0.1,1.0,1.0
HAGN,339,0.0,0.0,0.0,0.0,0.0,0.11731968150568911,0.3333333333333333,0.05,1.0,0.06666666666666667
HAGN,340,0.14126697285982898,0.3333333333333333,0.1,1.0,0.1111111111111111,0.14126697285982898,0.3333333333333333,0.05,1.0,0.1111111111111111
HAGN,341,1.0,1.0,0.1,1.0,1.0,1.0,1.0,0.05,1.0,1.0
HAGN,342,1.0,1.0,0.2,1.0,1.0,1.0,1.0,0.1,1.0,1.0
HAGN,343,0.38685280723454163,0.5,0.1,1.0,0.5,0.526448181099292,1.0,0.1,1.0,0.5
HAGN,344,0.2640681225725909,0.5,0.1,1.0,0.25,0.2640681225725909,0.5,0.05,1.0,0.25
HAGN,345,1.0,1.0,0.1,1.0,1.0,1.0,1.0,0.05,1.0,1.0
HAGN,346,1.0,1.0,0.1,1.0,1.0,1.0,1.0,0.05,1.0,1.0
HAGN,347,1.0,1.0,0.2,1.0,1.0,1.0,1.0,0.1,1.0,1.0
HAGN,348,1.0,1.0,0.1,1.0,1.0,1.0,1.0,0.05,1.0,1.0
HAGN,349,1.0,1.0,0.1,1.0,1.0,1.0,1.0,0.05,1.0,1.0
HAGN,350,0.7653606369886217,0.6666666666666666,0.2,1.0,1.0,0.7653606369886217,0.6666666666666666,0.1,1.0,1.0
HAGN,351,1.0,1.0,0.2,1.0,1.0,1.0,1.0,0.1,1.0,1.0
HAGN,352,0.5012658353418871,1.0,0.2,1.0,0.25,0.5012658353418871,1.0,0.1,1.0,0.25
HAGN,353,1.0,1.0,0.1,1.0,1.0,1.0,1.0,0.05,1.0,1.0
HAGN,354,0.6049306994552042,0.6666666666666666,0.2,1.0,1.0,0.6049306994552042,0.6666666666666666,0.1,1.0,1.0
HAGN,355,0.2890648263178879,1.0,0.1,1.0,0.1,0.2890648263178879,1.0,0.05,1.0,0.1
HAGN,356,0.9197207891481876,1.0,0.2,1.0,1.0,0.9197207891481876,1.0,0.1,1.0,1.0
HAGN,357,0.6309297535714575,1.0,0.1,1.0,0.5,0.6309297535714575,1.0,0.05,1.0,0.5
HAGN,358,1.0,1.0,0.2,1.0,1.0,1.0,1.0,0.1,1.0,1.0
HAGN,359,1.0,1.0,0.1,1.0,1.0,1.0,1.0,0.05,1.0,1.0
HAGN,360,1.0,1.0,0.1,1.0,1.0,1.0,1.0,0.05,1.0,1.0
HAGN,361,1.0,1.0,0.2,1.0,1.0,1.0,1.0,0.1,1.0,1.0
HAGN,362,1.0,1.0,0.2,1.0,1.0,1.0,1.0,0.1,1.0,1.0
HAGN,363,0.7653606369886217,0.6666666666666666,0.2,1.0,1.0,0.7653606369886217,0.6666666666666666,0.1,1.0,1.0
HAGN,364,0.0,0.0,0.0,0.0,0.0,0.15693994437792994,0.5,0.05,1.0,0.07142857142857142
HAGN,365,0.8772153153380493,1.0,0.2,1.0,1.0,0.8772153153380493,1.0,0.1,1.0,1.0
HAGN,366,0.6131471927654584,0.5,0.1,1.0,1.0,0.6131471927654584,0.5,0.05,1.0,1.0
HAGN,367,0.38685280723454163,1.0,0.1,1.0,0.2,0.38685280723454163,1.0,0.05,1.0,0.2
HAGN,368,0.3903800499921017,0.25,0.1,1.0,1.0,0.47925797306013246,0.5,0.1,1.0,1.0
HAGN,369,0.0,0.0,0.0,0.0,0.0,0.0,0.0,0.0,0.0,0.0
HAGN,370,0.6366824387328317,0.5,0.2,1.0,1.0,0.6366824387328317,0.5,0.1,1.0,1.0
HAGN,371,1.0,1.0,0.1,1.0,1.0,1.0,1.0,0.05,1.0,1.0
HAGN,372,0.31546487678572877,1.0,0.1,1.0,0.125,0.31546487678572877,1.0,0.05,1.0,0.125
HAGN,373,0.6257049680303419,0.6666666666666666,0.2,1.0,1.0,0.7525219848627355,1.0,0.15,1.0,1.0
HAGN,374,0.6509209298071326,1.0,0.2,1.0,0.5,0.6509209298071326,1.0,0.1,1.0,0.5
HAGN,375,0.6131471927654584,0.5,0.1,1.0,1.0,0.6131471927654584,0.5,0.05,1.0,1.0
HAGN,376,0.0,0.0,0.0,0.0,0.0,0.0,0.0,0.0,0.0,0.0
HAGN,377,0.46927872602275644,0.3333333333333333,0.1,1.0,1.0,0.59253456521548,0.6666666666666666,0.1,1.0,1.0
HAGN,378,0.38685280723454163,0.5,0.1,1.0,0.5,0.5401396054259062,1.0,0.1,1.0,0.5
HAGN,379,1.0,1.0,0.1,1.0,1.0,1.0,1.0,0.05,1.0,1.0
HAGN,380,0.21840743681816419,0.5,0.1,1.0,0.16666666666666666,0.21840743681816419,0.5,0.05,1.0,0.16666666666666666
HAGN,381,0.0,0.0,0.0,0.0,0.0,0.09361800268759637,0.25,0.05,1.0,0.058823529411764705
HAGN,382,0.0,0.0,0.0,0.0,0.0,0.0,0.0,0.0,0.0,0.0
HAGN,383,1.0,1.0,0.1,1.0,1.0,1.0,1.0,0.05,1.0,1.0
HAGN,384,0.7653606369886217,0.6666666666666666,0.2,1.0,1.0,0.7653606369886217,0.6666666666666666,0.1,1.0,1.0
HAGN,385,0.8385465274895063,1.0,0.3,1.0,1.0,0.8385465274895063,1.0,0.15,1.0,1.0
HAGN,386,1.0,1.0,0.1,1.0,1.0,1.0,1.0,0.05,1.0,1.0
HAGN,387,1.0,1.0,0.2,1.0,1.0,1.0,1.0,0.1,1.0,1.0
HAGN,388,0.6131471927654584,0.5,0.1,1.0,1.0,0.6131471927654584,0.5,0.05,1.0,1.0
HAGN,389,0.46927872602275644,0.3333333333333333,0.1,1.0,1.0,0.46927872602275644,0.3333333333333333,0.05,1.0,1.0
HAGN,390,0.9674679834891693,1.0,0.3,1.0,1.0,0.9674679834891693,1.0,0.15,1.0,1.0
HAGN,391,1.0,1.0,0.1,1.0,1.0,1.0,1.0,0.05,1.0,1.0
HAGN,392,0.6131471927654584,0.5,0.1,1.0,1.0,0.6131471927654584,0.5,0.05,1.0,1.0
HAGN,393,0.9469024295259745,1.0,0.3,1.0,1.0,0.9469024295259745,1.0,0.15,1.0,1.0
HAGN,394,1.0,1.0,0.2,1.0,1.0,1.0,1.0,0.1,1.0,1.0
HAGN,395,0.45560514958746035,1.0,0.2,1.0,0.2,0.45560514958746035,1.0,0.1,1.0,0.2
HAGN,396,0.8318724637288826,0.75,0.3,1.0,1.0,0.8318724637288826,0.75,0.15,1.0,1.0
HAGN,397,0.2960819109658652,0.3333333333333333,0.1,1.0,0.5,0.2960819109658652,0.3333333333333333,0.05,1.0,0.5
HAGN,398,1.0,1.0,0.2,1.0,1.0,1.0,1.0,0.1,1.0,1.0
HAGN,399,1.0,1.0,0.2,1.0,1.0,1.0,1.0,0.1,1.0,1.0
HAGN,400,0.17723928678404774,0.5,0.1,1.0,0.1,0.17723928678404774,0.5,0.05,1.0,0.1
HAGN,401,0.46927872602275644,0.3333333333333333,0.1,1.0,1.0,0.5840880207487743,0.6666666666666666,0.1,1.0,1.0
HAGN,402,0.0,0.0,0.0,0.0,0.0,0.1532867981913646,0.5,0.05,1.0,0.06666666666666667
HAGN,403,0.0,0.0,0.0,0.0,0.0,0.1710330840677181,0.5,0.05,1.0,0.09090909090909091
HAGN,404,1.0,1.0,0.2,1.0,1.0,1.0,1.0,0.1,1.0,1.0
HAGN,405,1.0,1.0,0.3,1.0,1.0,1.0,1.0,0.15,1.0,1.0
HAGN,406,1.0,1.0,0.3,1.0,1.0,1.0,1.0,0.15,1.0,1.0
HAGN,407,0.8503449055347546,1.0,0.2,1.0,1.0,0.8503449055347546,1.0,0.1,1.0,1.0
HAGN,408,0.617319681505689,0.6666666666666666,0.2,1.0,1.0,0.617319681505689,0.6666666666666666,0.1,1.0,1.0
HAGN,409,0.7653606369886217,0.6666666666666666,0.2,1.0,1.0,0.7653606369886217,0.6666666666666666,0.1,1.0,1.0
HAGN,410,0.6131471927654584,0.5,0.1,1.0,1.0,0.7574875071481796,1.0,0.1,1.0,1.0
HAGN,411,0.7328286204777911,1.0,0.3,1.0,0.5,0.7328286204777911,1.0,0.15,1.0,0.5
HAGN,412,0.6131471927654584,0.5,0.1,1.0,1.0,0.6131471927654584,0.5,0.05,1.0,1.0
HAGN,413,1.0,1.0,0.1,1.0,1.0,1.0,1.0,0.05,1.0,1.0
HAGN,414,0.9469024295259745,1.0,0.3,1.0,1.0,0.9469024295259745,1.0,0.15,1.0,1.0
HAGN,415,1.0,1.0,0.2,1.0,1.0,1.0,1.0,0.1,1.0,1.0
HAGN,416,0.8519590445170673,1.0,0.3,1.0,1.0,0.8519590445170673,1.0,0.15,1.0,1.0
HAGN,417,0.5,1.0,0.1,1.0,0.3333333333333333,0.5,1.0,0.05,1.0,0.3333333333333333
HAGN,418,1.0,1.0,0.2,1.0,1.0,1.0,1.0,0.1,1.0,1.0
HAGN,419,0.6131471927654584,0.5,0.1,1.0,1.0,0.6131471927654584,0.5,0.05,1.0,1.0
HAGN,420,0.6240505200038379,1.0,0.2,1.0,0.5,0.6240505200038379,1.0,0.1,1.0,0.5
HAGN,421,0.15642624200758548,0.3333333333333333,0.1,1.0,0.14285714285714285,0.39986712097125027,1.0,0.15,1.0,0.14285714285714285
HAGN,422,0.38685280723454163,0.5,0.1,1.0,0.5,0.38685280723454163,0.5,0.05,1.0,0.5
HAGN,423,1.0,1.0,0.2,1.0,1.0,1.0,1.0,0.1,1.0,1.0
HAGN,424,0.6131471927654584,0.5,0.1,1.0,1.0,0.6131471927654584,0.5,0.05,1.0,1.0
HAGN,425,0.0,0.0,0.0,0.0,0.0,0.33159215685559856,1.0,0.15,1.0,0.058823529411764705
HAGN,426,0.46927872602275644,0.3333333333333333,0.1,1.0,1.0,0.581817614818224,0.6666666666666666,0.1,1.0,1.0
HAGN,427,1.0,1.0,0.1,1.0,1.0,1.0,1.0,0.05,1.0,1.0
HAGN,428,1.0,1.0,0.1,1.0,1.0,1.0,1.0,0.05,1.0,1.0
HAGN,429,0.18154179253735267,0.3333333333333333,0.1,1.0,0.2,0.29201418749645014,0.6666666666666666,0.1,1.0,0.2
HAGN,430,0.0,0.0,0.0,0.0,0.0,0.1710330840677181,0.5,0.05,1.0,0.09090909090909091
HAGN,431,0.0,0.0,0.0,0.0,0.0,0.0,0.0,0.0,0.0,0.0
HAGN,432,0.48247555939075504,1.0,0.2,1.0,0.25,0.48247555939075504,1.0,0.1,1.0,0.25
HAGN,433,0.0,0.0,0.0,0.0,0.0,0.14704034066641014,0.5,0.05,1.0,0.058823529411764705
HAGN,434,1.0,1.0,0.1,1.0,1.0,1.0,1.0,0.05,1.0,1.0
HAGN,435,0.8048099750039491,0.75,0.3,1.0,1.0,0.8048099750039491,0.75,0.15,1.0,1.0
HAGN,436,0.0,0.0,0.0,0.0,0.0,0.23540891336663824,1.0,0.05,1.0,0.05555555555555555
HAGN,437,0.6131471927654584,0.5,0.1,1.0,1.0,0.6131471927654584,0.5,0.05,1.0,1.0
HAGN,438,0.7653606369886217,0.6666666666666666,0.2,1.0,1.0,0.8778995257840893,1.0,0.15,1.0,1.0
HAGN,439,0.19342640361727081,0.5,0.1,1.0,0.125,0.19342640361727081,0.5,0.05,1.0,0.125
HAGN,440,0.617319681505689,0.6666666666666666,0.2,1.0,1.0,0.617319681505689,0.6666666666666666,0.1,1.0,1.0
HAGN,441,0.7532831509624124,0.8,0.4,1.0,1.0,0.7532831509624124,0.8,0.2,1.0,1.0
HAGN,442,0.3191471544989227,0.5,0.2,1.0,0.25,0.3191471544989227,0.5,0.1,1.0,0.25
HAGN,443,1.0,1.0,0.2,1.0,1.0,1.0,1.0,0.1,1.0,1.0
HAGN,444,0.5714285040141098,1.0,0.2,1.0,0.5,0.5714285040141098,1.0,0.1,1.0,0.5
HAGN,445,1.0,1.0,0.1,1.0,1.0,1.0,1.0,0.05,1.0,1.0
HAGN,446,1.0,1.0,0.1,1.0,1.0,1.0,1.0,0.05,1.0,1.0
HAGN,447,0.6131471927654584,0.5,0.1,1.0,1.0,0.6131471927654584,0.5,0.05,1.0,1.0
HAGN,448,0.38685280723454163,0.5,0.1,1.0,0.5,0.38685280723454163,0.5,0.05,1.0,0.5
HAGN,449,1.0,1.0,0.3,1.0,1.0,1.0,1.0,0.15,1.0,1.0
HAGN,450,1.0,1.0,0.2,1.0,1.0,1.0,1.0,0.1,1.0,1.0
HAGN,451,0.7653606369886217,0.6666666666666666,0.2,1.0,1.0,0.872201441250412,1.0,0.15,1.0,1.0
HAGN,452,1.0,1.0,0.1,1.0,1.0,1.0,1.0,0.05,1.0,1.0
HAGN,453,1.0,1.0,0.1,1.0,1.0,1.0,1.0,0.05,1.0,1.0
HAGN,454,0.0,0.0,0.0,0.0,0.0,0.14704034066641014,0.5,0.05,1.0,0.058823529411764705
HAGN,455,0.18457569677956817,0.5,0.1,1.0,0.1111111111111111,0.18457569677956817,0.5,0.05,1.0,0.1111111111111111
HAGN,456,0.0,0.0,0.0,0.0,0.0,0.0,0.0,0.0,0.0,0.0
HAGN,457,0.7653606369886217,0.6666666666666666,0.2,1.0,1.0,0.7653606369886217,0.6666666666666666,0.1,1.0,1.0
HAGN,458,0.6131471927654584,0.5,0.1,1.0,1.0,0.6131471927654584,0.5,0.05,1.0,1.0
HAGN,459,1.0,1.0,0.2,1.0,1.0,1.0,1.0,0.1,1.0,1.0
HAGN,460,0.9325210919548239,1.0,0.3,1.0,1.0,0.9325210919548239,1.0,0.15,1.0,1.0
HAGN,461,0.6131471927654584,0.5,0.1,1.0,1.0,0.6131471927654584,0.5,0.05,1.0,1.0
HAGN,462,1.0,1.0,0.3,1.0,1.0,1.0,1.0,0.15,1.0,1.0
HAGN,463,0.6131471927654584,0.5,0.1,1.0,1.0,0.6131471927654584,0.5,0.05,1.0,1.0
HAGN,464,0.0,0.0,0.0,0.0,0.0,0.19353890920873174,0.5,0.1,1.0,0.07142857142857142
HAGN,465,0.5032251913410369,0.5,0.2,1.0,1.0,0.6057583299592588,0.75,0.15,1.0,1.0
HAGN,466,0.9197207891481876,1.0,0.2,1.0,1.0,0.9197207891481876,1.0,0.1,1.0,1.0
HAGN,467,0.7039180890341347,0.6666666666666666,0.2,1.0,1.0,0.7039180890341347,0.6666666666666666,0.1,1.0,1.0
HAGN,468,0.7903864795495061,1.0,0.2,1.0,1.0,0.7903864795495061,1.0,0.1,1.0,1.0
HAGN,469,1.0,1.0,0.1,1.0,1.0,1.0,1.0,0.05,1.0,1.0
HAGN,470,1.0,1.0,0.3,1.0,1.0,1.0,1.0,0.15,1.0,1.0
HAGN,471,0.15642624200758548,0.3333333333333333,0.1,1.0,0.14285714285714285,0.2632670462693757,0.6666666666666666,0.1,1.0,0.14285714285714285
HAGN,472,0.0,0.0,0.0,0.0,0.0,0.31807342473412825,1.0,0.1,1.0,0.09090909090909091
HAGN,473,1.0,1.0,0.1,1.0,1.0,1.0,1.0,0.05,1.0,1.0
HAGN,474,0.8503449055347546,1.0,0.2,1.0,1.0,0.8503449055347546,1.0,0.1,1.0,1.0
HAGN,475,0.4632423659320675,0.6666666666666666,0.2,1.0,0.5,0.586498205124791,1.0,0.15,1.0,0.5
HAGN,476,0.9674679834891693,1.0,0.3,1.0,1.0,0.9674679834891693,1.0,0.15,1.0,1.0
HAGN,477,0.3065735963827292,0.5,0.1,1.0,0.3333333333333333,0.3065735963827292,0.5,0.05,1.0,0.3333333333333333
HAGN,478,0.9197207891481876,1.0,0.2,1.0,1.0,0.9197207891481876,1.0,0.1,1.0,1.0
HAGN,479,0.8772153153380493,1.0,0.2,1.0,1.0,0.8772153153380493,1.0,0.1,1.0,1.0
HAGN,480,0.20438239758848611,0.5,0.1,1.0,0.14285714285714285,0.20438239758848611,0.5,0.05,1.0,0.14285714285714285
HAGN,481,0.21840743681816419,0.5,0.1,1.0,0.16666666666666666,0.21840743681816419,0.5,0.05,1.0,0.16666666666666666
HAGN,482,0.6131471927654584,0.5,0.1,1.0,1.0,0.6131471927654584,0.5,0.05,1.0,1.0
HAGN,483,1.0,1.0,0.2,1.0,1.0,1.0,1.0,0.1,1.0,1.0
HAGN,484,0.46927872602275644,0.3333333333333333,0.1,1.0,1.0,0.5761195302845467,0.6666666666666666,0.1,1.0,1.0
HAGN,485,0.3391602052736161,0.2,0.1,1.0,1.0,0.5185566032986845,0.6,0.15,1.0,1.0
HAGN,486,0.0,0.0,0.0,0.0,0.0,0.0,0.0,0.0,0.0,0.0
HAGN,487,1.0,1.0,0.2,1.0,1.0,1.0,1.0,0.1,1.0,1.0
HAGN,488,0.7653606369886217,0.6666666666666666,0.2,1.0,1.0,0.7653606369886217,0.6666666666666666,0.1,1.0,1.0
HAGN,489,0.0,0.0,0.0,0.0,0.0,0.0,0.0,0.0,0.0,0.0
HAGN,490,0.7653606369886217,0.6666666666666666,0.2,1.0,1.0,0.7653606369886217,0.6666666666666666,0.1,1.0,1.0
HAGN,491,1.0,1.0,0.2,1.0,1.0,1.0,1.0,0.1,1.0,1.0
HAGN,492,0.9674679834891693,1.0,0.3,1.0,1.0,0.9674679834891693,1.0,0.15,1.0,1.0
HAGN,493,1.0,1.0,0.2,1.0,1.0,1.0,1.0,0.1,1.0,1.0
HAGN,494,0.38162168437253385,1.0,0.2,1.0,0.14285714285714285,0.38162168437253385,1.0,0.1,1.0,0.14285714285714285
HAGN,495,0.0,0.0,0.0,0.0,0.0,0.0,0.0,0.0,0.0,0.0
HAGN,496,0.9674679834891693,1.0,0.3,1.0,1.0,0.9674679834891693,1.0,0.15,1.0,1.0
HAGN,497,1.0,1.0,0.2,1.0,1.0,1.0,1.0,0.1,1.0,1.0
HAGN,498,0.8503449055347546,1.0,0.2,1.0,1.0,0.8503449055347546,1.0,0.1,1.0,1.0
HAGN,499,0.6131471927654584,0.5,0.1,1.0,1.0,0.7550160946314525,1.0,0.1,1.0,1.0
CSGCN,0,1.0,1.0,0.1,1.0,1.0,1.0,1.0,0.05,1.0,1.0
CSGCN,1,1.0,1.0,0.1,1.0,1.0,1.0,1.0,0.05,1.0,1.0
CSGCN,2,0.38685280723454163,1.0,0.1,1.0,0.2,0.38685280723454163,1.0,0.05,1.0,0.2
CSGCN,3,1.0,1.0,0.1,1.0,1.0,1.0,1.0,0.05,1.0,1.0
CSGCN,4,1.0,1.0,0.1,1.0,1.0,1.0,1.0,0.05,1.0,1.0
CSGCN,5,1.0,1.0,0.1,1.0,1.0,1.0,1.0,0.05,1.0,1.0
CSGCN,6,1.0,1.0,0.1,1.0,1.0,1.0,1.0,0.05,1.0,1.0
CSGCN,7,1.0,1.0,0.1,1.0,1.0,1.0,1.0,0.05,1.0,1.0
CSGCN,8,1.0,1.0,0.1,1.0,1.0,1.0,1.0,0.05,1.0,1.0
CSGCN,9,1.0,1.0,0.1,1.0,1.0,1.0,1.0,0.05,1.0,1.0
CSGCN,10,1.0,1.0,0.1,1.0,1.0,1.0,1.0,0.05,1.0,1.0
CSGCN,11,1.0,1.0,0.1,1.0,1.0,1.0,1.0,0.05,1.0,1.0
CSGCN,12,1.0,1.0,0.1,1.0,1.0,1.0,1.0,0.05,1.0,1.0
CSGCN,13,1.0,1.0,0.1,1.0,1.0,1.0,1.0,0.05,1.0,1.0
CSGCN,14,1.0,1.0,0.1,1.0,1.0,1.0,1.0,0.05,1.0,1.0
CSGCN,15,1.0,1.0,0.1,1.0,1.0,1.0,1.0,0.05,1.0,1.0
CSGCN,16,1.0,1.0,0.1,1.0,1.0,1.0,1.0,0.05,1.0,1.0
CSGCN,17,1.0,1.0,0.1,1.0,1.0,1.0,1.0,0.05,1.0,1.0
CSGCN,18,0.38685280723454163,1.0,0.1,1.0,0.2,0.38685280723454163,1.0,0.05,1.0,0.2
CSGCN,19,1.0,1.0,0.1,1.0,1.0,1.0,1.0,0.05,1.0,1.0
CSGCN,20,1.0,1.0,0.1,1.0,1.0,1.0,1.0,0.05,1.0,1.0
CSGCN,21,0.0,0.0,0.0,0.0,0.0,0.27894294565112987,1.0,0.05,1.0,0.09090909090909091
CSGCN,22,1.0,1.0,0.1,1.0,1.0,1.0,1.0,0.05,1.0,1.0
CSGCN,23,1.0,1.0,0.1,1.0,1.0,1.0,1.0,0.05,1.0,1.0
CSGCN,24,1.0,1.0,0.1,1.0,1.0,1.0,1.0,0.05,1.0,1.0
CSGCN,25,1.0,1.0,0.1,1.0,1.0,1.0,1.0,0.05,1.0,1.0
CSGCN,26,0.0,0.0,0.0,0.0,0.0,0.0,0.0,0.0,0.0,0.0
CSGCN,27,0.6309297535714575,1.0,0.1,1.0,0.5,0.6309297535714575,1.0,0.05,1.0,0.5
CSGCN,28,0.31546487678572877,1.0,0.1,1.0,0.125,0.31546487678572877,1.0,0.05,1.0,0.125
CSGCN,29,1.0,1.0,0.1,1.0,1.0,1.0,1.0,0.05,1.0,1.0
CSGCN,30,1.0,1.0,0.1,1.0,1.0,1.0,1.0,0.05,1.0,1.0
CSGCN,31,0.5,1.0,0.1,1.0,0.3333333333333333,0.5,1.0,0.05,1.0,0.3333333333333333
CSGCN,32,1.0,1.0,0.1,1.0,1.0,1.0,1.0,0.05,1.0,1.0
CSGCN,33,1.0,1.0,0.1,1.0,1.0,1.0,1.0,0.05,1.0,1.0
CSGCN,34,0.0,0.0,0.0,0.0,0.0,0.27894294565112987,1.0,0.05,1.0,0.09090909090909091
CSGCN,35,1.0,1.0,0.1,1.0,1.0,1.0,1.0,0.05,1.0,1.0
CSGCN,36,1.0,1.0,0.1,1.0,1.0,1.0,1.0,0.05,1.0,1.0
CSGCN,37,0.6309297535714575,1.0,0.1,1.0,0.5,0.6309297535714575,1.0,0.05,1.0,0.5
CSGCN,38,0.3562071871080222,1.0,0.1,1.0,0.16666666666666666,0.3562071871080222,1.0,0.05,1.0,0.16666666666666666
CSGCN,39,0.43067655807339306,1.0,0.1,1.0,0.25,0.43067655807339306,1.0,0.05,1.0,0.25
CSGCN,40,1.0,1.0,0.1,1.0,1.0,1.0,1.0,0.05,1.0,1.0
CSGCN,41,1.0,1.0,0.1,1.0,1.0,1.0,1.0,0.05,1.0,1.0
CSGCN,42,1.0,1.0,0.1,1.0,1.0,1.0,1.0,0.05,1.0,1.0
CSGCN,43,1.0,1.0,0.1,1.0,1.0,1.0,1.0,0.05,1.0,1.0
CSGCN,44,1.0,1.0,0.1,1.0,1.0,1.0,1.0,0.05,1.0,1.0
CSGCN,45,1.0,1.0,0.1,1.0,1.0,1.0,1.0,0.05,1.0,1.0
CSGCN,46,0.2890648263178879,1.0,0.1,1.0,0.1,0.2890648263178879,1.0,0.05,1.0,0.1
CSGCN,47,1.0,1.0,0.1,1.0,1.0,1.0,1.0,0.05,1.0,1.0
CSGCN,48,1.0,1.0,0.1,1.0,1.0,1.0,1.0,0.05,1.0,1.0
CSGCN,49,0.43067655807339306,1.0,0.1,1.0,0.25,0.43067655807339306,1.0,0.05,1.0,0.25
CSGCN,50,0.6309297535714575,1.0,0.1,1.0,0.5,0.6309297535714575,1.0,0.05,1.0,0.5
CSGCN,51,1.0,1.0,0.1,1.0,1.0,1.0,1.0,0.05,1.0,1.0
CSGCN,52,1.0,1.0,0.1,1.0,1.0,1.0,1.0,0.05,1.0,1.0
CSGCN,53,1.0,1.0,0.1,1.0,1.0,1.0,1.0,0.05,1.0,1.0
CSGCN,54,1.0,1.0,0.1,1.0,1.0,1.0,1.0,0.05,1.0,1.0
CSGCN,55,0.5,1.0,0.1,1.0,0.3333333333333333,0.5,1.0,0.05,1.0,0.3333333333333333
CSGCN,56,1.0,1.0,0.1,1.0,1.0,1.0,1.0,0.05,1.0,1.0
CSGCN,57,1.0,1.0,0.1,1.0,1.0,1.0,1.0,0.05,1.0,1.0
CSGCN,58,1.0,1.0,0.1,1.0,1.0,1.0,1.0,0.05,1.0,1.0
CSGCN,59,1.0,1.0,0.1,1.0,1.0,1.0,1.0,0.05,1.0,1.0
CSGCN,60,1.0,1.0,0.1,1.0,1.0,1.0,1.0,0.05,1.0,1.0
CSGCN,61,1.0,1.0,0.1,1.0,1.0,1.0,1.0,0.05,1.0,1.0
CSGCN,62,1.0,1.0,0.1,1.0,1.0,1.0,1.0,0.05,1.0,1.0
CSGCN,63,1.0,1.0,0.1,1.0,1.0,1.0,1.0,0.05,1.0,1.0
CSGCN,64,0.0,0.0,0.0,0.0,0.0,0.2559580248098155,1.0,0.05,1.0,0.07142857142857142
CSGCN,65,1.0,1.0,0.1,1.0,1.0,1.0,1.0,0.05,1.0,1.0
CSGCN,66,1.0,1.0,0.1,1.0,1.0,1.0,1.0,0.05,1.0,1.0
CSGCN,67,0.6309297535714575,1.0,0.1,1.0,0.5,0.6309297535714575,1.0,0.05,1.0,0.5
CSGCN,68,0.0,0.0,0.0,0.0,0.0,0.0,0.0,0.0,0.0,0.0
CSGCN,69,0.38685280723454163,1.0,0.1,1.0,0.2,0.38685280723454163,1.0,0.05,1.0,0.2
CSGCN,70,1.0,1.0,0.1,1.0,1.0,1.0,1.0,0.05,1.0,1.0
CSGCN,71,1.0,1.0,0.1,1.0,1.0,1.0,1.0,0.05,1.0,1.0
CSGCN,72,1.0,1.0,0.1,1.0,1.0,1.0,1.0,0.05,1.0,1.0
CSGCN,73,0.5,1.0,0.1,1.0,0.3333333333333333,0.5,1.0,0.05,1.0,0.3333333333333333
CSGCN,74,1.0,1.0,0.1,1.0,1.0,1.0,1.0,0.05,1.0,1.0
CSGCN,75,1.0,1.0,0.1,1.0,1.0,1.0,1.0,0.05,1.0,1.0
CSGCN,76,1.0,1.0,0.1,1.0,1.0,1.0,1.0,0.05,1.0,1.0
CSGCN,77,0.6309297535714575,1.0,0.1,1.0,0.5,0.6309297535714575,1.0,0.05,1.0,0.5
CSGCN,78,0.6309297535714575,1.0,0.1,1.0,0.5,0.6309297535714575,1.0,0.05,1.0,0.5
CSGCN,79,1.0,1.0,0.1,1.0,1.0,1.0,1.0,0.05,1.0,1.0
CSGCN,80,1.0,1.0,0.1,1.0,1.0,1.0,1.0,0.05,1.0,1.0
CSGCN,81,0.9197207891481876,1.0,0.2,1.0,1.0,0.9197207891481876,1.0,0.1,1.0,1.0
CSGCN,82,1.0,1.0,0.1,1.0,1.0,1.0,1.0,0.05,1.0,1.0
CSGCN,83,1.0,1.0,0.1,1.0,1.0,1.0,1.0,0.05,1.0,1.0
CSGCN,84,0.6309297535714575,1.0,0.1,1.0,0.5,0.6309297535714575,1.0,0.05,1.0,0.5
CSGCN,85,1.0,1.0,0.1,1.0,1.0,1.0,1.0,0.05,1.0,1.0
CSGCN,86,0.3562071871080222,1.0,0.1,1.0,0.16666666666666666,0.3562071871080222,1.0,0.05,1.0,0.16666666666666666
CSGCN,87,0.0,0.0,0.0,0.0,0.0,0.0,0.0,0.0,0.0,0.0
CSGCN,88,1.0,1.0,0.1,1.0,1.0,1.0,1.0,0.05,1.0,1.0
CSGCN,89,1.0,1.0,0.1,1.0,1.0,1.0,1.0,0.05,1.0,1.0
CSGCN,90,1.0,1.0,0.1,1.0,1.0,1.0,1.0,0.05,1.0,1.0
CSGCN,91,1.0,1.0,0.1,1.0,1.0,1.0,1.0,0.05,1.0,1.0
CSGCN,92,1.0,1.0,0.1,1.0,1.0,1.0,1.0,0.05,1.0,1.0
CSGCN,93,0.0,0.0,0.0,0.0,0.0,0.0,0.0,0.0,0.0,0.0
CSGCN,94,1.0,1.0,0.1,1.0,1.0,1.0,1.0,0.05,1.0,1.0
CSGCN,95,1.0,1.0,0.1,1.0,1.0,1.0,1.0,0.05,1.0,1.0
CSGCN,96,1.0,1.0,0.1,1.0,1.0,1.0,1.0,0.05,1.0,1.0
CSGCN,97,0.0,0.0,0.0,0.0,0.0,0.0,0.0,0.0,0.0,0.0
CSGCN,98,0.8315546295836225,1.0,0.2,1.0,1.0,0.8315546295836225,1.0,0.1,1.0,1.0
CSGCN,99,1.0,1.0,0.1,1.0,1.0,1.0,1.0,0.05,1.0,1.0
CSGCN,100,0.31546487678572877,1.0,0.1,1.0,0.125,0.31546487678572877,1.0,0.05,1.0,0.125
CSGCN,101,1.0,1.0,0.1,1.0,1.0,1.0,1.0,0.05,1.0,1.0
CSGCN,102,0.31546487678572877,1.0,0.1,1.0,0.125,0.31546487678572877,1.0,0.05,1.0,0.125
CSGCN,103,1.0,1.0,0.1,1.0,1.0,1.0,1.0,0.05,1.0,1.0
CSGCN,104,1.0,1.0,0.1,1.0,1.0,1.0,1.0,0.05,1.0,1.0
CSGCN,105,1.0,1.0,0.1,1.0,1.0,1.0,1.0,0.05,1.0,1.0
CSGCN,106,0.43067655807339306,1.0,0.1,1.0,0.25,0.43067655807339306,1.0,0.05,1.0,0.25
CSGCN,107,1.0,1.0,0.1,1.0,1.0,1.0,1.0,0.05,1.0,1.0
CSGCN,108,1.0,1.0,0.1,1.0,1.0,1.0,1.0,0.05,1.0,1.0
CSGCN,109,0.43067655807339306,1.0,0.1,1.0,0.25,0.43067655807339306,1.0,0.05,1.0,0.25
CSGCN,110,1.0,1.0,0.1,1.0,1.0,1.0,1.0,0.05,1.0,1.0
CSGCN,111,1.0,1.0,0.2,1.0,1.0,1.0,1.0,0.1,1.0,1.0
CSGCN,112,1.0,1.0,0.1,1.0,1.0,1.0,1.0,0.05,1.0,1.0
CSGCN,113,1.0,1.0,0.1,1.0,1.0,1.0,1.0,0.05,1.0,1.0
CSGCN,114,1.0,1.0,0.1,1.0,1.0,1.0,1.0,0.05,1.0,1.0
CSGCN,115,1.0,1.0,0.1,1.0,1.0,1.0,1.0,0.05,1.0,1.0
CSGCN,116,0.38685280723454163,1.0,0.1,1.0,0.2,0.38685280723454163,1.0,0.05,1.0,0.2
CSGCN,117,1.0,1.0,0.1,1.0,1.0,1.0,1.0,0.05,1.0,1.0
CSGCN,118,1.0,1.0,0.1,1.0,1.0,1.0,1.0,0.05,1.0,1.0
CSGCN,119,1.0,1.0,0.1,1.0,1.0,1.0,1.0,0.05,1.0,1.0
CSGCN,120,1.0,1.0,0.1,1.0,1.0,1.0,1.0,0.05,1.0,1.0
CSGCN,121,1.0,1.0,0.1,1.0,1.0,1.0,1.0,0.05,1.0,1.0
CSGCN,122,1.0,1.0,0.1,1.0,1.0,1.0,1.0,0.05,1.0,1.0
CSGCN,123,0.3010299956639812,1.0,0.1,1.0,0.1111111111111111,0.3010299956639812,1.0,0.05,1.0,0.1111111111111111
CSGCN,124,1.0,1.0,0.1,1.0,1.0,1.0,1.0,0.05,1.0,1.0
CSGCN,125,1.0,1.0,0.1,1.0,1.0,1.0,1.0,0.05,1.0,1.0
CSGCN,126,1.0,1.0,0.1,1.0,1.0,1.0,1.0,0.05,1.0,1.0
CSGCN,127,1.0,1.0,0.1,1.0,1.0,1.0,1.0,0.05,1.0,1.0
CSGCN,128,1.0,1.0,0.1,1.0,1.0,1.0,1.0,0.05,1.0,1.0
CSGCN,129,1.0,1.0,0.2,1.0,1.0,1.0,1.0,0.1,1.0,1.0
CSGCN,130,1.0,1.0,0.1,1.0,1.0,1.0,1.0,0.05,1.0,1.0
CSGCN,131,1.0,1.0,0.1,1.0,1.0,1.0,1.0,0.05,1.0,1.0
CSGCN,132,1.0,1.0,0.1,1.0,1.0,1.0,1.0,0.05,1.0,1.0
CSGCN,133,1.0,1.0,0.1,1.0,1.0,1.0,1.0,0.05,1.0,1.0
CSGCN,134,0.3010299956639812,1.0,0.1,1.0,0.1111111111111111,0.3010299956639812,1.0,0.05,1.0,0.1111111111111111
CSGCN,135,0.8315546295836225,1.0,0.2,1.0,1.0,0.8315546295836225,1.0,0.1,1.0,1.0
CSGCN,136,0.38685280723454163,1.0,0.1,1.0,0.2,0.38685280723454163,1.0,0.05,1.0,0.2
CSGCN,137,1.0,1.0,0.2,1.0,1.0,1.0,1.0,0.1,1.0,1.0
CSGCN,138,0.0,0.0,0.0,0.0,0.0,0.0,0.0,0.0,0.0,0.0
CSGCN,139,1.0,1.0,0.2,1.0,1.0,1.0,1.0,0.1,1.0,1.0
CSGCN,140,1.0,1.0,0.1,1.0,1.0,1.0,1.0,0.05,1.0,1.0
CSGCN,141,0.2640681225725909,0.5,0.1,1.0,0.25,0.41110846323900097,1.0,0.1,1.0,0.25
CSGCN,142,1.0,1.0,0.1,1.0,1.0,1.0,1.0,0.05,1.0,1.0
CSGCN,143,0.0,0.0,0.0,0.0,0.0,0.2559580248098155,1.0,0.05,1.0,0.07142857142857142
CSGCN,144,1.0,1.0,0.1,1.0,1.0,1.0,1.0,0.05,1.0,1.0
CSGCN,145,1.0,1.0,0.1,1.0,1.0,1.0,1.0,0.05,1.0,1.0
CSGCN,146,1.0,1.0,0.1,1.0,1.0,1.0,1.0,0.05,1.0,1.0
CSGCN,147,0.43067655807339306,1.0,0.1,1.0,0.25,0.43067655807339306,1.0,0.05,1.0,0.25
CSGCN,148,0.5,1.0,0.1,1.0,0.3333333333333333,0.5,1.0,0.05,1.0,0.3333333333333333
CSGCN,149,1.0,1.0,0.1,1.0,1.0,1.0,1.0,0.05,1.0,1.0
CSGCN,150,0.31546487678572877,1.0,0.1,1.0,0.125,0.31546487678572877,1.0,0.05,1.0,0.125
CSGCN,151,0.5,1.0,0.1,1.0,0.3333333333333333,0.5,1.0,0.05,1.0,0.3333333333333333
CSGCN,152,0.5,1.0,0.1,1.0,0.3333333333333333,0.5,1.0,0.05,1.0,0.3333333333333333
CSGCN,153,1.0,1.0,0.1,1.0,1.0,1.0,1.0,0.05,1.0,1.0
CSGCN,154,1.0,1.0,0.1,1.0,1.0,1.0,1.0,0.05,1.0,1.0
CSGCN,155,1.0,1.0,0.2,1.0,1.0,1.0,1.0,0.1,1.0,1.0
CSGCN,156,1.0,1.0,0.1,1.0,1.0,1.0,1.0,0.05,1.0,1.0
CSGCN,157,1.0,1.0,0.1,1.0,1.0,1.0,1.0,0.05,1.0,1.0
CSGCN,158,1.0,1.0,0.1,1.0,1.0,1.0,1.0,0.05,1.0,1.0
CSGCN,159,0.0,0.0,0.0,0.0,0.0,0.26264953503719357,1.0,0.05,1.0,0.07692307692307693
CSGCN,160,1.0,1.0,0.1,1.0,1.0,1.0,1.0,0.05,1.0,1.0
CSGCN,161,1.0,1.0,0.1,1.0,1.0,1.0,1.0,0.05,1.0,1.0
CSGCN,162,0.6131471927654584,0.5,0.1,1.0,1.0,0.6131471927654584,0.5,0.05,1.0,1.0
CSGCN,163,1.0,1.0,0.1,1.0,1.0,1.0,1.0,0.05,1.0,1.0
CSGCN,164,1.0,1.0,0.1,1.0,1.0,1.0,1.0,0.05,1.0,1.0
CSGCN,165,0.0,0.0,0.0,0.0,0.0,0.23981246656813146,1.0,0.05,1.0,0.058823529411764705
CSGCN,166,0.0,0.0,0.0,0.0,0.0,0.0,0.0,0.0,0.0,0.0
CSGCN,167,1.0,1.0,0.1,1.0,1.0,1.0,1.0,0.05,1.0,1.0
CSGCN,168,0.0,0.0,0.0,0.0,0.0,0.0,0.0,0.0,0.0,0.0
CSGCN,169,1.0,1.0,0.1,1.0,1.0,1.0,1.0,0.05,1.0,1.0
CSGCN,170,0.3333333333333333,1.0,0.1,1.0,0.14285714285714285,0.3333333333333333,1.0,0.05,1.0,0.14285714285714285
CSGCN,171,0.0,0.0,0.0,0.0,0.0,0.0,0.0,0.0,0.0,0.0
CSGCN,172,0.6309297535714575,1.0,0.1,1.0,0.5,0.6309297535714575,1.0,0.05,1.0,0.5
CSGCN,173,1.0,1.0,0.1,1.0,1.0,1.0,1.0,0.05,1.0,1.0
CSGCN,174,0.0,0.0,0.0,0.0,0.0,0.0,0.0,0.0,0.0,0.0
CSGCN,175,1.0,1.0,0.1,1.0,1.0,1.0,1.0,0.05,1.0,1.0
CSGCN,176,1.0,1.0,0.1,1.0,1.0,1.0,1.0,0.05,1.0,1.0
CSGCN,177,1.0,1.0,0.1,1.0,1.0,1.0,1.0,0.05,1.0,1.0
CSGCN,178,1.0,1.0,0.1,1.0,1.0,1.0,1.0,0.05,1.0,1.0
CSGCN,179,0.20210734650054757,0.3333333333333333,0.1,1.0,0.25,0.43423632273225454,1.0,0.15,1.0,0.25
CSGCN,180,1.0,1.0,0.1,1.0,1.0,1.0,1.0,0.05,1.0,1.0
CSGCN,181,0.6131471927654584,0.5,0.1,1.0,1.0,0.6131471927654584,0.5,0.05,1.0,1.0
CSGCN,182,1.0,1.0,0.1,1.0,1.0,1.0,1.0,0.05,1.0,1.0
CSGCN,183,1.0,1.0,0.1,1.0,1.0,1.0,1.0,0.05,1.0,1.0
CSGCN,184,1.0,1.0,0.1,1.0,1.0,1.0,1.0,0.05,1.0,1.0
CSGCN,185,0.0,0.0,0.0,0.0,0.0,0.27023815442731974,1.0,0.05,1.0,0.08333333333333333
CSGCN,186,1.0,1.0,0.1,1.0,1.0,1.0,1.0,0.05,1.0,1.0
CSGCN,187,0.0,0.0,0.0,0.0,0.0,0.25,1.0,0.05,1.0,0.06666666666666667
CSGCN,188,1.0,1.0,0.2,1.0,1.0,1.0,1.0,0.1,1.0,1.0
CSGCN,189,1.0,1.0,0.1,1.0,1.0,1.0,1.0,0.05,1.0,1.0
CSGCN,190,0.0,0.0,0.0,0.0,0.0,0.23981246656813146,1.0,0.05,1.0,0.058823529411764705
CSGCN,191,0.8503449055347546,1.0,0.2,1.0,1.0,0.8503449055347546,1.0,0.1,1.0,1.0
CSGCN,192,0.0,0.0,0.0,0.0,0.0,0.0,0.0,0.0,0.0,0.0
CSGCN,193,1.0,1.0,0.1,1.0,1.0,1.0,1.0,0.05,1.0,1.0
CSGCN,194,1.0,1.0,0.1,1.0,1.0,1.0,1.0,0.05,1.0,1.0
CSGCN,195,1.0,1.0,0.1,1.0,1.0,1.0,1.0,0.05,1.0,1.0
CSGCN,196,1.0,1.0,0.4,1.0,1.0,1.0,1.0,0.2,1.0,1.0
CSGCN,197,1.0,1.0,0.1,1.0,1.0,1.0,1.0,0.05,1.0,1.0
CSGCN,198,1.0,1.0,0.2,1.0,1.0,1.0,1.0,0.1,1.0,1.0
CSGCN,199,1.0,1.0,0.2,1.0,1.0,1.0,1.0,0.1,1.0,1.0
CSGCN,200,0.0,0.0,0.0,0.0,0.0,0.2559580248098155,1.0,0.05,1.0,0.07142857142857142
CSGCN,201,1.0,1.0,0.1,1.0,1.0,1.0,1.0,0.05,1.0,1.0
CSGCN,202,0.8065735963827293,1.0,0.2,1.0,1.0,0.8065735963827293,1.0,0.1,1.0,1.0
CSGCN,203,0.0,0.0,0.0,0.0,0.0,0.1532867981913646,0.5,0.05,1.0,0.06666666666666667
CSGCN,204,0.6131471927654584,0.5,0.1,1.0,1.0,0.6131471927654584,0.5,0.05,1.0,1.0
CSGCN,205,0.6131471927654584,0.5,0.1,1.0,1.0,0.6131471927654584,0.5,0.05,1.0,1.0
CSGCN,206,1.0,1.0,0.2,1.0,1.0,1.0,1.0,0.1,1.0,1.0
CSGCN,207,1.0,1.0,0.1,1.0,1.0,1.0,1.0,0.05,1.0,1.0
CSGCN,208,0.0,0.0,0.0,0.0,0.0,0.25,1.0,0.05,1.0,0.06666666666666667
CSGCN,209,1.0,1.0,0.1,1.0,1.0,1.0,1.0,0.05,1.0,1.0
CSGCN,210,0.6131471927654584,0.5,0.1,1.0,1.0,0.6131471927654584,0.5,0.05,1.0,1.0
CSGCN,211,1.0,1.0,0.1,1.0,1.0,1.0,1.0,0.05,1.0,1.0
CSGCN,212,0.3889580943680543,1.0,0.2,1.0,0.14285714285714285,0.3889580943680543,1.0,0.1,1.0,0.14285714285714285
CSGCN,213,1.0,1.0,0.1,1.0,1.0,1.0,1.0,0.05,1.0,1.0
CSGCN,214,0.5642221110316635,1.0,0.3,1.0,0.3333333333333333,0.5642221110316635,1.0,0.15,1.0,0.3333333333333333
CSGCN,215,1.0,1.0,0.1,1.0,1.0,1.0,1.0,0.05,1.0,1.0
CSGCN,216,1.0,1.0,0.1,1.0,1.0,1.0,1.0,0.05,1.0,1.0
CSGCN,217,0.7653606369886217,0.6666666666666666,0.2,1.0,1.0,0.8962626271568189,1.0,0.15,1.0,1.0
CSGCN,218,1.0,1.0,0.1,1.0,1.0,1.0,1.0,0.05,1.0,1.0
CSGCN,219,0.3010299956639812,1.0,0.1,1.0,0.1111111111111111,0.3010299956639812,1.0,0.05,1.0,0.1111111111111111
CSGCN,220,0.31546487678572877,1.0,0.1,1.0,0.125,0.31546487678572877,1.0,0.05,1.0,0.125
CSGCN,221,1.0,1.0,0.1,1.0,1.0,1.0,1.0,0.05,1.0,1.0
CSGCN,222,0.6131471927654584,0.5,0.1,1.0,1.0,0.6131471927654584,0.5,0.05,1.0,1.0
CSGCN,223,1.0,1.0,0.2,1.0,1.0,1.0,1.0,0.1,1.0,1.0
CSGCN,224,0.9060254355346823,1.0,0.3,1.0,1.0,0.9060254355346823,1.0,0.15,1.0,1.0
CSGCN,225,0.0,0.0,0.0,0.0,0.0,0.23981246656813146,1.0,0.05,1.0,0.058823529411764705
CSGCN,226,1.0,1.0,0.1,1.0,1.0,1.0,1.0,0.05,1.0,1.0
CSGCN,227,1.0,1.0,0.3,1.0,1.0,1.0,1.0,0.15,1.0,1.0
CSGCN,228,0.38685280723454163,1.0,0.1,1.0,0.2,0.38685280723454163,1.0,0.05,1.0,0.2
CSGCN,229,1.0,1.0,0.1,1.0,1.0,1.0,1.0,0.05,1.0,1.0
CSGCN,230,1.0,1.0,0.1,1.0,1.0,1.0,1.0,0.05,1.0,1.0
CSGCN,231,1.0,1.0,0.1,1.0,1.0,1.0,1.0,0.05,1.0,1.0
CSGCN,232,1.0,1.0,0.2,1.0,1.0,1.0,1.0,0.1,1.0,1.0
CSGCN,233,1.0,1.0,0.1,1.0,1.0,1.0,1.0,0.05,1.0,1.0
CSGCN,234,0.3065735963827292,0.5,0.1,1.0,0.3333333333333333,0.3065735963827292,0.5,0.05,1.0,0.3333333333333333
CSGCN,235,0.0,0.0,0.0,0.0,0.0,0.0,0.0,0.0,0.0,0.0
CSGCN,236,1.0,1.0,0.1,1.0,1.0,1.0,1.0,0.05,1.0,1.0
CSGCN,237,1.0,1.0,0.1,1.0,1.0,1.0,1.0,0.05,1.0,1.0
CSGCN,238,0.6131471927654584,0.5,0.1,1.0,1.0,0.766433990956823,1.0,0.1,1.0,1.0
CSGCN,239,1.0,1.0,0.1,1.0,1.0,1.0,1.0,0.05,1.0,1.0
CSGCN,240,0.0,0.0,0.0,0.0,0.0,0.0,0.0,0.0,0.0,0.0
CSGCN,241,1.0,1.0,0.1,1.0,1.0,1.0,1.0,0.05,1.0,1.0
CSGCN,242,1.0,1.0,0.1,1.0,1.0,1.0,1.0,0.05,1.0,1.0
CSGCN,243,0.8065735963827293,1.0,0.2,1.0,1.0,0.8065735963827293,1.0,0.1,1.0,1.0
CSGCN,244,0.8065735963827293,1.0,0.2,1.0,1.0,0.8065735963827293,1.0,0.1,1.0,1.0
CSGCN,245,1.0,1.0,0.1,1.0,1.0,1.0,1.0,0.05,1.0,1.0
CSGCN,246,0.7653606369886217,0.6666666666666666,0.2,1.0,1.0,0.7653606369886217,0.6666666666666666,0.1,1.0,1.0
CSGCN,247,1.0,1.0,0.1,1.0,1.0,1.0,1.0,0.05,1.0,1.0
CSGCN,248,0.6131471927654584,0.5,0.1,1.0,1.0,0.6131471927654584,0.5,0.05,1.0,1.0
CSGCN,249,1.0,1.0,0.1,1.0,1.0,1.0,1.0,0.05,1.0,1.0
CSGCN,250,0.6131471927654584,0.5,0.1,1.0,1.0,0.7574875071481796,1.0,0.1,1.0,1.0
CSGCN,251,0.9674679834891693,1.0,0.3,1.0,1.0,0.9674679834891693,1.0,0.15,1.0,1.0
CSGCN,252,0.8175295903539445,1.0,0.2,1.0,1.0,0.8175295903539445,1.0,0.1,1.0,1.0
CSGCN,253,1.0,1.0,0.1,1.0,1.0,1.0,1.0,0.05,1.0,1.0
CSGCN,254,1.0,1.0,0.1,1.0,1.0,1.0,1.0,0.05,1.0,1.0
CSGCN,255,0.5714285040141098,1.0,0.2,1.0,0.5,0.5714285040141098,1.0,0.1,1.0,0.5
CSGCN,256,1.0,1.0,0.1,1.0,1.0,1.0,1.0,0.05,1.0,1.0
CSGCN,257,0.38685280723454163,0.5,0.1,1.0,0.5,0.38685280723454163,0.5,0.05,1.0,0.5
CSGCN,258,0.6131471927654584,0.5,0.1,1.0,1.0,0.7631539858737962,1.0,0.1,1.0,1.0
CSGCN,259,1.0,1.0,0.1,1.0,1.0,1.0,1.0,0.05,1.0,1.0
CSGCN,260,1.0,1.0,0.1,1.0,1.0,1.0,1.0,0.05,1.0,1.0
CSGCN,261,0.38685280723454163,1.0,0.1,1.0,0.2,0.38685280723454163,1.0,0.05,1.0,0.2
CSGCN,262,0.9197207891481876,1.0,0.2,1.0,1.0,0.9197207891481876,1.0,0.1,1.0,1.0
CSGCN,263,1.0,1.0,0.1,1.0,1.0,1.0,1.0,0.05,1.0,1.0
CSGCN,264,1.0,1.0,0.2,1.0,1.0,1.0,1.0,0.1,1.0,1.0
CSGCN,265,0.9709286432396583,1.0,0.4,1.0,1.0,0.9709286432396583,1.0,0.2,1.0,1.0
CSGCN,266,1.0,1.0,0.1,1.0,1.0,1.0,1.0,0.05,1.0,1.0
CSGCN,267,0.0,0.0,0.0,0.0,0.0,0.0,0.0,0.0,0.0,0.0
CSGCN,268,1.0,1.0,0.2,1.0,1.0,1.0,1.0,0.1,1.0,1.0
CSGCN,269,0.2640681225725909,0.5,0.1,1.0,0.25,0.2640681225725909,0.5,0.05,1.0,0.25
CSGCN,270,0.9197207891481876,1.0,0.2,1.0,1.0,0.9197207891481876,1.0,0.1,1.0,1.0
CSGCN,271,0.9197207891481876,1.0,0.2,1.0,1.0,0.9197207891481876,1.0,0.1,1.0,1.0
CSGCN,272,1.0,1.0,0.2,1.0,1.0,1.0,1.0,0.1,1.0,1.0
CSGCN,273,0.43067655807339306,1.0,0.1,1.0,0.25,0.43067655807339306,1.0,0.05,1.0,0.25
CSGCN,274,0.38685280723454163,0.5,0.1,1.0,0.5,0.38685280723454163,0.5,0.05,1.0,0.5
CSGCN,275,1.0,1.0,0.2,1.0,1.0,1.0,1.0,0.1,1.0,1.0
CSGCN,276,0.0,0.0,0.0,0.0,0.0,0.0,0.0,0.0,0.0,0.0
CSGCN,277,0.0,0.0,0.0,0.0,0.0,0.2326545445935189,0.6666666666666666,0.1,1.0,0.07142857142857142
CSGCN,278,0.0,0.0,0.0,0.0,0.0,0.0,0.0,0.0,0.0,0.0
CSGCN,279,0.7653606369886217,0.6666666666666666,0.2,1.0,1.0,0.7653606369886217,0.6666666666666666,0.1,1.0,1.0
CSGCN,280,0.8065735963827293,1.0,0.2,1.0,1.0,0.8065735963827293,1.0,0.1,1.0,1.0
CSGCN,281,0.0,0.0,0.0,0.0,0.0,0.0,0.0,0.0,0.0,0.0
CSGCN,282,1.0,1.0,0.1,1.0,1.0,1.0,1.0,0.05,1.0,1.0
CSGCN,283,1.0,1.0,0.3,1.0,1.0,1.0,1.0,0.15,1.0,1.0
CSGCN,284,1.0,1.0,0.2,1.0,1.0,1.0,1.0,0.1,1.0,1.0
CSGCN,285,0.0,0.0,0.0,0.0,0.0,0.1532867981913646,0.5,0.05,1.0,0.06666666666666667
CSGCN,286,1.0,1.0,0.1,1.0,1.0,1.0,1.0,0.05,1.0,1.0
CSGCN,287,0.9217868789962071,1.0,0.3,1.0,1.0,0.9217868789962071,1.0,0.15,1.0,1.0
CSGCN,288,1.0,1.0,0.2,1.0,1.0,1.0,1.0,0.1,1.0,1.0
CSGCN,289,0.6131471927654584,0.5,0.1,1.0,1.0,0.6131471927654584,0.5,0.05,1.0,1.0
CSGCN,290,0.6131471927654584,0.5,0.1,1.0,1.0,0.6131471927654584,0.5,0.05,1.0,1.0
CSGCN,291,0.7653606369886217,0.6666666666666666,0.2,1.0,1.0,0.7653606369886217,0.6666666666666666,0.1,1.0,1.0
CSGCN,292,1.0,1.0,0.2,1.0,1.0,1.0,1.0,0.1,1.0,1.0
CSGCN,293,0.43067655807339306,1.0,0.1,1.0,0.25,0.43067655807339306,1.0,0.05,1.0,0.25
CSGCN,294,0.6131471927654584,0.5,0.1,1.0,1.0,0.6131471927654584,0.5,0.05,1.0,1.0
CSGCN,295,0.43067655807339306,1.0,0.1,1.0,0.25,0.43067655807339306,1.0,0.05,1.0,0.25
CSGCN,296,1.0,1.0,0.2,1.0,1.0,1.0,1.0,0.1,1.0,1.0
CSGCN,297,0.9197207891481876,1.0,0.2,1.0,1.0,0.9197207891481876,1.0,0.1,1.0,1.0
CSGCN,298,0.6131471927654584,0.5,0.1,1.0,1.0,0.6131471927654584,0.5,0.05,1.0,1.0
CSGCN,299,0.9674679834891693,1.0,0.3,1.0,1.0,0.9674679834891693,1.0,0.15,1.0,1.0
CSGCN,300,0.0,0.0,0.0,0.0,0.0,0.0,0.0,0.0,0.0,0.0
CSGCN,301,0.3562071871080222,1.0,0.1,1.0,0.16666666666666666,0.3562071871080222,1.0,0.05,1.0,0.16666666666666666
CSGCN,302,1.0,1.0,0.3,1.0,1.0,1.0,1.0,0.15,1.0,1.0
CSGCN,303,0.6131471927654584,0.5,0.1,1.0,1.0,0.7741900178546666,1.0,0.1,1.0,1.0
CSGCN,304,1.0,1.0,0.1,1.0,1.0,1.0,1.0,0.05,1.0,1.0
CSGCN,305,1.0,1.0,0.1,1.0,1.0,1.0,1.0,0.05,1.0,1.0
CSGCN,306,1.0,1.0,0.2,1.0,1.0,1.0,1.0,0.1,1.0,1.0
CSGCN,307,0.0,0.0,0.0,0.0,0.0,0.0,0.0,0.0,0.0,0.0
CSGCN,308,1.0,1.0,0.2,1.0,1.0,1.0,1.0,0.1,1.0,1.0
CSGCN,309,1.0,1.0,0.2,1.0,1.0,1.0,1.0,0.1,1.0,1.0
CSGCN,310,0.7653606369886217,0.6666666666666666,0.2,1.0,1.0,0.7653606369886217,0.6666666666666666,0.1,1.0,1.0
CSGCN,311,0.9197207891481876,1.0,0.2,1.0,1.0,0.9197207891481876,1.0,0.1,1.0,1.0
CSGCN,312,1.0,1.0,0.1,1.0,1.0,1.0,1.0,0.05,1.0,1.0
CSGCN,313,0.0,0.0,0.0,0.0,0.0,0.0,0.0,0.0,0.0,0.0
CSGCN,314,0.0,0.0,0.0,0.0,0.0,0.0,0.0,0.0,0.0,0.0
CSGCN,315,1.0,1.0,0.2,1.0,1.0,1.0,1.0,0.1,1.0,1.0
CSGCN,316,1.0,1.0,0.2,1.0,1.0,1.0,1.0,0.1,1.0,1.0
CSGCN,317,0.46927872602275644,0.3333333333333333,0.1,1.0,1.0,0.5865984075284455,0.6666666666666666,0.1,1.0,1.0
CSGCN,318,1.0,1.0,0.2,1.0,1.0,1.0,1.0,0.1,1.0,1.0
CSGCN,319,1.0,1.0,0.1,1.0,1.0,1.0,1.0,0.05,1.0,1.0
CSGCN,320,1.0,1.0,0.2,1.0,1.0,1.0,1.0,0.1,1.0,1.0
CSGCN,321,0.3065735963827292,0.5,0.1,1.0,0.3333333333333333,0.4635135407606591,1.0,0.1,1.0,0.3333333333333333
CSGCN,322,0.38685280723454163,0.5,0.1,1.0,0.5,0.38685280723454163,0.5,0.05,1.0,0.5
CSGCN,323,1.0,1.0,0.3,1.0,1.0,1.0,1.0,0.15,1.0,1.0
CSGCN,324,0.6257049680303419,0.6666666666666666,0.2,1.0,1.0,0.6257049680303419,0.6666666666666666,0.1,1.0,1.0
CSGCN,325,1.0,1.0,0.2,1.0,1.0,1.0,1.0,0.1,1.0,1.0
CSGCN,326,0.0,0.0,0.0,0.0,0.0,0.0,0.0,0.0,0.0,0.0
CSGCN,327,1.0,1.0,0.2,1.0,1.0,1.0,1.0,0.1,1.0,1.0
CSGCN,328,1.0,1.0,0.1,1.0,1.0,1.0,1.0,0.05,1.0,1.0
CSGCN,329,0.5706417189553201,1.0,0.2,1.0,0.3333333333333333,0.5706417189553201,1.0,0.1,1.0,0.3333333333333333
CSGCN,330,1.0,1.0,0.1,1.0,1.0,1.0,1.0,0.05,1.0,1.0
CSGCN,331,1.0,1.0,0.3,1.0,1.0,1.0,1.0,0.15,1.0,1.0
CSGCN,332,0.8772153153380493,1.0,0.2,1.0,1.0,0.8772153153380493,1.0,0.1,1.0,1.0
CSGCN,333,0.9674679834891693,1.0,0.3,1.0,1.0,0.9674679834891693,1.0,0.15,1.0,1.0
CSGCN,334,0.6131471927654584,0.5,0.1,1.0,1.0,0.7741900178546666,1.0,0.1,1.0,1.0
CSGCN,335,1.0,1.0,0.2,1.0,1.0,1.0,1.0,0.1,1.0,1.0
CSGCN,336,0.8175295903539445,1.0,0.2,1.0,1.0,0.8175295903539445,1.0,0.1,1.0,1.0
CSGCN,337,0.6131471927654584,0.5,0.1,1.0,1.0,0.766433990956823,1.0,0.1,1.0,1.0
CSGCN,338,1.0,1.0,0.2,1.0,1.0,1.0,1.0,0.1,1.0,1.0
CSGCN,339,0.5307212739772434,0.6666666666666666,0.2,1.0,0.5,0.5307212739772434,0.6666666666666666,0.1,1.0,0.5
CSGCN,340,1.0,1.0,0.3,1.0,1.0,1.0,1.0,0.15,1.0,1.0
CSGCN,341,1.0,1.0,0.1,1.0,1.0,1.0,1.0,0.05,1.0,1.0
CSGCN,342,1.0,1.0,0.2,1.0,1.0,1.0,1.0,0.1,1.0,1.0
CSGCN,343,0.8503449055347546,1.0,0.2,1.0,1.0,0.8503449055347546,1.0,0.1,1.0,1.0
CSGCN,344,0.5912352048230277,1.0,0.2,1.0,0.5,0.5912352048230277,1.0,0.1,1.0,0.5
CSGCN,345,0.31546487678572877,1.0,0.1,1.0,0.125,0.31546487678572877,1.0,0.05,1.0,0.125
CSGCN,346,1.0,1.0,0.1,1.0,1.0,1.0,1.0,0.05,1.0,1.0
CSGCN,347,1.0,1.0,0.2,1.0,1.0,1.0,1.0,0.1,1.0,1.0
CSGCN,348,0.5,1.0,0.1,1.0,0.3333333333333333,0.5,1.0,0.05,1.0,0.3333333333333333
CSGCN,349,1.0,1.0,0.1,1.0,1.0,1.0,1.0,0.05,1.0,1.0
CSGCN,350,0.9010126104210695,1.0,0.3,1.0,1.0,0.9010126104210695,1.0,0.15,1.0,1.0
CSGCN,351,1.0,1.0,0.2,1.0,1.0,1.0,1.0,0.1,1.0,1.0
CSGCN,352,1.0,1.0,0.2,1.0,1.0,1.0,1.0,0.1,1.0,1.0
CSGCN,353,1.0,1.0,0.1,1.0,1.0,1.0,1.0,0.05,1.0,1.0
CSGCN,354,0.7653606369886217,0.6666666666666666,0.2,1.0,1.0,0.7653606369886217,0.6666666666666666,0.1,1.0,1.0
CSGCN,355,0.0,0.0,0.0,0.0,0.0,0.0,0.0,0.0,0.0,0.0
CSGCN,356,1.0,1.0,0.2,1.0,1.0,1.0,1.0,0.1,1.0,1.0
CSGCN,357,0.0,0.0,0.0,0.0,0.0,0.227670248696953,1.0,0.05,1.0,0.05
CSGCN,358,0.8772153153380493,1.0,0.2,1.0,1.0,0.8772153153380493,1.0,0.1,1.0,1.0
CSGCN,359,1.0,1.0,0.1,1.0,1.0,1.0,1.0,0.05,1.0,1.0
CSGCN,360,0.0,0.0,0.0,0.0,0.0,0.0,0.0,0.0,0.0,0.0
CSGCN,361,0.6131471927654584,0.5,0.1,1.0,1.0,0.6131471927654584,0.5,0.05,1.0,1.0
CSGCN,362,0.6131471927654584,0.5,0.1,1.0,1.0,0.6131471927654584,0.5,0.05,1.0,1.0
CSGCN,363,0.7653606369886217,0.6666666666666666,0.2,1.0,1.0,0.7653606369886217,0.6666666666666666,0.1,1.0,1.0
CSGCN,364,1.0,1.0,0.2,1.0,1.0,1.0,1.0,0.1,1.0,1.0
CSGCN,365,1.0,1.0,0.2,1.0,1.0,1.0,1.0,0.1,1.0,1.0
CSGCN,366,0.6131471927654584,0.5,0.1,1.0,1.0,0.6131471927654584,0.5,0.05,1.0,1.0
CSGCN,367,1.0,1.0,0.1,1.0,1.0,1.0,1.0,0.05,1.0,1.0
CSGCN,368,1.0,1.0,0.4,1.0,1.0,1.0,1.0,0.2,1.0,1.0
CSGCN,369,1.0,1.0,0.2,1.0,1.0,1.0,1.0,0.1,1.0,1.0
CSGCN,370,0.8318724637288826,0.75,0.3,1.0,1.0,0.8318724637288826,0.75,0.15,1.0,1.0
CSGCN,371,1.0,1.0,0.1,1.0,1.0,1.0,1.0,0.05,1.0,1.0
CSGCN,372,1.0,1.0,0.1,1.0,1.0,1.0,1.0,0.05,1.0,1.0
CSGCN,373,0.20210734650054757,0.3333333333333333,0.1,1.0,0.25,0.43576516759473133,1.0,0.15,1.0,0.25
CSGCN,374,0.0,0.0,0.0,0.0,0.0,0.15000679310833784,0.5,0.05,1.0,0.0625
CSGCN,375,0.0,0.0,0.0,0.0,0.0,0.31898256395659413,1.0,0.1,1.0,0.08333333333333333
CSGCN,376,0.5726073975563163,1.0,0.3,1.0,0.3333333333333333,0.5726073975563163,1.0,0.15,1.0,0.3333333333333333
CSGCN,377,0.7039180890341347,0.6666666666666666,0.2,1.0,1.0,0.814390483993232,1.0,0.15,1.0,1.0
CSGCN,378,0.9197207891481876,1.0,0.2,1.0,1.0,0.9197207891481876,1.0,0.1,1.0,1.0
CSGCN,379,1.0,1.0,0.1,1.0,1.0,1.0,1.0,0.05,1.0,1.0
CSGCN,380,0.6131471927654584,0.5,0.1,1.0,1.0,0.6131471927654584,0.5,0.05,1.0,1.0
CSGCN,381,1.0,1.0,0.4,1.0,1.0,1.0,1.0,0.2,1.0,1.0
CSGCN,382,1.0,1.0,0.3,1.0,1.0,1.0,1.0,0.15,1.0,1.0
CSGCN,383,1.0,1.0,0.1,1.0,1.0,1.0,1.0,0.05,1.0,1.0
CSGCN,384,0.7653606369886217,0.6666666666666666,0.2,1.0,1.0,0.7653606369886217,0.6666666666666666,0.1,1.0,1.0
CSGCN,385,0.9674679834891693,1.0,0.3,1.0,1.0,0.9674679834891693,1.0,0.15,1.0,1.0
CSGCN,386,1.0,1.0,0.1,1.0,1.0,1.0,1.0,0.05,1.0,1.0
CSGCN,387,0.8065735963827293,1.0,0.2,1.0,1.0,0.8065735963827293,1.0,0.1,1.0,1.0
CSGCN,388,1.0,1.0,0.2,1.0,1.0,1.0,1.0,0.1,1.0,1.0
CSGCN,389,0.37590633587120725,0.6666666666666666,0.2,1.0,0.3333333333333333,0.37590633587120725,0.6666666666666666,0.1,1.0,0.3333333333333333
CSGCN,390,1.0,1.0,0.3,1.0,1.0,1.0,1.0,0.15,1.0,1.0
CSGCN,391,1.0,1.0,0.1,1.0,1.0,1.0,1.0,0.05,1.0,1.0
CSGCN,392,0.18457569677956817,0.5,0.1,1.0,0.1111111111111111,0.3502714625447977,1.0,0.1,1.0,0.1111111111111111
CSGCN,393,0.7653606369886217,0.6666666666666666,0.2,1.0,1.0,0.8758330319477191,1.0,0.15,1.0,1.0
CSGCN,394,0.9197207891481876,1.0,0.2,1.0,1.0,0.9197207891481876,1.0,0.1,1.0,1.0
CSGCN,395,0.18457569677956817,0.5,0.1,1.0,0.1111111111111111,0.18457569677956817,0.5,0.05,1.0,0.1111111111111111
CSGCN,396,0.9828920819566879,1.0,0.4,1.0,1.0,0.9828920819566879,1.0,0.2,1.0,1.0
CSGCN,397,0.49818925746641285,0.6666666666666666,0.2,1.0,0.5,0.49818925746641285,0.6666666666666666,0.1,1.0,0.5
CSGCN,398,0.38685280723454163,0.5,0.1,1.0,0.5,0.38685280723454163,0.5,0.05,1.0,0.5
CSGCN,399,1.0,1.0,0.2,1.0,1.0,1.0,1.0,0.1,1.0,1.0
CSGCN,400,0.8315546295836225,1.0,0.2,1.0,1.0,0.8315546295836225,1.0,0.1,1.0,1.0
CSGCN,401,1.0,1.0,0.3,1.0,1.0,1.0,1.0,0.15,1.0,1.0
CSGCN,402,0.7903864795495061,1.0,0.2,1.0,1.0,0.7903864795495061,1.0,0.1,1.0,1.0
CSGCN,403,0.6131471927654584,0.5,0.1,1.0,1.0,0.6131471927654584,0.5,0.05,1.0,1.0
CSGCN,404,0.7977228895450266,1.0,0.2,1.0,1.0,0.7977228895450266,1.0,0.1,1.0,1.0
CSGCN,405,0.39106560501896365,0.6666666666666666,0.2,1.0,0.3333333333333333,0.39106560501896365,0.6666666666666666,0.1,1.0,0.3333333333333333
CSGCN,406,0.9674679834891693,1.0,0.3,1.0,1.0,0.9674679834891693,1.0,0.15,1.0,1.0
CSGCN,407,1.0,1.0,0.2,1.0,1.0,1.0,1.0,0.1,1.0,1.0
CSGCN,408,0.46927872602275644,0.3333333333333333,0.1,1.0,1.0,0.7050734540109476,1.0,0.15,1.0,1.0
CSGCN,409,0.7988614740430418,1.0,0.3,1.0,1.0,0.7988614740430418,1.0,0.15,1.0,1.0
CSGCN,410,1.0,1.0,0.2,1.0,1.0,1.0,1.0,0.1,1.0,1.0
CSGCN,411,0.7653606369886217,0.6666666666666666,0.2,1.0,1.0,0.7653606369886217,0.6666666666666666,0.1,1.0,1.0
CSGCN,412,0.17723928678404774,0.5,0.1,1.0,0.1,0.17723928678404774,0.5,0.05,1.0,0.1
CSGCN,413,1.0,1.0,0.1,1.0,1.0,1.0,1.0,0.05,1.0,1.0
CSGCN,414,0.7653606369886217,0.6666666666666666,0.2,1.0,1.0,0.7653606369886217,0.6666666666666666,0.1,1.0,1.0
CSGCN,415,0.9197207891481876,1.0,0.2,1.0,1.0,0.9197207891481876,1.0,0.1,1.0,1.0
CSGCN,416,0.9010126104210695,1.0,0.3,1.0,1.0,0.9010126104210695,1.0,0.15,1.0,1.0
CSGCN,417,0.0,0.0,0.0,0.0,0.0,0.0,0.0,0.0,0.0,0.0
CSGCN,418,1.0,1.0,0.2,1.0,1.0,1.0,1.0,0.1,1.0,1.0
CSGCN,419,1.0,1.0,0.2,1.0,1.0,1.0,1.0,0.1,1.0,1.0
CSGCN,420,0.7977228895450266,1.0,0.2,1.0,1.0,0.7977228895450266,1.0,0.1,1.0,1.0
CSGCN,421,0.6508205185601091,0.6666666666666666,0.2,1.0,1.0,0.6508205185601091,0.6666666666666666,0.1,1.0,1.0
CSGCN,422,0.0,0.0,0.0,0.0,0.0,0.0,0.0,0.0,0.0,0.0
CSGCN,423,0.9197207891481876,1.0,0.2,1.0,1.0,0.9197207891481876,1.0,0.1,1.0,1.0
CSGCN,424,1.0,1.0,0.2,1.0,1.0,1.0,1.0,0.1,1.0,1.0
CSGCN,425,1.0,1.0,0.3,1.0,1.0,1.0,1.0,0.15,1.0,1.0
CSGCN,426,0.6713860725233041,0.6666666666666666,0.2,1.0,1.0,0.6713860725233041,0.6666666666666666,0.1,1.0,1.0
CSGCN,427,0.6309297535714575,1.0,0.1,1.0,0.5,0.6309297535714575,1.0,0.05,1.0,0.5
CSGCN,428,0.0,0.0,0.0,0.0,0.0,0.0,0.0,0.0,0.0,0.0
CSGCN,429,0.7653606369886217,0.6666666666666666,0.2,1.0,1.0,0.8801699317146395,1.0,0.15,1.0,1.0
CSGCN,430,0.0,0.0,0.0,0.0,0.0,0.0,0.0,0.0,0.0,0.0
CSGCN,431,0.3010299956639812,1.0,0.1,1.0,0.1111111111111111,0.3010299956639812,1.0,0.05,1.0,0.1111111111111111
CSGCN,432,0.6131471927654584,0.5,0.1,1.0,1.0,0.7550160946314525,1.0,0.1,1.0,1.0
CSGCN,433,1.0,1.0,0.2,1.0,1.0,1.0,1.0,0.1,1.0,1.0
CSGCN,434,1.0,1.0,0.1,1.0,1.0,1.0,1.0,0.05,1.0,1.0
CSGCN,435,0.8756458727267334,1.0,0.4,1.0,1.0,0.8756458727267334,1.0,0.2,1.0,1.0
CSGCN,436,0.43067655807339306,1.0,0.1,1.0,0.25,0.43067655807339306,1.0,0.05,1.0,0.25
CSGCN,437,0.8175295903539445,1.0,0.2,1.0,1.0,0.8175295903539445,1.0,0.1,1.0,1.0
CSGCN,438,0.7653606369886217,0.6666666666666666,0.2,1.0,1.0,0.7653606369886217,0.6666666666666666,0.1,1.0,1.0
CSGCN,439,1.0,1.0,0.2,1.0,1.0,1.0,1.0,0.1,1.0,1.0
CSGCN,440,1.0,1.0,0.3,1.0,1.0,1.0,1.0,0.15,1.0,1.0
CSGCN,441,1.0,1.0,0.5,1.0,1.0,1.0,1.0,0.25,1.0,1.0
CSGCN,442,1.0,1.0,0.4,1.0,1.0,1.0,1.0,0.2,1.0,1.0
CSGCN,443,0.8503449055347546,1.0,0.2,1.0,1.0,0.8503449055347546,1.0,0.1,1.0,1.0
CSGCN,444,0.2640681225725909,0.5,0.1,1.0,0.25,0.2640681225725909,0.5,0.05,1.0,0.25
CSGCN,445,1.0,1.0,0.1,1.0,1.0,1.0,1.0,0.05,1.0,1.0
CSGCN,446,0.0,0.0,0.0,0.0,0.0,0.0,0.0,0.0,0.0,0.0
CSGCN,447,0.9197207891481876,1.0,0.2,1.0,1.0,0.9197207891481876,1.0,0.1,1.0,1.0
CSGCN,448,1.0,1.0,0.2,1.0,1.0,1.0,1.0,0.1,1.0,1.0
CSGCN,449,1.0,1.0,0.3,1.0,1.0,1.0,1.0,0.15,1.0,1.0
CSGCN,450,1.0,1.0,0.2,1.0,1.0,1.0,1.0,0.1,1.0,1.0
CSGCN,451,0.46927872602275644,0.3333333333333333,0.1,1.0,1.0,0.46927872602275644,0.3333333333333333,0.05,1.0,1.0
CSGCN,452,1.0,1.0,0.1,1.0,1.0,1.0,1.0,0.05,1.0,1.0
CSGCN,453,0.0,0.0,0.0,0.0,0.0,0.24465054211822604,1.0,0.05,1.0,0.0625
CSGCN,454,0.5012658353418871,1.0,0.2,1.0,0.25,0.5012658353418871,1.0,0.1,1.0,0.25
CSGCN,455,0.6509209298071326,1.0,0.2,1.0,0.5,0.6509209298071326,1.0,0.1,1.0,0.5
CSGCN,456,0.3562071871080222,1.0,0.1,1.0,0.16666666666666666,0.3562071871080222,1.0,0.05,1.0,0.16666666666666666
CSGCN,457,0.46927872602275644,0.3333333333333333,0.1,1.0,1.0,0.46927872602275644,0.3333333333333333,0.05,1.0,1.0
CSGCN,458,0.8315546295836225,1.0,0.2,1.0,1.0,0.8315546295836225,1.0,0.1,1.0,1.0
CSGCN,459,0.21840743681816419,0.5,0.1,1.0,0.16666666666666666,0.21840743681816419,0.5,0.05,1.0,0.16666666666666666
CSGCN,460,0.9674679834891693,1.0,0.3,1.0,1.0,0.9674679834891693,1.0,0.15,1.0,1.0
CSGCN,461,1.0,1.0,0.2,1.0,1.0,1.0,1.0,0.1,1.0,1.0
CSGCN,462,1.0,1.0,0.3,1.0,1.0,1.0,1.0,0.15,1.0,1.0
CSGCN,463,1.0,1.0,0.2,1.0,1.0,1.0,1.0,0.1,1.0,1.0
CSGCN,464,0.5135312443624667,0.5,0.2,1.0,1.0,0.5135312443624667,0.5,0.1,1.0,1.0
CSGCN,465,0.8318724637288826,0.75,0.3,1.0,1.0,0.8318724637288826,0.75,0.15,1.0,1.0
CSGCN,466,0.9197207891481876,1.0,0.2,1.0,1.0,0.9197207891481876,1.0,0.1,1.0,1.0
CSGCN,467,0.6105456988825855,0.6666666666666666,0.2,1.0,1.0,0.6105456988825855,0.6666666666666666,0.1,1.0,1.0
CSGCN,468,0.7903864795495061,1.0,0.2,1.0,1.0,0.7903864795495061,1.0,0.1,1.0,1.0
CSGCN,469,1.0,1.0,0.1,1.0,1.0,1.0,1.0,0.05,1.0,1.0
CSGCN,470,0.9674679834891693,1.0,0.3,1.0,1.0,0.9674679834891693,1.0,0.15,1.0,1.0
CSGCN,471,0.18154179253735267,0.3333333333333333,0.1,1.0,0.2,0.4272530774315677,1.0,0.15,1.0,0.2
CSGCN,472,0.8772153153380493,1.0,0.2,1.0,1.0,0.8772153153380493,1.0,0.1,1.0,1.0
CSGCN,473,1.0,1.0,0.1,1.0,1.0,1.0,1.0,0.05,1.0,1.0
CSGCN,474,0.6131471927654584,0.5,0.1,1.0,1.0,0.6131471927654584,0.5,0.05,1.0,1.0
CSGCN,475,0.6508205185601091,0.6666666666666666,0.2,1.0,1.0,0.6508205185601091,0.6666666666666666,0.1,1.0,1.0
CSGCN,476,0.9217868789962071,1.0,0.3,1.0,1.0,0.9217868789962071,1.0,0.15,1.0,1.0
CSGCN,477,1.0,1.0,0.2,1.0,1.0,1.0,1.0,0.1,1.0,1.0
CSGCN,478,1.0,1.0,0.2,1.0,1.0,1.0,1.0,0.1,1.0,1.0
CSGCN,479,1.0,1.0,0.2,1.0,1.0,1.0,1.0,0.1,1.0,1.0
CSGCN,480,1.0,1.0,0.2,1.0,1.0,1.0,1.0,0.1,1.0,1.0
CSGCN,481,0.6131471927654584,0.5,0.1,1.0,1.0,0.6131471927654584,0.5,0.05,1.0,1.0
CSGCN,482,1.0,1.0,0.2,1.0,1.0,1.0,1.0,0.1,1.0,1.0
CSGCN,483,0.8315546295836225,1.0,0.2,1.0,1.0,0.8315546295836225,1.0,0.1,1.0,1.0
CSGCN,484,0.9060254355346823,1.0,0.3,1.0,1.0,0.9060254355346823,1.0,0.15,1.0,1.0
CSGCN,485,0.943473299121064,1.0,0.5,1.0,1.0,0.943473299121064,1.0,0.25,1.0,1.0
CSGCN,486,0.6131471927654584,0.5,0.1,1.0,1.0,0.6131471927654584,0.5,0.05,1.0,1.0
CSGCN,487,1.0,1.0,0.2,1.0,1.0,1.0,1.0,0.1,1.0,1.0
CSGCN,488,0.5508095940041026,1.0,0.3,1.0,0.25,0.5508095940041026,1.0,0.15,1.0,0.25
CSGCN,489,1.0,1.0,0.2,1.0,1.0,1.0,1.0,0.1,1.0,1.0
CSGCN,490,1.0,1.0,0.3,1.0,1.0,1.0,1.0,0.15,1.0,1.0
CSGCN,491,0.6131471927654584,0.5,0.1,1.0,1.0,0.6131471927654584,0.5,0.05,1.0,1.0
CSGCN,492,1.0,1.0,0.3,1.0,1.0,1.0,1.0,0.15,1.0,1.0
CSGCN,493,0.6131471927654584,0.5,0.1,1.0,1.0,0.6131471927654584,0.5,0.05,1.0,1.0
CSGCN,494,0.6131471927654584,0.5,0.1,1.0,1.0,0.6131471927654584,0.5,0.05,1.0,1.0
CSGCN,495,1.0,1.0,0.1,1.0,1.0,1.0,1.0,0.05,1.0,1.0
CSGCN,496,0.6713860725233041,0.6666666666666666,0.2,1.0,1.0,0.6713860725233041,0.6666666666666666,0.1,1.0,1.0
CSGCN,497,0.6131471927654584,0.5,0.1,1.0,1.0,0.6131471927654584,0.5,0.05,1.0,1.0
CSGCN,498,0.6131471927654584,0.5,0.1,1.0,1.0,0.778842958530688,1.0,0.1,1.0,1.0
CSGCN,499,0.7903864795495061,1.0,0.2,1.0,1.0,0.7903864795495061,1.0,0.1,1.0,1.0
ASLGCN,0,1.0,1.0,0.1,1.0,1.0,1.0,1.0,0.05,1.0,1.0
ASLGCN,1,1.0,1.0,0.1,1.0,1.0,1.0,1.0,0.05,1.0,1.0
ASLGCN,2,0.3562071871080222,1.0,0.1,1.0,0.16666666666666666,0.3562071871080222,1.0,0.05,1.0,0.16666666666666666
ASLGCN,3,1.0,1.0,0.1,1.0,1.0,1.0,1.0,0.05,1.0,1.0
ASLGCN,4,0.6309297535714575,1.0,0.1,1.0,0.5,0.6309297535714575,1.0,0.05,1.0,0.5
ASLGCN,5,1.0,1.0,0.1,1.0,1.0,1.0,1.0,0.05,1.0,1.0
ASLGCN,6,1.0,1.0,0.1,1.0,1.0,1.0,1.0,0.05,1.0,1.0
ASLGCN,7,1.0,1.0,0.1,1.0,1.0,1.0,1.0,0.05,1.0,1.0
ASLGCN,8,1.0,1.0,0.1,1.0,1.0,1.0,1.0,0.05,1.0,1.0
ASLGCN,9,1.0,1.0,0.1,1.0,1.0,1.0,1.0,0.05,1.0,1.0
ASLGCN,10,1.0,1.0,0.1,1.0,1.0,1.0,1.0,0.05,1.0,1.0
ASLGCN,11,1.0,1.0,0.1,1.0,1.0,1.0,1.0,0.05,1.0,1.0
ASLGCN,12,1.0,1.0,0.1,1.0,1.0,1.0,1.0,0.05,1.0,1.0
ASLGCN,13,1.0,1.0,0.1,1.0,1.0,1.0,1.0,0.05,1.0,1.0
ASLGCN,14,1.0,1.0,0.1,1.0,1.0,1.0,1.0,0.05,1.0,1.0
ASLGCN,15,1.0,1.0,0.1,1.0,1.0,1.0,1.0,0.05,1.0,1.0
ASLGCN,16,0.0,0.0,0.0,0.0,0.0,0.27023815442731974,1.0,0.05,1.0,0.08333333333333333
ASLGCN,17,1.0,1.0,0.1,1.0,1.0,1.0,1.0,0.05,1.0,1.0
ASLGCN,18,0.0,0.0,0.0,0.0,0.0,0.23137821315975915,1.0,0.05,1.0,0.05263157894736842
ASLGCN,19,1.0,1.0,0.1,1.0,1.0,1.0,1.0,0.05,1.0,1.0
ASLGCN,20,1.0,1.0,0.1,1.0,1.0,1.0,1.0,0.05,1.0,1.0
ASLGCN,21,0.6309297535714575,1.0,0.1,1.0,0.5,0.6309297535714575,1.0,0.05,1.0,0.5
ASLGCN,22,1.0,1.0,0.1,1.0,1.0,1.0,1.0,0.05,1.0,1.0
ASLGCN,23,1.0,1.0,0.1,1.0,1.0,1.0,1.0,0.05,1.0,1.0
ASLGCN,24,1.0,1.0,0.1,1.0,1.0,1.0,1.0,0.05,1.0,1.0
ASLGCN,25,1.0,1.0,0.1,1.0,1.0,1.0,1.0,0.05,1.0,1.0
ASLGCN,26,1.0,1.0,0.1,1.0,1.0,1.0,1.0,0.05,1.0,1.0
ASLGCN,27,0.0,0.0,0.0,0.0,0.0,0.23981246656813146,1.0,0.05,1.0,0.058823529411764705
ASLGCN,28,1.0,1.0,0.1,1.0,1.0,1.0,1.0,0.05,1.0,1.0
ASLGCN,29,0.0,0.0,0.0,0.0,0.0,0.0,0.0,0.0,0.0,0.0
ASLGCN,30,1.0,1.0,0.1,1.0,1.0,1.0,1.0,0.05,1.0,1.0
ASLGCN,31,0.0,0.0,0.0,0.0,0.0,0.0,0.0,0.0,0.0,0.0
ASLGCN,32,1.0,1.0,0.1,1.0,1.0,1.0,1.0,0.05,1.0,1.0
ASLGCN,33,1.0,1.0,0.1,1.0,1.0,1.0,1.0,0.05,1.0,1.0
ASLGCN,34,0.0,0.0,0.0,0.0,0.0,0.0,0.0,0.0,0.0,0.0
ASLGCN,35,1.0,1.0,0.1,1.0,1.0,1.0,1.0,0.05,1.0,1.0
ASLGCN,36,1.0,1.0,0.1,1.0,1.0,1.0,1.0,0.05,1.0,1.0
ASLGCN,37,1.0,1.0,0.1,1.0,1.0,1.0,1.0,0.05,1.0,1.0
ASLGCN,38,1.0,1.0,0.1,1.0,1.0,1.0,1.0,0.05,1.0,1.0
ASLGCN,39,1.0,1.0,0.1,1.0,1.0,1.0,1.0,0.05,1.0,1.0
ASLGCN,40,1.0,1.0,0.1,1.0,1.0,1.0,1.0,0.05,1.0,1.0
ASLGCN,41,1.0,1.0,0.1,1.0,1.0,1.0,1.0,0.05,1.0,1.0
ASLGCN,42,0.0,0.0,0.0,0.0,0.0,0.27023815442731974,1.0,0.05,1.0,0.08333333333333333
ASLGCN,43,1.0,1.0,0.1,1.0,1.0,1.0,1.0,0.05,1.0,1.0
ASLGCN,44,1.0,1.0,0.1,1.0,1.0,1.0,1.0,0.05,1.0,1.0
ASLGCN,45,1.0,1.0,0.1,1.0,1.0,1.0,1.0,0.05,1.0,1.0
ASLGCN,46,0.3010299956639812,1.0,0.1,1.0,0.1111111111111111,0.3010299956639812,1.0,0.05,1.0,0.1111111111111111
ASLGCN,47,1.0,1.0,0.1,1.0,1.0,1.0,1.0,0.05,1.0,1.0
ASLGCN,48,0.0,0.0,0.0,0.0,0.0,0.0,0.0,0.0,0.0,0.0
ASLGCN,49,0.6309297535714575,1.0,0.1,1.0,0.5,0.6309297535714575,1.0,0.05,1.0,0.5
ASLGCN,50,1.0,1.0,0.1,1.0,1.0,1.0,1.0,0.05,1.0,1.0
ASLGCN,51,1.0,1.0,0.1,1.0,1.0,1.0,1.0,0.05,1.0,1.0
ASLGCN,52,1.0,1.0,0.1,1.0,1.0,1.0,1.0,0.05,1.0,1.0
ASLGCN,53,1.0,1.0,0.1,1.0,1.0,1.0,1.0,0.05,1.0,1.0
ASLGCN,54,0.6309297535714575,1.0,0.1,1.0,0.5,0.6309297535714575,1.0,0.05,1.0,0.5
ASLGCN,55,1.0,1.0,0.1,1.0,1.0,1.0,1.0,0.05,1.0,1.0
ASLGCN,56,1.0,1.0,0.1,1.0,1.0,1.0,1.0,0.05,1.0,1.0
ASLGCN,57,1.0,1.0,0.1,1.0,1.0,1.0,1.0,0.05,1.0,1.0
ASLGCN,58,1.0,1.0,0.1,1.0,1.0,1.0,1.0,0.05,1.0,1.0
ASLGCN,59,0.43067655807339306,1.0,0.1,1.0,0.25,0.43067655807339306,1.0,0.05,1.0,0.25
ASLGCN,60,1.0,1.0,0.1,1.0,1.0,1.0,1.0,0.05,1.0,1.0
ASLGCN,61,1.0,1.0,0.1,1.0,1.0,1.0,1.0,0.05,1.0,1.0
ASLGCN,62,1.0,1.0,0.1,1.0,1.0,1.0,1.0,0.05,1.0,1.0
ASLGCN,63,1.0,1.0,0.1,1.0,1.0,1.0,1.0,0.05,1.0,1.0
ASLGCN,64,1.0,1.0,0.1,1.0,1.0,1.0,1.0,0.05,1.0,1.0
ASLGCN,65,0.6309297535714575,1.0,0.1,1.0,0.5,0.6309297535714575,1.0,0.05,1.0,0.5
ASLGCN,66,1.0,1.0,0.1,1.0,1.0,1.0,1.0,0.05,1.0,1.0
ASLGCN,67,1.0,1.0,0.1,1.0,1.0,1.0,1.0,0.05,1.0,1.0
ASLGCN,68,0.5,1.0,0.1,1.0,0.3333333333333333,0.5,1.0,0.05,1.0,0.3333333333333333
ASLGCN,69,0.6309297535714575,1.0,0.1,1.0,0.5,0.6309297535714575,1.0,0.05,1.0,0.5
ASLGCN,70,1.0,1.0,0.1,1.0,1.0,1.0,1.0,0.05,1.0,1.0
ASLGCN,71,1.0,1.0,0.1,1.0,1.0,1.0,1.0,0.05,1.0,1.0
ASLGCN,72,1.0,1.0,0.1,1.0,1.0,1.0,1.0,0.05,1.0,1.0
ASLGCN,73,1.0,1.0,0.1,1.0,1.0,1.0,1.0,0.05,1.0,1.0
ASLGCN,74,1.0,1.0,0.1,1.0,1.0,1.0,1.0,0.05,1.0,1.0
ASLGCN,75,1.0,1.0,0.1,1.0,1.0,1.0,1.0,0.05,1.0,1.0
ASLGCN,76,0.38685280723454163,1.0,0.1,1.0,0.2,0.38685280723454163,1.0,0.05,1.0,0.2
ASLGCN,77,0.6309297535714575,1.0,0.1,1.0,0.5,0.6309297535714575,1.0,0.05,1.0,0.5
ASLGCN,78,1.0,1.0,0.1,1.0,1.0,1.0,1.0,0.05,1.0,1.0
ASLGCN,79,0.6309297535714575,1.0,0.1,1.0,0.5,0.6309297535714575,1.0,0.05,1.0,0.5
ASLGCN,80,1.0,1.0,0.1,1.0,1.0,1.0,1.0,0.05,1.0,1.0
ASLGCN,81,1.0,1.0,0.2,1.0,1.0,1.0,1.0,0.1,1.0,1.0
ASLGCN,82,1.0,1.0,0.1,1.0,1.0,1.0,1.0,0.05,1.0,1.0
ASLGCN,83,1.0,1.0,0.1,1.0,1.0,1.0,1.0,0.05,1.0,1.0
ASLGCN,84,1.0,1.0,0.1,1.0,1.0,1.0,1.0,0.05,1.0,1.0
ASLGCN,85,1.0,1.0,0.1,1.0,1.0,1.0,1.0,0.05,1.0,1.0
ASLGCN,86,1.0,1.0,0.1,1.0,1.0,1.0,1.0,0.05,1.0,1.0
ASLGCN,87,1.0,1.0,0.1,1.0,1.0,1.0,1.0,0.05,1.0,1.0
ASLGCN,88,0.38685280723454163,1.0,0.1,1.0,0.2,0.38685280723454163,1.0,0.05,1.0,0.2
ASLGCN,89,1.0,1.0,0.1,1.0,1.0,1.0,1.0,0.05,1.0,1.0
ASLGCN,90,1.0,1.0,0.1,1.0,1.0,1.0,1.0,0.05,1.0,1.0
ASLGCN,91,0.0,0.0,0.0,0.0,0.0,0.0,0.0,0.0,0.0,0.0
ASLGCN,92,1.0,1.0,0.1,1.0,1.0,1.0,1.0,0.05,1.0,1.0
ASLGCN,93,0.5,1.0,0.1,1.0,0.3333333333333333,0.5,1.0,0.05,1.0,0.3333333333333333
ASLGCN,94,1.0,1.0,0.1,1.0,1.0,1.0,1.0,0.05,1.0,1.0
ASLGCN,95,1.0,1.0,0.1,1.0,1.0,1.0,1.0,0.05,1.0,1.0
ASLGCN,96,1.0,1.0,0.1,1.0,1.0,1.0,1.0,0.05,1.0,1.0
ASLGCN,97,0.6131471927654584,0.5,0.1,1.0,1.0,0.6131471927654584,0.5,0.05,1.0,1.0
ASLGCN,98,0.17723928678404774,0.5,0.1,1.0,0.1,0.17723928678404774,0.5,0.05,1.0,0.1
ASLGCN,99,1.0,1.0,0.1,1.0,1.0,1.0,1.0,0.05,1.0,1.0
ASLGCN,100,0.0,0.0,0.0,0.0,0.0,0.27023815442731974,1.0,0.05,1.0,0.08333333333333333
ASLGCN,101,1.0,1.0,0.1,1.0,1.0,1.0,1.0,0.05,1.0,1.0
ASLGCN,102,1.0,1.0,0.1,1.0,1.0,1.0,1.0,0.05,1.0,1.0
ASLGCN,103,1.0,1.0,0.1,1.0,1.0,1.0,1.0,0.05,1.0,1.0
ASLGCN,104,0.3562071871080222,1.0,0.1,1.0,0.16666666666666666,0.3562071871080222,1.0,0.05,1.0,0.16666666666666666
ASLGCN,105,0.0,0.0,0.0,0.0,0.0,0.23540891336663824,1.0,0.05,1.0,0.05555555555555555
ASLGCN,106,0.0,0.0,0.0,0.0,0.0,0.0,0.0,0.0,0.0,0.0
ASLGCN,107,1.0,1.0,0.1,1.0,1.0,1.0,1.0,0.05,1.0,1.0
ASLGCN,108,1.0,1.0,0.1,1.0,1.0,1.0,1.0,0.05,1.0,1.0
ASLGCN,109,1.0,1.0,0.1,1.0,1.0,1.0,1.0,0.05,1.0,1.0
ASLGCN,110,1.0,1.0,0.1,1.0,1.0,1.0,1.0,0.05,1.0,1.0
ASLGCN,111,1.0,1.0,0.2,1.0,1.0,1.0,1.0,0.1,1.0,1.0
ASLGCN,112,1.0,1.0,0.1,1.0,1.0,1.0,1.0,0.05,1.0,1.0
ASLGCN,113,0.43067655807339306,1.0,0.1,1.0,0.25,0.43067655807339306,1.0,0.05,1.0,0.25
ASLGCN,114,1.0,1.0,0.1,1.0,1.0,1.0,1.0,0.05,1.0,1.0
ASLGCN,115,1.0,1.0,0.1,1.0,1.0,1.0,1.0,0.05,1.0,1.0
ASLGCN,116,1.0,1.0,0.1,1.0,1.0,1.0,1.0,0.05,1.0,1.0
ASLGCN,117,0.5,1.0,0.1,1.0,0.3333333333333333,0.5,1.0,0.05,1.0,0.3333333333333333
ASLGCN,118,1.0,1.0,0.1,1.0,1.0,1.0,1.0,0.05,1.0,1.0
ASLGCN,119,1.0,1.0,0.1,1.0,1.0,1.0,1.0,0.05,1.0,1.0
ASLGCN,120,1.0,1.0,0.1,1.0,1.0,1.0,1.0,0.05,1.0,1.0
ASLGCN,121,0.0,0.0,0.0,0.0,0.0,0.27894294565112987,1.0,0.05,1.0,0.09090909090909091
ASLGCN,122,1.0,1.0,0.1,1.0,1.0,1.0,1.0,0.05,1.0,1.0
ASLGCN,123,1.0,1.0,0.1,1.0,1.0,1.0,1.0,0.05,1.0,1.0
ASLGCN,124,1.0,1.0,0.1,1.0,1.0,1.0,1.0,0.05,1.0,1.0
ASLGCN,125,1.0,1.0,0.1,1.0,1.0,1.0,1.0,0.05,1.0,1.0
ASLGCN,126,1.0,1.0,0.1,1.0,1.0,1.0,1.0,0.05,1.0,1.0
ASLGCN,127,0.0,0.0,0.0,0.0,0.0,0.0,0.0,0.0,0.0,0.0
ASLGCN,128,1.0,1.0,0.1,1.0,1.0,1.0,1.0,0.05,1.0,1.0
ASLGCN,129,1.0,1.0,0.2,1.0,1.0,1.0,1.0,0.1,1.0,1.0
ASLGCN,130,1.0,1.0,0.1,1.0,1.0,1.0,1.0,0.05,1.0,1.0
ASLGCN,131,1.0,1.0,0.1,1.0,1.0,1.0,1.0,0.05,1.0,1.0
ASLGCN,132,0.0,0.0,0.0,0.0,0.0,0.227670248696953,1.0,0.05,1.0,0.05
ASLGCN,133,1.0,1.0,0.1,1.0,1.0,1.0,1.0,0.05,1.0,1.0
ASLGCN,134,0.31546487678572877,1.0,0.1,1.0,0.125,0.31546487678572877,1.0,0.05,1.0,0.125
ASLGCN,135,0.0,0.0,0.0,0.0,0.0,0.0,0.0,0.0,0.0,0.0
ASLGCN,136,1.0,1.0,0.1,1.0,1.0,1.0,1.0,0.05,1.0,1.0
ASLGCN,137,0.6509209298071326,1.0,0.2,1.0,0.5,0.6509209298071326,1.0,0.1,1.0,0.5
ASLGCN,138,1.0,1.0,0.1,1.0,1.0,1.0,1.0,0.05,1.0,1.0
ASLGCN,139,1.0,1.0,0.2,1.0,1.0,1.0,1.0,0.1,1.0,1.0
ASLGCN,140,1.0,1.0,0.1,1.0,1.0,1.0,1.0,0.05,1.0,1.0
ASLGCN,141,1.0,1.0,0.2,1.0,1.0,1.0,1.0,0.1,1.0,1.0
ASLGCN,142,0.38685280723454163,1.0,0.1,1.0,0.2,0.38685280723454163,1.0,0.05,1.0,0.2
ASLGCN,143,0.0,0.0,0.0,0.0,0.0,0.0,0.0,0.0,0.0,0.0
ASLGCN,144,1.0,1.0,0.1,1.0,1.0,1.0,1.0,0.05,1.0,1.0
ASLGCN,145,1.0,1.0,0.1,1.0,1.0,1.0,1.0,0.05,1.0,1.0
ASLGCN,146,0.0,0.0,0.0,0.0,0.0,0.25,1.0,0.05,1.0,0.06666666666666667
ASLGCN,147,0.0,0.0,0.0,0.0,0.0,0.25,1.0,0.05,1.0,0.06666666666666667
ASLGCN,148,0.5,1.0,0.1,1.0,0.3333333333333333,0.5,1.0,0.05,1.0,0.3333333333333333
ASLGCN,149,0.2890648263178879,1.0,0.1,1.0,0.1,0.2890648263178879,1.0,0.05,1.0,0.1
ASLGCN,150,1.0,1.0,0.1,1.0,1.0,1.0,1.0,0.05,1.0,1.0
ASLGCN,151,1.0,1.0,0.1,1.0,1.0,1.0,1.0,0.05,1.0,1.0
ASLGCN,152,1.0,1.0,0.1,1.0,1.0,1.0,1.0,0.05,1.0,1.0
ASLGCN,153,1.0,1.0,0.1,1.0,1.0,1.0,1.0,0.05,1.0,1.0
ASLGCN,154,1.0,1.0,0.1,1.0,1.0,1.0,1.0,0.05,1.0,1.0
ASLGCN,155,0.8503449055347546,1.0,0.2,1.0,1.0,0.8503449055347546,1.0,0.1,1.0,1.0
ASLGCN,156,0.6309297535714575,1.0,0.1,1.0,0.5,0.6309297535714575,1.0,0.05,1.0,0.5
ASLGCN,157,1.0,1.0,0.1,1.0,1.0,1.0,1.0,0.05,1.0,1.0
ASLGCN,158,1.0,1.0,0.1,1.0,1.0,1.0,1.0,0.05,1.0,1.0
ASLGCN,159,0.0,0.0,0.0,0.0,0.0,0.0,0.0,0.0,0.0,0.0
ASLGCN,160,1.0,1.0,0.1,1.0,1.0,1.0,1.0,0.05,1.0,1.0
ASLGCN,161,1.0,1.0,0.1,1.0,1.0,1.0,1.0,0.05,1.0,1.0
ASLGCN,162,0.45560514958746035,1.0,0.2,1.0,0.2,0.45560514958746035,1.0,0.1,1.0,0.2
ASLGCN,163,1.0,1.0,0.1,1.0,1.0,1.0,1.0,0.05,1.0,1.0
ASLGCN,164,0.6309297535714575,1.0,0.1,1.0,0.5,0.6309297535714575,1.0,0.05,1.0,0.5
ASLGCN,165,0.0,0.0,0.0,0.0,0.0,0.0,0.0,0.0,0.0,0.0
ASLGCN,166,1.0,1.0,0.1,1.0,1.0,1.0,1.0,0.05,1.0,1.0
ASLGCN,167,1.0,1.0,0.1,1.0,1.0,1.0,1.0,0.05,1.0,1.0
ASLGCN,168,0.5,1.0,0.1,1.0,0.3333333333333333,0.5,1.0,0.05,1.0,0.3333333333333333
ASLGCN,169,1.0,1.0,0.1,1.0,1.0,1.0,1.0,0.05,1.0,1.0
ASLGCN,170,1.0,1.0,0.1,1.0,1.0,1.0,1.0,0.05,1.0,1.0
ASLGCN,171,1.0,1.0,0.1,1.0,1.0,1.0,1.0,0.05,1.0,1.0
ASLGCN,172,0.6309297535714575,1.0,0.1,1.0,0.5,0.6309297535714575,1.0,0.05,1.0,0.5
ASLGCN,173,1.0,1.0,0.1,1.0,1.0,1.0,1.0,0.05,1.0,1.0
ASLGCN,174,1.0,1.0,0.1,1.0,1.0,1.0,1.0,0.05,1.0,1.0
ASLGCN,175,1.0,1.0,0.1,1.0,1.0,1.0,1.0,0.05,1.0,1.0
ASLGCN,176,1.0,1.0,0.1,1.0,1.0,1.0,1.0,0.05,1.0,1.0
ASLGCN,177,0.5,1.0,0.1,1.0,0.3333333333333333,0.5,1.0,0.05,1.0,0.3333333333333333
ASLGCN,178,1.0,1.0,0.1,1.0,1.0,1.0,1.0,0.05,1.0,1.0
ASLGCN,179,0.23463936301137822,0.3333333333333333,0.1,1.0,0.3333333333333333,0.23463936301137822,0.3333333333333333,0.05,1.0,0.3333333333333333
ASLGCN,180,1.0,1.0,0.1,1.0,1.0,1.0,1.0,0.05,1.0,1.0
ASLGCN,181,1.0,1.0,0.2,1.0,1.0,1.0,1.0,0.1,1.0,1.0
ASLGCN,182,0.3562071871080222,1.0,0.1,1.0,0.16666666666666666,0.3562071871080222,1.0,0.05,1.0,0.16666666666666666
ASLGCN,183,1.0,1.0,0.1,1.0,1.0,1.0,1.0,0.05,1.0,1.0
ASLGCN,184,0.0,0.0,0.0,0.0,0.0,0.0,0.0,0.0,0.0,0.0
ASLGCN,185,1.0,1.0,0.1,1.0,1.0,1.0,1.0,0.05,1.0,1.0
ASLGCN,186,0.5,1.0,0.1,1.0,0.3333333333333333,0.5,1.0,0.05,1.0,0.3333333333333333
ASLGCN,187,0.0,0.0,0.0,0.0,0.0,0.27023815442731974,1.0,0.05,1.0,0.08333333333333333
ASLGCN,188,0.0,0.0,0.0,0.0,0.0,0.0,0.0,0.0,0.0,0.0
ASLGCN,189,0.3010299956639812,1.0,0.1,1.0,0.1111111111111111,0.3010299956639812,1.0,0.05,1.0,0.1111111111111111
ASLGCN,190,0.0,0.0,0.0,0.0,0.0,0.0,0.0,0.0,0.0,0.0
ASLGCN,191,0.9197207891481876,1.0,0.2,1.0,1.0,0.9197207891481876,1.0,0.1,1.0,1.0
ASLGCN,192,0.0,0.0,0.0,0.0,0.0,0.23981246656813146,1.0,0.05,1.0,0.058823529411764705
ASLGCN,193,1.0,1.0,0.1,1.0,1.0,1.0,1.0,0.05,1.0,1.0
ASLGCN,194,1.0,1.0,0.1,1.0,1.0,1.0,1.0,0.05,1.0,1.0
ASLGCN,195,1.0,1.0,0.1,1.0,1.0,1.0,1.0,0.05,1.0,1.0
ASLGCN,196,0.75369761125927,0.75,0.3,1.0,1.0,0.84402304967966,1.0,0.2,1.0,1.0
ASLGCN,197,1.0,1.0,0.1,1.0,1.0,1.0,1.0,0.05,1.0,1.0
ASLGCN,198,0.6131471927654584,0.5,0.1,1.0,1.0,0.6131471927654584,0.5,0.05,1.0,1.0
ASLGCN,199,1.0,1.0,0.2,1.0,1.0,1.0,1.0,0.1,1.0,1.0
ASLGCN,200,1.0,1.0,0.1,1.0,1.0,1.0,1.0,0.05,1.0,1.0
ASLGCN,201,1.0,1.0,0.1,1.0,1.0,1.0,1.0,0.05,1.0,1.0
ASLGCN,202,1.0,1.0,0.2,1.0,1.0,1.0,1.0,0.1,1.0,1.0
ASLGCN,203,0.3065735963827292,0.5,0.1,1.0,0.3333333333333333,0.3065735963827292,0.5,0.05,1.0,0.3333333333333333
ASLGCN,204,1.0,1.0,0.2,1.0,1.0,1.0,1.0,0.1,1.0,1.0
ASLGCN,205,1.0,1.0,0.2,1.0,1.0,1.0,1.0,0.1,1.0,1.0
ASLGCN,206,0.0,0.0,0.0,0.0,0.0,0.0,0.0,0.0,0.0,0.0
ASLGCN,207,1.0,1.0,0.1,1.0,1.0,1.0,1.0,0.05,1.0,1.0
ASLGCN,208,1.0,1.0,0.1,1.0,1.0,1.0,1.0,0.05,1.0,1.0
ASLGCN,209,1.0,1.0,0.1,1.0,1.0,1.0,1.0,0.05,1.0,1.0
ASLGCN,210,0.19342640361727081,0.5,0.1,1.0,0.125,0.19342640361727081,0.5,0.05,1.0,0.125
ASLGCN,211,1.0,1.0,0.1,1.0,1.0,1.0,1.0,0.05,1.0,1.0
ASLGCN,212,0.7903864795495061,1.0,0.2,1.0,1.0,0.7903864795495061,1.0,0.1,1.0,1.0
ASLGCN,213,1.0,1.0,0.1,1.0,1.0,1.0,1.0,0.05,1.0,1.0
ASLGCN,214,0.2960819109658652,0.3333333333333333,0.1,1.0,0.5,0.2960819109658652,0.3333333333333333,0.05,1.0,0.5
ASLGCN,215,1.0,1.0,0.1,1.0,1.0,1.0,1.0,0.05,1.0,1.0
ASLGCN,216,1.0,1.0,0.1,1.0,1.0,1.0,1.0,0.05,1.0,1.0
ASLGCN,217,0.6713860725233041,0.6666666666666666,0.2,1.0,1.0,0.7946419117160276,1.0,0.15,1.0,1.0
ASLGCN,218,0.43067655807339306,1.0,0.1,1.0,0.25,0.43067655807339306,1.0,0.05,1.0,0.25
ASLGCN,219,1.0,1.0,0.1,1.0,1.0,1.0,1.0,0.05,1.0,1.0
ASLGCN,220,0.0,0.0,0.0,0.0,0.0,0.27894294565112987,1.0,0.05,1.0,0.09090909090909091
ASLGCN,221,1.0,1.0,0.1,1.0,1.0,1.0,1.0,0.05,1.0,1.0
ASLGCN,222,1.0,1.0,0.2,1.0,1.0,1.0,1.0,0.1,1.0,1.0
ASLGCN,223,0.6131471927654584,0.5,0.1,1.0,1.0,0.7841802768331765,1.0,0.1,1.0,1.0
ASLGCN,224,1.0,1.0,0.3,1.0,1.0,1.0,1.0,0.15,1.0,1.0
ASLGCN,225,1.0,1.0,0.1,1.0,1.0,1.0,1.0,0.05,1.0,1.0
ASLGCN,226,1.0,1.0,0.1,1.0,1.0,1.0,1.0,0.05,1.0,1.0
ASLGCN,227,0.9010126104210695,1.0,0.3,1.0,1.0,0.9010126104210695,1.0,0.15,1.0,1.0
ASLGCN,228,0.0,0.0,0.0,0.0,0.0,0.0,0.0,0.0,0.0,0.0
ASLGCN,229,0.0,0.0,0.0,0.0,0.0,0.0,0.0,0.0,0.0,0.0
ASLGCN,230,1.0,1.0,0.1,1.0,1.0,1.0,1.0,0.05,1.0,1.0
ASLGCN,231,1.0,1.0,0.1,1.0,1.0,1.0,1.0,0.05,1.0,1.0
ASLGCN,232,0.8175295903539445,1.0,0.2,1.0,1.0,0.8175295903539445,1.0,0.1,1.0,1.0
ASLGCN,233,1.0,1.0,0.1,1.0,1.0,1.0,1.0,0.05,1.0,1.0
ASLGCN,234,0.38685280723454163,0.5,0.1,1.0,0.5,0.38685280723454163,0.5,0.05,1.0,0.5
ASLGCN,235,1.0,1.0,0.1,1.0,1.0,1.0,1.0,0.05,1.0,1.0
ASLGCN,236,1.0,1.0,0.1,1.0,1.0,1.0,1.0,0.05,1.0,1.0
ASLGCN,237,1.0,1.0,0.1,1.0,1.0,1.0,1.0,0.05,1.0,1.0
ASLGCN,238,0.8065735963827293,1.0,0.2,1.0,1.0,0.8065735963827293,1.0,0.1,1.0,1.0
ASLGCN,239,0.0,0.0,0.0,0.0,0.0,0.23137821315975915,1.0,0.05,1.0,0.05263157894736842
ASLGCN,240,0.6131471927654584,0.5,0.1,1.0,1.0,0.7741900178546666,1.0,0.1,1.0,1.0
ASLGCN,241,1.0,1.0,0.1,1.0,1.0,1.0,1.0,0.05,1.0,1.0
ASLGCN,242,1.0,1.0,0.1,1.0,1.0,1.0,1.0,0.05,1.0,1.0
ASLGCN,243,0.6131471927654584,0.5,0.1,1.0,1.0,0.7550160946314525,1.0,0.1,1.0,1.0
ASLGCN,244,1.0,1.0,0.2,1.0,1.0,1.0,1.0,0.1,1.0,1.0
ASLGCN,245,0.0,0.0,0.0,0.0,0.0,0.23981246656813146,1.0,0.05,1.0,0.058823529411764705
ASLGCN,246,0.8854598815714874,1.0,0.3,1.0,1.0,0.8854598815714874,1.0,0.15,1.0,1.0
ASLGCN,247,1.0,1.0,0.1,1.0,1.0,1.0,1.0,0.05,1.0,1.0
ASLGCN,248,0.48247555939075504,1.0,0.2,1.0,0.25,0.48247555939075504,1.0,0.1,1.0,0.25
ASLGCN,249,1.0,1.0,0.1,1.0,1.0,1.0,1.0,0.05,1.0,1.0
ASLGCN,250,1.0,1.0,0.2,1.0,1.0,1.0,1.0,0.1,1.0,1.0
ASLGCN,251,0.46927872602275644,0.3333333333333333,0.1,1.0,1.0,0.46927872602275644,0.3333333333333333,0.05,1.0,1.0
ASLGCN,252,0.8315546295836225,1.0,0.2,1.0,1.0,0.8315546295836225,1.0,0.1,1.0,1.0
ASLGCN,253,1.0,1.0,0.1,1.0,1.0,1.0,1.0,0.05,1.0,1.0
ASLGCN,254,1.0,1.0,0.1,1.0,1.0,1.0,1.0,0.05,1.0,1.0
ASLGCN,255,0.3065735963827292,0.5,0.1,1.0,0.3333333333333333,0.456580389491067,1.0,0.1,1.0,0.3333333333333333
ASLGCN,256,1.0,1.0,0.1,1.0,1.0,1.0,1.0,0.05,1.0,1.0
ASLGCN,257,0.6131471927654584,0.5,0.1,1.0,1.0,0.7601875334318685,1.0,0.1,1.0,1.0
ASLGCN,258,1.0,1.0,0.2,1.0,1.0,1.0,1.0,0.1,1.0,1.0
ASLGCN,259,1.0,1.0,0.1,1.0,1.0,1.0,1.0,0.05,1.0,1.0
ASLGCN,260,1.0,1.0,0.1,1.0,1.0,1.0,1.0,0.05,1.0,1.0
ASLGCN,261,0.38685280723454163,1.0,0.1,1.0,0.2,0.38685280723454163,1.0,0.05,1.0,0.2
ASLGCN,262,0.9197207891481876,1.0,0.2,1.0,1.0,0.9197207891481876,1.0,0.1,1.0,1.0
ASLGCN,263,1.0,1.0,0.1,1.0,1.0,1.0,1.0,0.05,1.0,1.0
ASLGCN,264,1.0,1.0,0.2,1.0,1.0,1.0,1.0,0.1,1.0,1.0
ASLGCN,265,1.0,1.0,0.4,1.0,1.0,1.0,1.0,0.2,1.0,1.0
ASLGCN,266,1.0,1.0,0.1,1.0,1.0,1.0,1.0,0.05,1.0,1.0
ASLGCN,267,1.0,1.0,0.1,1.0,1.0,1.0,1.0,0.05,1.0,1.0
ASLGCN,268,0.0,0.0,0.0,0.0,0.0,0.0,0.0,0.0,0.0,0.0
ASLGCN,269,0.6131471927654584,0.5,0.1,1.0,1.0,0.6131471927654584,0.5,0.05,1.0,1.0
ASLGCN,270,1.0,1.0,0.2,1.0,1.0,1.0,1.0,0.1,1.0,1.0
ASLGCN,271,0.8315546295836225,1.0,0.2,1.0,1.0,0.8315546295836225,1.0,0.1,1.0,1.0
ASLGCN,272,0.9197207891481876,1.0,0.2,1.0,1.0,0.9197207891481876,1.0,0.1,1.0,1.0
ASLGCN,273,1.0,1.0,0.1,1.0,1.0,1.0,1.0,0.05,1.0,1.0
ASLGCN,274,0.38685280723454163,0.5,0.1,1.0,0.5,0.38685280723454163,0.5,0.05,1.0,0.5
ASLGCN,275,1.0,1.0,0.2,1.0,1.0,1.0,1.0,0.1,1.0,1.0
ASLGCN,276,0.9197207891481876,1.0,0.2,1.0,1.0,0.9197207891481876,1.0,0.1,1.0,1.0
ASLGCN,277,0.5105347743265789,1.0,0.3,1.0,0.25,0.5105347743265789,1.0,0.15,1.0,0.25
ASLGCN,278,1.0,1.0,0.2,1.0,1.0,1.0,1.0,0.1,1.0,1.0
ASLGCN,279,0.7653606369886217,0.6666666666666666,0.2,1.0,1.0,0.8758330319477191,1.0,0.15,1.0,1.0
ASLGCN,280,0.8772153153380493,1.0,0.2,1.0,1.0,0.8772153153380493,1.0,0.1,1.0,1.0
ASLGCN,281,1.0,1.0,0.1,1.0,1.0,1.0,1.0,0.05,1.0,1.0
ASLGCN,282,1.0,1.0,0.1,1.0,1.0,1.0,1.0,0.05,1.0,1.0
ASLGCN,283,1.0,1.0,0.3,1.0,1.0,1.0,1.0,0.15,1.0,1.0
ASLGCN,284,1.0,1.0,0.2,1.0,1.0,1.0,1.0,0.1,1.0,1.0
ASLGCN,285,1.0,1.0,0.2,1.0,1.0,1.0,1.0,0.1,1.0,1.0
ASLGCN,286,1.0,1.0,0.1,1.0,1.0,1.0,1.0,0.05,1.0,1.0
ASLGCN,287,1.0,1.0,0.3,1.0,1.0,1.0,1.0,0.15,1.0,1.0
ASLGCN,288,1.0,1.0,0.2,1.0,1.0,1.0,1.0,0.1,1.0,1.0
ASLGCN,289,0.8175295903539445,1.0,0.2,1.0,1.0,0.8175295903539445,1.0,0.1,1.0,1.0
ASLGCN,290,0.8065735963827293,1.0,0.2,1.0,1.0,0.8065735963827293,1.0,0.1,1.0,1.0
ASLGCN,291,0.7653606369886217,0.6666666666666666,0.2,1.0,1.0,0.885476292786673,1.0,0.15,1.0,1.0
ASLGCN,292,1.0,1.0,0.2,1.0,1.0,1.0,1.0,0.1,1.0,1.0
ASLGCN,293,1.0,1.0,0.1,1.0,1.0,1.0,1.0,0.05,1.0,1.0
ASLGCN,294,1.0,1.0,0.2,1.0,1.0,1.0,1.0,0.1,1.0,1.0
ASLGCN,295,1.0,1.0,0.1,1.0,1.0,1.0,1.0,0.05,1.0,1.0
ASLGCN,296,1.0,1.0,0.2,1.0,1.0,1.0,1.0,0.1,1.0,1.0
ASLGCN,297,0.8503449055347546,1.0,0.2,1.0,1.0,0.8503449055347546,1.0,0.1,1.0,1.0
ASLGCN,298,0.6131471927654584,0.5,0.1,1.0,1.0,0.6131471927654584,0.5,0.05,1.0,1.0
ASLGCN,299,1.0,1.0,0.3,1.0,1.0,1.0,1.0,0.15,1.0,1.0
ASLGCN,300,0.38685280723454163,0.5,0.1,1.0,0.5,0.5368596003428795,1.0,0.1,1.0,0.5
ASLGCN,301,1.0,1.0,0.1,1.0,1.0,1.0,1.0,0.05,1.0,1.0
ASLGCN,302,1.0,1.0,0.3,1.0,1.0,1.0,1.0,0.15,1.0,1.0
ASLGCN,303,1.0,1.0,0.2,1.0,1.0,1.0,1.0,0.1,1.0,1.0
ASLGCN,304,0.6309297535714575,1.0,0.1,1.0,0.5,0.6309297535714575,1.0,0.05,1.0,0.5
ASLGCN,305,0.0,0.0,0.0,0.0,0.0,0.2559580248098155,1.0,0.05,1.0,0.07142857142857142
ASLGCN,306,1.0,1.0,0.2,1.0,1.0,1.0,1.0,0.1,1.0,1.0
ASLGCN,307,0.3562071871080222,1.0,0.1,1.0,0.16666666666666666,0.3562071871080222,1.0,0.05,1.0,0.16666666666666666
ASLGCN,308,0.8772153153380493,1.0,0.2,1.0,1.0,0.8772153153380493,1.0,0.1,1.0,1.0
ASLGCN,309,0.5,1.0,0.2,1.0,0.3333333333333333,0.5,1.0,0.1,1.0,0.3333333333333333
ASLGCN,310,1.0,1.0,0.3,1.0,1.0,1.0,1.0,0.15,1.0,1.0
ASLGCN,311,1.0,1.0,0.2,1.0,1.0,1.0,1.0,0.1,1.0,1.0
ASLGCN,312,1.0,1.0,0.1,1.0,1.0,1.0,1.0,0.05,1.0,1.0
ASLGCN,313,0.5,1.0,0.1,1.0,0.3333333333333333,0.5,1.0,0.05,1.0,0.3333333333333333
ASLGCN,314,1.0,1.0,0.1,1.0,1.0,1.0,1.0,0.05,1.0,1.0
ASLGCN,315,1.0,1.0,0.2,1.0,1.0,1.0,1.0,0.1,1.0,1.0
ASLGCN,316,0.0,0.0,0.0,0.0,0.0,0.1710330840677181,0.5,0.05,1.0,0.09090909090909091
ASLGCN,317,0.9674679834891693,1.0,0.3,1.0,1.0,0.9674679834891693,1.0,0.15,1.0,1.0
ASLGCN,318,0.9197207891481876,1.0,0.2,1.0,1.0,0.9197207891481876,1.0,0.1,1.0,1.0
ASLGCN,319,1.0,1.0,0.1,1.0,1.0,1.0,1.0,0.05,1.0,1.0
ASLGCN,320,1.0,1.0,0.2,1.0,1.0,1.0,1.0,0.1,1.0,1.0
ASLGCN,321,0.0,0.0,0.0,0.0,0.0,0.0,0.0,0.0,0.0,0.0
ASLGCN,322,1.0,1.0,0.2,1.0,1.0,1.0,1.0,0.1,1.0,1.0
ASLGCN,323,1.0,1.0,0.3,1.0,1.0,1.0,1.0,0.15,1.0,1.0
ASLGCN,324,0.7653606369886217,0.6666666666666666,0.2,1.0,1.0,0.7653606369886217,0.6666666666666666,0.1,1.0,1.0
ASLGCN,325,1.0,1.0,0.2,1.0,1.0,1.0,1.0,0.1,1.0,1.0
ASLGCN,326,0.0,0.0,0.0,0.0,0.0,0.0,0.0,0.0,0.0,0.0
ASLGCN,327,0.6131471927654584,0.5,0.1,1.0,1.0,0.778842958530688,1.0,0.1,1.0,1.0
ASLGCN,328,1.0,1.0,0.1,1.0,1.0,1.0,1.0,0.05,1.0,1.0
ASLGCN,329,1.0,1.0,0.2,1.0,1.0,1.0,1.0,0.1,1.0,1.0
ASLGCN,330,0.6309297535714575,1.0,0.1,1.0,0.5,0.6309297535714575,1.0,0.05,1.0,0.5
ASLGCN,331,1.0,1.0,0.3,1.0,1.0,1.0,1.0,0.15,1.0,1.0
ASLGCN,332,0.6052602440527057,1.0,0.2,1.0,0.5,0.6052602440527057,1.0,0.1,1.0,0.5
ASLGCN,333,1.0,1.0,0.3,1.0,1.0,1.0,1.0,0.15,1.0,1.0
ASLGCN,334,0.6131471927654584,0.5,0.1,1.0,1.0,0.7527425666302089,1.0,0.1,1.0,1.0
ASLGCN,335,0.38685280723454163,0.5,0.1,1.0,0.5,0.38685280723454163,0.5,0.05,1.0,0.5
ASLGCN,336,1.0,1.0,0.2,1.0,1.0,1.0,1.0,0.1,1.0,1.0
ASLGCN,337,0.6509209298071326,1.0,0.2,1.0,0.5,0.6509209298071326,1.0,0.1,1.0,0.5
ASLGCN,338,0.6131471927654584,0.5,0.1,1.0,1.0,0.6131471927654584,0.5,0.05,1.0,1.0
ASLGCN,339,0.9217868789962071,1.0,0.3,1.0,1.0,0.9217868789962071,1.0,0.15,1.0,1.0
ASLGCN,340,0.7653606369886217,0.6666666666666666,0.2,1.0,1.0,0.7653606369886217,0.6666666666666666,0.1,1.0,1.0
ASLGCN,341,1.0,1.0,0.1,1.0,1.0,1.0,1.0,0.05,1.0,1.0
ASLGCN,342,0.7903864795495061,1.0,0.2,1.0,1.0,0.7903864795495061,1.0,0.1,1.0,1.0
ASLGCN,343,0.6131471927654584,0.5,0.1,1.0,1.0,0.6131471927654584,0.5,0.05,1.0,1.0
ASLGCN,344,0.6131471927654584,0.5,0.1,1.0,1.0,0.6131471927654584,0.5,0.05,1.0,1.0
ASLGCN,345,0.43067655807339306,1.0,0.1,1.0,0.25,0.43067655807339306,1.0,0.05,1.0,0.25
ASLGCN,346,0.0,0.0,0.0,0.0,0.0,0.0,0.0,0.0,0.0,0.0
ASLGCN,347,1.0,1.0,0.2,1.0,1.0,1.0,1.0,0.1,1.0,1.0
ASLGCN,348,0.0,0.0,0.0,0.0,0.0,0.0,0.0,0.0,0.0,0.0
ASLGCN,349,1.0,1.0,0.1,1.0,1.0,1.0,1.0,0.05,1.0,1.0
ASLGCN,350,0.7653606369886217,0.6666666666666666,0.2,1.0,1.0,0.7653606369886217,0.6666666666666666,0.1,1.0,1.0
ASLGCN,351,0.8315546295836225,1.0,0.2,1.0,1.0,0.8315546295836225,1.0,0.1,1.0,1.0
ASLGCN,352,1.0,1.0,0.2,1.0,1.0,1.0,1.0,0.1,1.0,1.0
ASLGCN,353,1.0,1.0,0.1,1.0,1.0,1.0,1.0,0.05,1.0,1.0
ASLGCN,354,1.0,1.0,0.3,1.0,1.0,1.0,1.0,0.15,1.0,1.0
ASLGCN,355,0.38685280723454163,1.0,0.1,1.0,0.2,0.38685280723454163,1.0,0.05,1.0,0.2
ASLGCN,356,1.0,1.0,0.2,1.0,1.0,1.0,1.0,0.1,1.0,1.0
ASLGCN,357,0.0,0.0,0.0,0.0,0.0,0.0,0.0,0.0,0.0,0.0
ASLGCN,358,0.38685280723454163,0.5,0.1,1.0,0.5,0.38685280723454163,0.5,0.05,1.0,0.5
ASLGCN,359,1.0,1.0,0.1,1.0,1.0,1.0,1.0,0.05,1.0,1.0
ASLGCN,360,0.0,0.0,0.0,0.0,0.0,0.27023815442731974,1.0,0.05,1.0,0.08333333333333333
ASLGCN,361,0.9197207891481876,1.0,0.2,1.0,1.0,0.9197207891481876,1.0,0.1,1.0,1.0
ASLGCN,362,0.6131471927654584,0.5,0.1,1.0,1.0,0.6131471927654584,0.5,0.05,1.0,1.0
ASLGCN,363,0.7653606369886217,0.6666666666666666,0.2,1.0,1.0,0.7653606369886217,0.6666666666666666,0.1,1.0,1.0
ASLGCN,364,0.3065735963827292,0.5,0.1,1.0,0.3333333333333333,0.3065735963827292,0.5,0.05,1.0,0.3333333333333333
ASLGCN,365,0.8503449055347546,1.0,0.2,1.0,1.0,0.8503449055347546,1.0,0.1,1.0,1.0
ASLGCN,366,0.6131471927654584,0.5,0.1,1.0,1.0,0.6131471927654584,0.5,0.05,1.0,1.0
ASLGCN,367,0.0,0.0,0.0,0.0,0.0,0.0,0.0,0.0,0.0,0.0
ASLGCN,368,0.8318724637288826,0.75,0.3,1.0,1.0,0.9294674762269081,1.0,0.2,1.0,1.0
ASLGCN,369,1.0,1.0,0.2,1.0,1.0,1.0,1.0,0.1,1.0,1.0
ASLGCN,370,0.3903800499921017,0.25,0.1,1.0,1.0,0.59138232508992,0.75,0.15,1.0,1.0
ASLGCN,371,1.0,1.0,0.1,1.0,1.0,1.0,1.0,0.05,1.0,1.0
ASLGCN,372,0.38685280723454163,1.0,0.1,1.0,0.2,0.38685280723454163,1.0,0.05,1.0,0.2
ASLGCN,373,0.8278123145308894,1.0,0.3,1.0,1.0,0.8278123145308894,1.0,0.15,1.0,1.0
ASLGCN,374,1.0,1.0,0.2,1.0,1.0,1.0,1.0,0.1,1.0,1.0
ASLGCN,375,1.0,1.0,0.2,1.0,1.0,1.0,1.0,0.1,1.0,1.0
ASLGCN,376,0.46927872602275644,0.3333333333333333,0.1,1.0,1.0,0.6001807161909536,0.6666666666666666,0.1,1.0,1.0
ASLGCN,377,1.0,1.0,0.3,1.0,1.0,1.0,1.0,0.15,1.0,1.0
ASLGCN,378,0.6131471927654584,0.5,0.1,1.0,1.0,0.6131471927654584,0.5,0.05,1.0,1.0
ASLGCN,379,1.0,1.0,0.1,1.0,1.0,1.0,1.0,0.05,1.0,1.0
ASLGCN,380,0.3065735963827292,0.5,0.1,1.0,0.3333333333333333,0.3065735963827292,0.5,0.05,1.0,0.3333333333333333
ASLGCN,381,0.5585075862632192,0.5,0.2,1.0,1.0,0.7476322798135234,1.0,0.2,1.0,1.0
ASLGCN,382,0.8529278650606567,1.0,0.3,1.0,1.0,0.8529278650606567,1.0,0.15,1.0,1.0
ASLGCN,383,0.0,0.0,0.0,0.0,0.0,0.0,0.0,0.0,0.0,0.0
ASLGCN,384,0.0,0.0,0.0,0.0,0.0,0.11047239495909743,0.3333333333333333,0.05,1.0,0.05555555555555555
ASLGCN,385,0.8278123145308894,1.0,0.3,1.0,1.0,0.8278123145308894,1.0,0.15,1.0,1.0
ASLGCN,386,1.0,1.0,0.1,1.0,1.0,1.0,1.0,0.05,1.0,1.0
ASLGCN,387,0.6131471927654584,0.5,0.1,1.0,1.0,0.6131471927654584,0.5,0.05,1.0,1.0
ASLGCN,388,0.6131471927654584,0.5,0.1,1.0,1.0,0.7841802768331765,1.0,0.1,1.0,1.0
ASLGCN,389,1.0,1.0,0.3,1.0,1.0,1.0,1.0,0.15,1.0,1.0
ASLGCN,390,0.7653606369886217,0.6666666666666666,0.2,1.0,1.0,0.8758330319477191,1.0,0.15,1.0,1.0
ASLGCN,391,0.0,0.0,0.0,0.0,0.0,0.24465054211822604,1.0,0.05,1.0,0.0625
ASLGCN,392,0.6509209298071326,1.0,0.2,1.0,0.5,0.6509209298071326,1.0,0.1,1.0,0.5
ASLGCN,393,0.7653606369886217,0.6666666666666666,0.2,1.0,1.0,0.7653606369886217,0.6666666666666666,0.1,1.0,1.0
ASLGCN,394,1.0,1.0,0.2,1.0,1.0,1.0,1.0,0.1,1.0,1.0
ASLGCN,395,1.0,1.0,0.2,1.0,1.0,1.0,1.0,0.1,1.0,1.0
ASLGCN,396,0.49344424459786884,0.75,0.3,1.0,0.3333333333333333,0.49344424459786884,0.75,0.15,1.0,0.3333333333333333
ASLGCN,397,0.0,0.0,0.0,0.0,0.0,0.0,0.0,0.0,0.0,0.0
ASLGCN,398,0.37800210039683896,1.0,0.2,1.0,0.125,0.37800210039683896,1.0,0.1,1.0,0.125
ASLGCN,399,0.6131471927654584,0.5,0.1,1.0,1.0,0.6131471927654584,0.5,0.05,1.0,1.0
ASLGCN,400,1.0,1.0,0.2,1.0,1.0,1.0,1.0,0.1,1.0,1.0
ASLGCN,401,0.7653606369886217,0.6666666666666666,0.2,1.0,1.0,0.7653606369886217,0.6666666666666666,0.1,1.0,1.0
ASLGCN,402,1.0,1.0,0.2,1.0,1.0,1.0,1.0,0.1,1.0,1.0
ASLGCN,403,0.8065735963827293,1.0,0.2,1.0,1.0,0.8065735963827293,1.0,0.1,1.0,1.0
ASLGCN,404,1.0,1.0,0.2,1.0,1.0,1.0,1.0,0.1,1.0,1.0
ASLGCN,405,0.9674679834891693,1.0,0.3,1.0,1.0,0.9674679834891693,1.0,0.15,1.0,1.0
ASLGCN,406,0.8395700624665824,1.0,0.3,1.0,1.0,0.8395700624665824,1.0,0.15,1.0,1.0
ASLGCN,407,1.0,1.0,0.2,1.0,1.0,1.0,1.0,0.1,1.0,1.0
ASLGCN,408,1.0,1.0,0.3,1.0,1.0,1.0,1.0,0.15,1.0,1.0
ASLGCN,409,0.9060254355346823,1.0,0.3,1.0,1.0,0.9060254355346823,1.0,0.15,1.0,1.0
ASLGCN,410,0.8503449055347546,1.0,0.2,1.0,1.0,0.8503449055347546,1.0,0.1,1.0,1.0
ASLGCN,411,1.0,1.0,0.3,1.0,1.0,1.0,1.0,0.15,1.0,1.0
ASLGCN,412,0.6131471927654584,0.5,0.1,1.0,1.0,0.6131471927654584,0.5,0.05,1.0,1.0
ASLGCN,413,1.0,1.0,0.1,1.0,1.0,1.0,1.0,0.05,1.0,1.0
ASLGCN,414,0.7653606369886217,0.6666666666666666,0.2,1.0,1.0,0.7653606369886217,0.6666666666666666,0.1,1.0,1.0
ASLGCN,415,1.0,1.0,0.2,1.0,1.0,1.0,1.0,0.1,1.0,1.0
ASLGCN,416,1.0,1.0,0.3,1.0,1.0,1.0,1.0,0.15,1.0,1.0
ASLGCN,417,1.0,1.0,0.1,1.0,1.0,1.0,1.0,0.05,1.0,1.0
ASLGCN,418,1.0,1.0,0.2,1.0,1.0,1.0,1.0,0.1,1.0,1.0
ASLGCN,419,0.430624116386567,1.0,0.2,1.0,0.2,0.430624116386567,1.0,0.1,1.0,0.2
ASLGCN,420,0.9197207891481876,1.0,0.2,1.0,1.0,0.9197207891481876,1.0,0.1,1.0,1.0
ASLGCN,421,0.6508205185601091,0.6666666666666666,0.2,1.0,1.0,0.7709361743581604,1.0,0.15,1.0,1.0
ASLGCN,422,1.0,1.0,0.2,1.0,1.0,1.0,1.0,0.1,1.0,1.0
ASLGCN,423,1.0,1.0,0.2,1.0,1.0,1.0,1.0,0.1,1.0,1.0
ASLGCN,424,1.0,1.0,0.2,1.0,1.0,1.0,1.0,0.1,1.0,1.0
ASLGCN,425,0.8854598815714874,1.0,0.3,1.0,1.0,0.8854598815714874,1.0,0.15,1.0,1.0
ASLGCN,426,0.20210734650054757,0.3333333333333333,0.1,1.0,0.25,0.20210734650054757,0.3333333333333333,0.05,1.0,0.25
ASLGCN,427,0.6309297535714575,1.0,0.1,1.0,0.5,0.6309297535714575,1.0,0.05,1.0,0.5
ASLGCN,428,1.0,1.0,0.1,1.0,1.0,1.0,1.0,0.05,1.0,1.0
ASLGCN,429,1.0,1.0,0.3,1.0,1.0,1.0,1.0,0.15,1.0,1.0
ASLGCN,430,0.38685280723454163,0.5,0.1,1.0,0.5,0.38685280723454163,0.5,0.05,1.0,0.5
ASLGCN,431,0.3010299956639812,1.0,0.1,1.0,0.1111111111111111,0.3010299956639812,1.0,0.05,1.0,0.1111111111111111
ASLGCN,432,0.6131471927654584,0.5,0.1,1.0,1.0,0.7841802768331765,1.0,0.1,1.0,1.0
ASLGCN,433,1.0,1.0,0.2,1.0,1.0,1.0,1.0,0.1,1.0,1.0
ASLGCN,434,0.6309297535714575,1.0,0.1,1.0,0.5,0.6309297535714575,1.0,0.05,1.0,0.5
ASLGCN,435,0.6366824387328317,0.5,0.2,1.0,1.0,0.7321891295955396,0.75,0.15,1.0,1.0
ASLGCN,436,0.43067655807339306,1.0,0.1,1.0,0.25,0.43067655807339306,1.0,0.05,1.0,0.25
ASLGCN,437,0.6131471927654584,0.5,0.1,1.0,1.0,0.6131471927654584,0.5,0.05,1.0,1.0
ASLGCN,438,1.0,1.0,0.3,1.0,1.0,1.0,1.0,0.15,1.0,1.0
ASLGCN,439,1.0,1.0,0.2,1.0,1.0,1.0,1.0,0.1,1.0,1.0
ASLGCN,440,0.6049306994552042,0.6666666666666666,0.2,1.0,1.0,0.6049306994552042,0.6666666666666666,0.1,1.0,1.0
ASLGCN,441,0.5669646403403741,0.6,0.3,1.0,1.0,0.658618668268707,0.8,0.2,1.0,1.0
ASLGCN,442,0.787702056960637,0.75,0.3,1.0,1.0,0.8965958180288691,1.0,0.2,1.0,1.0
ASLGCN,443,1.0,1.0,0.2,1.0,1.0,1.0,1.0,0.1,1.0,1.0
ASLGCN,444,0.6131471927654584,0.5,0.1,1.0,1.0,0.6131471927654584,0.5,0.05,1.0,1.0
ASLGCN,445,1.0,1.0,0.1,1.0,1.0,1.0,1.0,0.05,1.0,1.0
ASLGCN,446,1.0,1.0,0.1,1.0,1.0,1.0,1.0,0.05,1.0,1.0
ASLGCN,447,0.7977228895450266,1.0,0.2,1.0,1.0,0.7977228895450266,1.0,0.1,1.0,1.0
ASLGCN,448,0.8772153153380493,1.0,0.2,1.0,1.0,0.8772153153380493,1.0,0.1,1.0,1.0
ASLGCN,449,1.0,1.0,0.3,1.0,1.0,1.0,1.0,0.15,1.0,1.0
ASLGCN,450,0.9197207891481876,1.0,0.2,1.0,1.0,0.9197207891481876,1.0,0.1,1.0,1.0
ASLGCN,451,1.0,1.0,0.3,1.0,1.0,1.0,1.0,0.15,1.0,1.0
ASLGCN,452,0.6309297535714575,1.0,0.1,1.0,0.5,0.6309297535714575,1.0,0.05,1.0,0.5
ASLGCN,453,1.0,1.0,0.1,1.0,1.0,1.0,1.0,0.05,1.0,1.0
ASLGCN,454,1.0,1.0,0.2,1.0,1.0,1.0,1.0,0.1,1.0,1.0
ASLGCN,455,0.0,0.0,0.0,0.0,0.0,0.1395953738647505,0.5,0.05,1.0,0.05
ASLGCN,456,1.0,1.0,0.1,1.0,1.0,1.0,1.0,0.05,1.0,1.0
ASLGCN,457,1.0,1.0,0.3,1.0,1.0,1.0,1.0,0.15,1.0,1.0
ASLGCN,458,1.0,1.0,0.2,1.0,1.0,1.0,1.0,0.1,1.0,1.0
ASLGCN,459,1.0,1.0,0.2,1.0,1.0,1.0,1.0,0.1,1.0,1.0
ASLGCN,460,0.9325210919548239,1.0,0.3,1.0,1.0,0.9325210919548239,1.0,0.15,1.0,1.0
ASLGCN,461,1.0,1.0,0.2,1.0,1.0,1.0,1.0,0.1,1.0,1.0
ASLGCN,462,1.0,1.0,0.3,1.0,1.0,1.0,1.0,0.15,1.0,1.0
ASLGCN,463,0.8503449055347546,1.0,0.2,1.0,1.0,0.8503449055347546,1.0,0.1,1.0,1.0
ASLGCN,464,0.3191471544989227,0.5,0.2,1.0,0.25,0.42464273873403313,0.75,0.15,1.0,0.25
ASLGCN,465,0.7757386182436072,0.75,0.3,1.0,1.0,0.864616541311638,1.0,0.2,1.0,1.0
ASLGCN,466,0.7903864795495061,1.0,0.2,1.0,1.0,0.7903864795495061,1.0,0.1,1.0,1.0
ASLGCN,467,1.0,1.0,0.3,1.0,1.0,1.0,1.0,0.15,1.0,1.0
ASLGCN,468,1.0,1.0,0.2,1.0,1.0,1.0,1.0,0.1,1.0,1.0
ASLGCN,469,0.2890648263178879,1.0,0.1,1.0,0.1,0.2890648263178879,1.0,0.05,1.0,0.1
ASLGCN,470,0.558226059985166,1.0,0.3,1.0,0.3333333333333333,0.558226059985166,1.0,0.15,1.0,0.3333333333333333
ASLGCN,471,0.7653606369886217,0.6666666666666666,0.2,1.0,1.0,0.7653606369886217,0.6666666666666666,0.1,1.0,1.0
ASLGCN,472,0.6131471927654584,0.5,0.1,1.0,1.0,0.6131471927654584,0.5,0.05,1.0,1.0
ASLGCN,473,1.0,1.0,0.1,1.0,1.0,1.0,1.0,0.05,1.0,1.0
ASLGCN,474,1.0,1.0,0.2,1.0,1.0,1.0,1.0,0.1,1.0,1.0
ASLGCN,475,0.9217868789962071,1.0,0.3,1.0,1.0,0.9217868789962071,1.0,0.15,1.0,1.0
ASLGCN,476,0.7039180890341347,0.6666666666666666,0.2,1.0,1.0,0.7039180890341347,0.6666666666666666,0.1,1.0,1.0
ASLGCN,477,0.3065735963827292,0.5,0.1,1.0,0.3333333333333333,0.44616897024747965,1.0,0.1,1.0,0.3333333333333333
ASLGCN,478,0.8772153153380493,1.0,0.2,1.0,1.0,0.8772153153380493,1.0,0.1,1.0,1.0
ASLGCN,479,1.0,1.0,0.2,1.0,1.0,1.0,1.0,0.1,1.0,1.0
ASLGCN,480,1.0,1.0,0.2,1.0,1.0,1.0,1.0,0.1,1.0,1.0
ASLGCN,481,0.8772153153380493,1.0,0.2,1.0,1.0,0.8772153153380493,1.0,0.1,1.0,1.0
ASLGCN,482,0.6131471927654584,0.5,0.1,1.0,1.0,0.6131471927654584,0.5,0.05,1.0,1.0
ASLGCN,483,0.8315546295836225,1.0,0.2,1.0,1.0,0.8315546295836225,1.0,0.1,1.0,1.0
ASLGCN,484,0.7653606369886217,0.6666666666666666,0.2,1.0,1.0,0.7653606369886217,0.6666666666666666,0.1,1.0,1.0
ASLGCN,485,0.9896062251871525,1.0,0.5,1.0,1.0,0.9896062251871525,1.0,0.25,1.0,1.0
ASLGCN,486,0.5109559939712153,1.0,0.2,1.0,0.3333333333333333,0.5109559939712153,1.0,0.1,1.0,0.3333333333333333
ASLGCN,487,1.0,1.0,0.2,1.0,1.0,1.0,1.0,0.1,1.0,1.0
ASLGCN,488,1.0,1.0,0.3,1.0,1.0,1.0,1.0,0.15,1.0,1.0
ASLGCN,489,1.0,1.0,0.2,1.0,1.0,1.0,1.0,0.1,1.0,1.0
ASLGCN,490,0.7039180890341347,0.6666666666666666,0.2,1.0,1.0,0.8348200792023318,1.0,0.15,1.0,1.0
ASLGCN,491,0.3065735963827292,0.5,0.1,1.0,0.3333333333333333,0.3065735963827292,0.5,0.05,1.0,0.3333333333333333
ASLGCN,492,1.0,1.0,0.3,1.0,1.0,1.0,1.0,0.15,1.0,1.0
ASLGCN,493,0.9197207891481876,1.0,0.2,1.0,1.0,0.9197207891481876,1.0,0.1,1.0,1.0
ASLGCN,494,0.6131471927654584,0.5,0.1,1.0,1.0,0.6131471927654584,0.5,0.05,1.0,1.0
ASLGCN,495,1.0,1.0,0.1,1.0,1.0,1.0,1.0,0.05,1.0,1.0
ASLGCN,496,1.0,1.0,0.3,1.0,1.0,1.0,1.0,0.15,1.0,1.0
ASLGCN,497,0.8315546295836225,1.0,0.2,1.0,1.0,0.8315546295836225,1.0,0.1,1.0,1.0
ASLGCN,498,1.0,1.0,0.2,1.0,1.0,1.0,1.0,0.1,1.0,1.0
ASLGCN,499,0.18457569677956817,0.5,0.1,1.0,0.1111111111111111,0.18457569677956817,0.5,0.05,1.0,0.1111111111111111
